<!DOCTYPE CHATLOG SYSTEM 'chatlog.dtd'>
<CHATLOG>
<PREDATOR>
<FIRSTNAME>Chris</FIRSTNAME>
<LASTNAME>Waldron</LASTNAME>
<STATEDNAME>Chris</STATEDNAME>
<STATEDAGE>19</STATEDAGE>
<AGE>38</AGE>
<GENDER>Male</GENDER>
<RACE>White</RACE>
<CITY>Appleton</CITY>
<STATE>WI</STATE>
<REPEATOFFENDER>false</REPEATOFFENDER>
<ADMITGUILT>false</ADMITGUILT>
<TRUTHFULNAME>true</TRUTHFULNAME>
<SCREENNAME>
<USERNAME>aticloose</USERNAME>
<HOST></HOST>
</SCREENNAME>
</PREDATOR>
<VICTIM>
<FIRSTNAME>Monterey</FIRSTNAME>
<LASTNAME>Jack</LASTNAME>
<STATEDNAME>Jerri</STATEDNAME>
<STATEDAGE>14</STATEDAGE>
<GENDER>Female</GENDER>
<RACE></RACE>
<CITY>Menomonee Falls</CITY>
<STATE>WI</STATE>
<PREVIOUSVICTIMIZATION>false</PREVIOUSVICTIMIZATION>
<ADMITGUILT>true</ADMITGUILT>
<SCREENNAME>
<USERNAME>jerri_lee_ann</USERNAME>
<HOST></HOST>
</SCREENNAME>
</VICTIM>
<CODINGVERSION>
<NAME>aticloose.elkilmer.coded.txt</NAME>
<CODER>elkilmer</CODER>
</CODINGVERSION>
<CODINGVERSION>
<NAME>aticloose.almcbride2.coded.txt</NAME>
<CODER>almcbride</CODER>
</CODINGVERSION>
<CODINGVERSION>
<NAME>aticloose.rokress.both.coded.txt</NAME>
<CODER>rokress</CODER>
</CODINGVERSION>
<POST>
<USERNAME>aticloose</USERNAME>
<DATETIME></DATETIME>
<BODY>:-)</BODY>
<COMMENT></COMMENT>
<CODING>
<VERSION>aticloose.almcbride2.coded.txt</VERSION>
<CATEGORY></CATEGORY>
<TONE>6</TONE>
</CODING>
<CODING>
<VERSION>aticloose.rokress.both.coded.txt</VERSION>
<CATEGORY></CATEGORY>
<TONE>6</TONE>
</CODING>
</POST>
<POST>
<USERNAME>aticloose</USERNAME>
<DATETIME></DATETIME>
<BODY>hi</BODY>
<COMMENT></COMMENT>
</POST>
<POST>
<USERNAME>jerri_lee_ann</USERNAME>
<DATETIME>(10:59:22 pm)</DATETIME>
<BODY>hi</BODY>
<COMMENT></COMMENT>
</POST>
<POST>
<USERNAME>jerri_lee_ann</USERNAME>
<DATETIME>(10:59:24 pm)</DATETIME>
<BODY>asl</BODY>
<COMMENT></COMMENT>
</POST>
<POST>
<USERNAME>aticloose</USERNAME>
<DATETIME>(10:59:40 pm)</DATETIME>
<BODY>19 m fox valley</BODY>
<COMMENT>(19? i don't think so)</COMMENT>
<CODING>
<VERSION>aticloose.elkilmer.coded.txt</VERSION>
<CATEGORY>200</CATEGORY>
<TONE>3</TONE>
</CODING>
<CODING>
<VERSION>aticloose.almcbride2.coded.txt</VERSION>
<CATEGORY>200</CATEGORY>
<TONE>3</TONE>
</CODING>
<CODING>
<VERSION>aticloose.rokress.both.coded.txt</VERSION>
<CATEGORY>200</CATEGORY>
<TONE>3</TONE>
</CODING>
</POST>
<POST>
<USERNAME>jerri_lee_ann</USERNAME>
<DATETIME>(11:00:04 pm)</DATETIME>
<BODY>14 f wi</BODY>
<COMMENT>(he has been told)</COMMENT>
</POST>
<POST>
<USERNAME>aticloose</USERNAME>
<DATETIME>(11:00:36 pm)</DATETIME>
<BODY>do u want me to cum?</BODY>
<COMMENT>(not really)</COMMENT>
<CODING>
<VERSION>aticloose.elkilmer.coded.txt</VERSION>
<CATEGORY>600</CATEGORY>
<TONE>2</TONE>
</CODING>
<CODING>
<VERSION>aticloose.almcbride2.coded.txt</VERSION>
<CATEGORY>600</CATEGORY>
<TONE>2</TONE>
</CODING>
<CODING>
<VERSION>aticloose.rokress.both.coded.txt</VERSION>
<CATEGORY>600</CATEGORY>
<TONE>2</TONE>
</CODING>
</POST>
<POST>
<USERNAME>jerri_lee_ann</USERNAME>
<DATETIME>(11:01:03 pm)</DATETIME>
<BODY>y u askin me</BODY>
<COMMENT></COMMENT>
</POST>
<POST>
<USERNAME>aticloose</USERNAME>
<DATETIME>(11:01:20 pm)</DATETIME>
<BODY>cause your watchin my cam</BODY>
<COMMENT>(we have a camera for you perv)</COMMENT>
<CODING>
<VERSION>aticloose.elkilmer.coded.txt</VERSION>
<CATEGORY>600</CATEGORY>
<TONE>3</TONE>
</CODING>
</POST>
<POST>
<USERNAME>jerri_lee_ann</USERNAME>
<DATETIME>(11:02:26 pm)</DATETIME>
<BODY>thats big</BODY>
<COMMENT>(but there's something crawling in there)</COMMENT>
</POST>
<POST>
<USERNAME>aticloose</USERNAME>
<DATETIME>(11:02:33 pm)</DATETIME>
<BODY>ty</BODY>
<COMMENT>(as if he had something to do with how his penis is constructed.)</COMMENT>
</POST>
<POST>
<USERNAME>aticloose</USERNAME>
<DATETIME>(11:03:28 pm)</DATETIME>
<BODY>so where in wi are u</BODY>
<COMMENT></COMMENT>
<CODING>
<VERSION>aticloose.elkilmer.coded.txt</VERSION>
<CATEGORY>200</CATEGORY>
<TONE>2</TONE>
</CODING>
<CODING>
<VERSION>aticloose.almcbride2.coded.txt</VERSION>
<CATEGORY>200</CATEGORY>
<TONE>2</TONE>
</CODING>
<CODING>
<VERSION>aticloose.rokress.both.coded.txt</VERSION>
<CATEGORY>200</CATEGORY>
<TONE>2</TONE>
</CODING>
</POST>
<POST>
<USERNAME>jerri_lee_ann</USERNAME>
<DATETIME>(11:03:42 pm)</DATETIME>
<BODY>the falls</BODY>
<COMMENT></COMMENT>
</POST>
<POST>
<USERNAME>jerri_lee_ann</USERNAME>
<DATETIME>(11:03:45 pm)</DATETIME>
<BODY>where r u</BODY>
<COMMENT></COMMENT>
</POST>
<POST>
<USERNAME>aticloose</USERNAME>
<DATETIME>(11:04:16 pm)</DATETIME>
<BODY>near appleton</BODY>
<COMMENT></COMMENT>
<CODING>
<VERSION>aticloose.elkilmer.coded.txt</VERSION>
<CATEGORY>200</CATEGORY>
<TONE>3</TONE>
</CODING>
<CODING>
<VERSION>aticloose.almcbride2.coded.txt</VERSION>
<CATEGORY>200</CATEGORY>
<TONE>3</TONE>
</CODING>
<CODING>
<VERSION>aticloose.rokress.both.coded.txt</VERSION>
<CATEGORY>200</CATEGORY>
<TONE>3</TONE>
</CODING>
</POST>
<POST>
<USERNAME>jerri_lee_ann</USERNAME>
<DATETIME>(11:04:32 pm)</DATETIME>
<BODY>how far is that</BODY>
<COMMENT></COMMENT>
</POST>
<POST>
<USERNAME>aticloose</USERNAME>
<DATETIME>(11:04:46 pm)</DATETIME>
<BODY>what falls are u by</BODY>
<COMMENT></COMMENT>
<CODING>
<VERSION>aticloose.elkilmer.coded.txt</VERSION>
<CATEGORY>200</CATEGORY>
<TONE>2</TONE>
</CODING>
<CODING>
<VERSION>aticloose.almcbride2.coded.txt</VERSION>
<CATEGORY>200</CATEGORY>
<TONE>2</TONE>
</CODING>
<CODING>
<VERSION>aticloose.rokress.both.coded.txt</VERSION>
<CATEGORY>200</CATEGORY>
<TONE>2</TONE>
</CODING>
</POST>
<POST>
<USERNAME>jerri_lee_ann</USERNAME>
<DATETIME>(11:05:01 pm)</DATETIME>
<BODY>menomonee</BODY>
<COMMENT></COMMENT>
</POST>
<POST>
<USERNAME>aticloose</USERNAME>
<DATETIME>(11:05:19 pm)</DATETIME>
<BODY>bout 1 and a half hours</BODY>
<COMMENT></COMMENT>
<CODING>
<VERSION>aticloose.elkilmer.coded.txt</VERSION>
<CATEGORY>200</CATEGORY>
<TONE>1</TONE>
</CODING>
<CODING>
<VERSION>aticloose.rokress.both.coded.txt</VERSION>
<CATEGORY>200</CATEGORY>
<TONE>3</TONE>
</CODING>
</POST>
<POST>
<USERNAME>aticloose</USERNAME>
<DATETIME>(11:06:27 pm)</DATETIME>
<BODY>do u want me to cum yet</BODY>
<COMMENT>(no!)</COMMENT>
<CODING>
<VERSION>aticloose.elkilmer.coded.txt</VERSION>
<CATEGORY>600</CATEGORY>
<TONE>2</TONE>
</CODING>
<CODING>
<VERSION>aticloose.almcbride2.coded.txt</VERSION>
<CATEGORY>600</CATEGORY>
<TONE>2</TONE>
</CODING>
<CODING>
<VERSION>aticloose.rokress.both.coded.txt</VERSION>
<CATEGORY>600</CATEGORY>
<TONE>2</TONE>
</CODING>
</POST>
<POST>
<USERNAME>jerri_lee_ann</USERNAME>
<DATETIME>(11:07:18 pm)</DATETIME>
<BODY>i dunno</BODY>
<COMMENT></COMMENT>
</POST>
<POST>
<USERNAME>aticloose</USERNAME>
<DATETIME>(11:07:33 pm)</DATETIME>
<BODY></BODY>
<COMMENT></COMMENT>
</POST>
<POST>
<USERNAME>aticloose</USERNAME>
<DATETIME>(11:08:04 pm)</DATETIME>
<BODY>this would be much funner doing this for u in person</BODY>
<COMMENT>(this is going to be "much funner" in person, ha!)</COMMENT>
<CODING>
<VERSION>aticloose.elkilmer.coded.txt</VERSION>
<CATEGORY>600</CATEGORY>
<TONE>1</TONE>
</CODING>
<CODING>
<VERSION>aticloose.almcbride2.coded.txt</VERSION>
<CATEGORY>600</CATEGORY>
<TONE>1</TONE>
</CODING>
<CODING>
<VERSION>aticloose.rokress.both.coded.txt</VERSION>
<CATEGORY>600</CATEGORY>
<TONE>1</TONE>
</CODING>
</POST>
<POST>
<USERNAME>jerri_lee_ann</USERNAME>
<DATETIME>(11:08:14 pm)</DATETIME>
<BODY>oh</BODY>
<COMMENT></COMMENT>
</POST>
<POST>
<USERNAME>jerri_lee_ann</USERNAME>
<DATETIME>(11:07:27 pm)</DATETIME>
<BODY>u r cute</BODY>
<COMMENT></COMMENT>
</POST>
<POST>
<USERNAME>aticloose</USERNAME>
<DATETIME>(11:07:33 pm)</DATETIME>
<BODY>ty</BODY>
<COMMENT></COMMENT>
</POST>
<POST>
<USERNAME>aticloose</USERNAME>
<DATETIME>(11:08:23 pm)</DATETIME>
<BODY>ever have a guy masterbate for u in person</BODY>
<COMMENT>(i was so glad he asked this :-)</COMMENT>
<CODING>
<VERSION>aticloose.elkilmer.coded.txt</VERSION>
<CATEGORY>600</CATEGORY>
<TONE>2</TONE>
</CODING>
<CODING>
<VERSION>aticloose.almcbride2.coded.txt</VERSION>
<CATEGORY>600</CATEGORY>
<TONE>2</TONE>
</CODING>
<CODING>
<VERSION>aticloose.rokress.both.coded.txt</VERSION>
<CATEGORY>600</CATEGORY>
<TONE>2</TONE>
</CODING>
</POST>
<POST>
<USERNAME>jerri_lee_ann</USERNAME>
<DATETIME>(11:08:36 pm)</DATETIME>
<BODY>no</BODY>
<COMMENT></COMMENT>
</POST>
<POST>
<USERNAME>aticloose</USERNAME>
<DATETIME>(11:08:50 pm)</DATETIME>
<BODY>what all have u done</BODY>
<COMMENT></COMMENT>
<CODING>
<VERSION>aticloose.elkilmer.coded.txt</VERSION>
<CATEGORY>600</CATEGORY>
<TONE>2</TONE>
</CODING>
<CODING>
<VERSION>aticloose.almcbride2.coded.txt</VERSION>
<CATEGORY>600</CATEGORY>
<TONE>2</TONE>
</CODING>
<CODING>
<VERSION>aticloose.rokress.both.coded.txt</VERSION>
<CATEGORY>600</CATEGORY>
<TONE>2</TONE>
</CODING>
</POST>
<POST>
<USERNAME>jerri_lee_ann</USERNAME>
<DATETIME>(11:09:05 pm)</DATETIME>
<BODY>had sex</BODY>
<COMMENT></COMMENT>
</POST>
<POST>
<USERNAME>jerri_lee_ann</USERNAME>
<DATETIME>(11:09:08 pm)</DATETIME>
<BODY>played some</BODY>
<COMMENT></COMMENT>
</POST>
<POST>
<USERNAME>jerri_lee_ann</USERNAME>
<DATETIME>(11:09:12 pm)</DATETIME>
<BODY>i had a bf</BODY>
<COMMENT></COMMENT>
</POST>
<POST>
<USERNAME>aticloose</USERNAME>
<DATETIME>(11:09:34 pm)</DATETIME>
<BODY>like what</BODY>
<COMMENT></COMMENT>
<CODING>
<VERSION>aticloose.elkilmer.coded.txt</VERSION>
<CATEGORY>600</CATEGORY>
<TONE>2</TONE>
</CODING>
<CODING>
<VERSION>aticloose.almcbride2.coded.txt</VERSION>
<CATEGORY>600</CATEGORY>
<TONE>2</TONE>
</CODING>
</POST>
<POST>
<USERNAME>jerri_lee_ann</USERNAME>
<DATETIME>(11:09:48 pm)</DATETIME>
<BODY>things...</BODY>
<COMMENT></COMMENT>
</POST>
<POST>
<USERNAME>jerri_lee_ann</USERNAME>
<DATETIME>(11:10:03 pm)</DATETIME>
<BODY>i dunno</BODY>
<COMMENT></COMMENT>
</POST>
<POST>
<USERNAME>aticloose</USERNAME>
<DATETIME>(11:10:38 pm)</DATETIME>
<BODY>did he make u cum</BODY>
<COMMENT></COMMENT>
<CODING>
<VERSION>aticloose.elkilmer.coded.txt</VERSION>
<CATEGORY>600</CATEGORY>
<TONE>2</TONE>
</CODING>
<CODING>
<VERSION>aticloose.almcbride2.coded.txt</VERSION>
<CATEGORY>600</CATEGORY>
<TONE>2</TONE>
</CODING>
<CODING>
<VERSION>aticloose.rokress.both.coded.txt</VERSION>
<CATEGORY>600</CATEGORY>
<TONE>2</TONE>
</CODING>
</POST>
<POST>
<USERNAME>aticloose</USERNAME>
<DATETIME>(11:10:47 pm)</DATETIME>
<BODY>or did u make him cum</BODY>
<COMMENT></COMMENT>
<CODING>
<VERSION>aticloose.elkilmer.coded.txt</VERSION>
<CATEGORY>600</CATEGORY>
<TONE>2</TONE>
</CODING>
<CODING>
<VERSION>aticloose.almcbride2.coded.txt</VERSION>
<CATEGORY>600</CATEGORY>
<TONE>2</TONE>
</CODING>
<CODING>
<VERSION>aticloose.rokress.both.coded.txt</VERSION>
<CATEGORY>600</CATEGORY>
<TONE>2</TONE>
</CODING>
</POST>
<POST>
<USERNAME>jerri_lee_ann</USERNAME>
<DATETIME>(11:11:11 pm)</DATETIME>
<BODY>ya he cumed</BODY>
<COMMENT></COMMENT>
</POST>
<POST>
<USERNAME>aticloose</USERNAME>
<DATETIME>(11:11:32 pm)</DATETIME>
<BODY>u gave him a hand or blow job?</BODY>
<COMMENT></COMMENT>
<CODING>
<VERSION>aticloose.elkilmer.coded.txt</VERSION>
<CATEGORY>600</CATEGORY>
<TONE>2</TONE>
</CODING>
<CODING>
<VERSION>aticloose.almcbride2.coded.txt</VERSION>
<CATEGORY>600</CATEGORY>
<TONE>2</TONE>
</CODING>
<CODING>
<VERSION>aticloose.rokress.both.coded.txt</VERSION>
<CATEGORY>600</CATEGORY>
<TONE>2</TONE>
</CODING>
</POST>
<POST>
<USERNAME>jerri_lee_ann</USERNAME>
<DATETIME>(11:11:39 pm)</DATETIME>
<BODY>i played with him</BODY>
<COMMENT></COMMENT>
</POST>
<POST>
<USERNAME>aticloose</USERNAME>
<DATETIME>(11:11:51 pm)</DATETIME>
<BODY>cool</BODY>
<COMMENT></COMMENT>
</POST>
<POST>
<USERNAME>jerri_lee_ann</USERNAME>
<DATETIME>(11:12:04 pm)</DATETIME>
<BODY>y r u asking</BODY>
<COMMENT></COMMENT>
</POST>
<POST>
<USERNAME>aticloose</USERNAME>
<DATETIME>(11:12:17 pm)</DATETIME>
<BODY>just makin conversation</BODY>
<COMMENT></COMMENT>
</POST>
<POST>
<USERNAME>aticloose</USERNAME>
<DATETIME>(11:12:22 pm)</DATETIME>
<BODY>sorry</BODY>
<COMMENT>(yes you are.)</COMMENT>
</POST>
<POST>
<USERNAME>jerri_lee_ann</USERNAME>
<DATETIME>(11:12:35 pm)</DATETIME>
<BODY>ok</BODY>
<COMMENT></COMMENT>
</POST>
<POST>
<USERNAME>aticloose</USERNAME>
<DATETIME>(11:13:33 pm)</DATETIME>
<BODY>well i would masterbate for u in person anytime</BODY>
<COMMENT>(this guy is easy, that's close to what i had in mind)</COMMENT>
<CODING>
<VERSION>aticloose.elkilmer.coded.txt</VERSION>
<CATEGORY>600</CATEGORY>
<TONE>1</TONE>
</CODING>
<CODING>
<VERSION>aticloose.almcbride2.coded.txt</VERSION>
<CATEGORY>600</CATEGORY>
<TONE>1</TONE>
</CODING>
<CODING>
<VERSION>aticloose.rokress.both.coded.txt</VERSION>
<CATEGORY>600</CATEGORY>
<TONE>1</TONE>
</CODING>
</POST>
<POST>
<USERNAME>jerri_lee_ann</USERNAME>
<DATETIME>(11:14:07 pm)</DATETIME>
<BODY>ya?</BODY>
<COMMENT></COMMENT>
</POST>
<POST>
<USERNAME>aticloose</USERNAME>
<DATETIME>(11:14:20 pm)</DATETIME>
<BODY>sure</BODY>
<COMMENT></COMMENT>
</POST>
<POST>
<USERNAME>jerri_lee_ann</USERNAME>
<DATETIME>(11:14:25 pm)</DATETIME>
<BODY>when wud u want to do that</BODY>
<COMMENT></COMMENT>
</POST>
<POST>
<USERNAME>jerri_lee_ann</USERNAME>
<DATETIME>(11:14:29 pm)</DATETIME>
<BODY>do u have a car</BODY>
<COMMENT></COMMENT>
</POST>
<POST>
<USERNAME>aticloose</USERNAME>
<DATETIME>(11:14:35 pm)</DATETIME>
<BODY>yes</BODY>
<COMMENT></COMMENT>
</POST>
<POST>
<USERNAME>aticloose</USERNAME>
<DATETIME>(11:15:04 pm)</DATETIME>
<BODY>anytime i work in milwaukee</BODY>
<COMMENT></COMMENT>
<CODING>
<VERSION>aticloose.almcbride2.coded.txt</VERSION>
<CATEGORY>900</CATEGORY>
<TONE>31</TONE>
</CODING>
<CODING>
<VERSION>aticloose.rokress.both.coded.txt</VERSION>
<CATEGORY>200</CATEGORY>
<TONE>31</TONE>
</CODING>
</POST>
<POST>
<USERNAME>jerri_lee_ann</USERNAME>
<DATETIME>(11:15:11 pm)</DATETIME>
<BODY>kewl</BODY>
<COMMENT></COMMENT>
</POST>
<POST>
<USERNAME>jerri_lee_ann</USERNAME>
<DATETIME>(11:15:14 pm)</DATETIME>
<BODY>thats close</BODY>
<COMMENT></COMMENT>
</POST>
<POST>
<USERNAME>aticloose</USERNAME>
<DATETIME>(11:16:07 pm)</DATETIME>
<BODY></BODY>
<COMMENT></COMMENT>
</POST>
<POST>
<USERNAME>jerri_lee_ann</USERNAME>
<DATETIME>(11:16:21 pm)</DATETIME>
<BODY>wut time do u work</BODY>
<COMMENT></COMMENT>
</POST>
<POST>
<USERNAME>aticloose</USERNAME>
<DATETIME>(11:16:30 pm)</DATETIME>
<BODY>i get done at 3</BODY>
<COMMENT></COMMENT>
<CODING>
<VERSION>aticloose.elkilmer.coded.txt</VERSION>
<CATEGORY>900</CATEGORY>
<TONE>3</TONE>
</CODING>
<CODING>
<VERSION>aticloose.almcbride2.coded.txt</VERSION>
<CATEGORY>900</CATEGORY>
<TONE>1</TONE>
</CODING>
</POST>
<POST>
<USERNAME>jerri_lee_ann</USERNAME>
<DATETIME>(11:16:51 pm)</DATETIME>
<BODY>i get out of school at 2:30</BODY>
<COMMENT></COMMENT>
</POST>
<POST>
<USERNAME>aticloose</USERNAME>
<DATETIME>(11:17:13 pm)</DATETIME>
<BODY>where should we meet</BODY>
<COMMENT></COMMENT>
<CODING>
<VERSION>aticloose.elkilmer.coded.txt</VERSION>
<CATEGORY>900</CATEGORY>
<TONE>2</TONE>
</CODING>
<CODING>
<VERSION>aticloose.almcbride2.coded.txt</VERSION>
<CATEGORY>900</CATEGORY>
<TONE>2</TONE>
</CODING>
<CODING>
<VERSION>aticloose.rokress.both.coded.txt</VERSION>
<CATEGORY>900</CATEGORY>
<TONE>2</TONE>
</CODING>
</POST>
<POST>
<USERNAME>jerri_lee_ann</USERNAME>
<DATETIME>(11:17:49 pm)</DATETIME>
<BODY>i dunno</BODY>
<COMMENT></COMMENT>
</POST>
<POST>
<USERNAME>jerri_lee_ann</USERNAME>
<DATETIME>(11:18:00 pm)</DATETIME>
<BODY>my mom isnt home</BODY>
<COMMENT>(literally, without mssing a stroke, he gave me a thumbs up right here on his cam. i have a screengrab of it too)</COMMENT>
</POST>
<POST>
<USERNAME>aticloose</USERNAME>
<DATETIME>(11:18:30 pm)</DATETIME>
<BODY>u mean in the afternoon</BODY>
<COMMENT></COMMENT>
<CODING>
<VERSION>aticloose.almcbride2.coded.txt</VERSION>
<CATEGORY>900</CATEGORY>
<TONE>2</TONE>
</CODING>
</POST>
<POST>
<USERNAME>jerri_lee_ann</USERNAME>
<DATETIME>(11:18:41 pm)</DATETIME>
<BODY>2morow night</BODY>
<COMMENT></COMMENT>
</POST>
<POST>
<USERNAME>jerri_lee_ann</USERNAME>
<DATETIME>(11:19:07 pm)</DATETIME>
<BODY>can i call u first</BODY>
<COMMENT></COMMENT>
</POST>
<POST>
<USERNAME>aticloose</USERNAME>
<DATETIME>(11:19:20 pm)</DATETIME>
<BODY>ya u can right now if u want</BODY>
<COMMENT></COMMENT>
<CODING>
<VERSION>aticloose.elkilmer.coded.txt</VERSION>
<CATEGORY>900</CATEGORY>
<TONE>3</TONE>
</CODING>
<CODING>
<VERSION>aticloose.almcbride2.coded.txt</VERSION>
<CATEGORY>900</CATEGORY>
<TONE>31</TONE>
</CODING>
</POST>
<POST>
<USERNAME>jerri_lee_ann</USERNAME>
<DATETIME>(11:19:50 pm)</DATETIME>
<BODY>ok kewl</BODY>
<COMMENT></COMMENT>
</POST>
<POST>
<USERNAME>aticloose</USERNAME>
<DATETIME>(11:20:05 pm)</DATETIME>
<BODY>wanna help me cum over the phone</BODY>
<COMMENT>(no!!!)</COMMENT>
<CODING>
<VERSION>aticloose.elkilmer.coded.txt</VERSION>
<CATEGORY>900</CATEGORY>
<TONE>2</TONE>
</CODING>
<CODING>
<VERSION>aticloose.almcbride2.coded.txt</VERSION>
<CATEGORY>900</CATEGORY>
<TONE>2</TONE>
</CODING>
<CODING>
<VERSION>aticloose.rokress.both.coded.txt</VERSION>
<CATEGORY>600</CATEGORY>
<TONE>2</TONE>
</CODING>
</POST>
<POST>
<USERNAME>jerri_lee_ann</USERNAME>
<DATETIME>(11:21:01 pm)</DATETIME>
<BODY>i have to find the phone</BODY>
<COMMENT></COMMENT>
</POST>
<POST>
<USERNAME>jerri_lee_ann</USERNAME>
<DATETIME>(11:21:05 pm)</DATETIME>
<BODY>wuts ur number</BODY>
<COMMENT></COMMENT>
</POST>
<POST>
<USERNAME>aticloose</USERNAME>
<DATETIME>(11:21:18 pm)</DATETIME>
<BODY>920-420-6989</BODY>
<COMMENT></COMMENT>
<CODING>
<VERSION>aticloose.elkilmer.coded.txt</VERSION>
<CATEGORY>900</CATEGORY>
<TONE>3</TONE>
</CODING>
<CODING>
<VERSION>aticloose.almcbride2.coded.txt</VERSION>
<CATEGORY>900</CATEGORY>
<TONE>3</TONE>
</CODING>
<CODING>
<VERSION>aticloose.rokress.both.coded.txt</VERSION>
<CATEGORY>200</CATEGORY>
<TONE>3</TONE>
</CODING>
</POST>
<POST>
<USERNAME>jerri_lee_ann</USERNAME>
<DATETIME>(11:22:28 pm)</DATETIME>
<BODY>wuts ur name</BODY>
<COMMENT></COMMENT>
</POST>
<POST>
<USERNAME>aticloose</USERNAME>
<DATETIME>(11:22:33 pm)</DATETIME>
<BODY>chris</BODY>
<COMMENT></COMMENT>
<CODING>
<VERSION>aticloose.elkilmer.coded.txt</VERSION>
<CATEGORY>200</CATEGORY>
<TONE>3</TONE>
</CODING>
<CODING>
<VERSION>aticloose.almcbride2.coded.txt</VERSION>
<CATEGORY>200</CATEGORY>
<TONE>3</TONE>
</CODING>
<CODING>
<VERSION>aticloose.rokress.both.coded.txt</VERSION>
<CATEGORY>200</CATEGORY>
<TONE>3</TONE>
</CODING>
</POST>
<POST>
<USERNAME>jerri_lee_ann</USERNAME>
<DATETIME>(11:22:36 pm)</DATETIME>
<BODY></BODY>
<COMMENT></COMMENT>
</POST>
<POST>
<USERNAME>jerri_lee_ann</USERNAME>
<DATETIME>(11:22:38 pm)</DATETIME>
<BODY>ok</BODY>
<COMMENT></COMMENT>
</POST>
<POST>
<USERNAME>jerri_lee_ann</USERNAME>
<DATETIME>(11:22:39 pm)</DATETIME>
<BODY>1 sec</BODY>
<COMMENT></COMMENT>
</POST>
<POST>
<USERNAME>jerri_lee_ann</USERNAME>
<DATETIME>(11:24:56 pm)</DATETIME>
<BODY>i have to sign off...can i add u first</BODY>
<COMMENT></COMMENT>
</POST>
<POST>
<USERNAME>aticloose</USERNAME>
<DATETIME>(11:25:12 pm)</DATETIME>
<BODY>k</BODY>
<COMMENT></COMMENT>
</POST>
<POST>
<USERNAME>aticloose</USERNAME>
<DATETIME>(11:25:28 pm)</DATETIME>
<BODY>u cant watch while u call</BODY>
<COMMENT></COMMENT>
<CODING>
<VERSION>aticloose.elkilmer.coded.txt</VERSION>
<CATEGORY>900</CATEGORY>
<TONE>2</TONE>
</CODING>
<CODING>
<VERSION>aticloose.almcbride2.coded.txt</VERSION>
<CATEGORY>600</CATEGORY>
<TONE>1</TONE>
</CODING>
<CODING>
<VERSION>aticloose.rokress.both.coded.txt</VERSION>
<CATEGORY>600</CATEGORY>
<TONE>2</TONE>
</CODING>
</POST>
<POST>
<USERNAME>jerri_lee_ann</USERNAME>
<DATETIME>(11:26:31 pm)</DATETIME>
<BODY>i have to sign off to call</BODY>
<COMMENT></COMMENT>
</POST>
<POST>
<USERNAME>aticloose</USERNAME>
<DATETIME>(11:27:06 pm)</DATETIME>
<BODY>k</BODY>
<COMMENT></COMMENT>
</POST>
<POST>
<USERNAME></USERNAME>
<DATETIME></DATETIME>
<BODY>verified (thanks to gordon's girlfriend, sarah lee, for a great job.)</BODY>
<COMMENT></COMMENT>
</POST>
<POST>
<USERNAME>jerri_lee_ann</USERNAME>
<DATETIME>(11:37:08 pm)</DATETIME>
<BODY>sorry</BODY>
<COMMENT></COMMENT>
</POST>
<POST>
<USERNAME>jerri_lee_ann</USERNAME>
<DATETIME>(11:37:20 pm)</DATETIME>
<BODY>stiupid phone</BODY>
<COMMENT></COMMENT>
</POST>
<POST>
<USERNAME>aticloose</USERNAME>
<DATETIME>(11:37:52 pm)</DATETIME>
<BODY>its ok</BODY>
<COMMENT></COMMENT>
</POST>
<POST>
<USERNAME>aticloose</USERNAME>
<DATETIME>(11:39:02 pm)</DATETIME>
<BODY></BODY>
<COMMENT></COMMENT>
</POST>
<POST>
<USERNAME>aticloose</USERNAME>
<DATETIME>(11:39:31 pm)</DATETIME>
<BODY>so what ya gonna do while u watch in person tomorrow</BODY>
<COMMENT>(i'm going to be laughing)</COMMENT>
<CODING>
<VERSION>aticloose.elkilmer.coded.txt</VERSION>
<CATEGORY>900</CATEGORY>
<TONE>2</TONE>
</CODING>
<CODING>
<VERSION>aticloose.almcbride2.coded.txt</VERSION>
<CATEGORY>900</CATEGORY>
<TONE>2</TONE>
</CODING>
<CODING>
<VERSION>aticloose.rokress.both.coded.txt</VERSION>
<CATEGORY>900</CATEGORY>
<TONE>2</TONE>
</CODING>
</POST>
<POST>
<USERNAME>jerri_lee_ann</USERNAME>
<DATETIME>(11:39:42 pm)</DATETIME>
<BODY>i dunno</BODY>
<COMMENT></COMMENT>
</POST>
<POST>
<USERNAME>jerri_lee_ann</USERNAME>
<DATETIME>(11:39:46 pm)</DATETIME>
<BODY>wut u want me to do</BODY>
<COMMENT></COMMENT>
</POST>
<POST>
<USERNAME>aticloose</USERNAME>
<DATETIME>(11:39:56 pm)</DATETIME>
<BODY>whatever u want</BODY>
<COMMENT>(then laughing it is.)</COMMENT>
<CODING>
<VERSION>aticloose.elkilmer.coded.txt</VERSION>
<CATEGORY>900</CATEGORY>
<TONE>1</TONE>
</CODING>
<CODING>
<VERSION>aticloose.almcbride2.coded.txt</VERSION>
<CATEGORY>600</CATEGORY>
<TONE>3</TONE>
</CODING>
<CODING>
<VERSION>aticloose.rokress.both.coded.txt</VERSION>
<CATEGORY>600</CATEGORY>
<TONE>3</TONE>
</CODING>
</POST>
<POST>
<USERNAME>aticloose</USERNAME>
<DATETIME>(11:40:17 pm)</DATETIME>
<BODY>what do u wanna do</BODY>
<COMMENT></COMMENT>
<CODING>
<VERSION>aticloose.elkilmer.coded.txt</VERSION>
<CATEGORY>900</CATEGORY>
<TONE>2</TONE>
</CODING>
<CODING>
<VERSION>aticloose.almcbride2.coded.txt</VERSION>
<CATEGORY>600</CATEGORY>
<TONE>2</TONE>
</CODING>
<CODING>
<VERSION>aticloose.rokress.both.coded.txt</VERSION>
<CATEGORY>600</CATEGORY>
<TONE>2</TONE>
</CODING>
</POST>
<POST>
<USERNAME>jerri_lee_ann</USERNAME>
<DATETIME>(11:40:28 pm)</DATETIME>
<BODY>i dunno</BODY>
<COMMENT></COMMENT>
</POST>
<POST>
<USERNAME>jerri_lee_ann</USERNAME>
<DATETIME>(11:40:33 pm)</DATETIME>
<BODY>u r the guy</BODY>
<COMMENT></COMMENT>
</POST>
<POST>
<USERNAME>aticloose</USERNAME>
<DATETIME>(11:40:39 pm)</DATETIME>
<BODY></BODY>
<COMMENT></COMMENT>
</POST>
<POST>
<USERNAME>aticloose</USERNAME>
<DATETIME>(11:41:04 pm)</DATETIME>
<BODY>will i get to see your boobs?</BODY>
<COMMENT>(i think not!)</COMMENT>
<CODING>
<VERSION>aticloose.elkilmer.coded.txt</VERSION>
<CATEGORY>900</CATEGORY>
<TONE>2</TONE>
</CODING>
<CODING>
<VERSION>aticloose.almcbride2.coded.txt</VERSION>
<CATEGORY>600</CATEGORY>
<TONE>2</TONE>
</CODING>
<CODING>
<VERSION>aticloose.rokress.both.coded.txt</VERSION>
<CATEGORY>600</CATEGORY>
<TONE>2</TONE>
</CODING>
</POST>
<POST>
<USERNAME>jerri_lee_ann</USERNAME>
<DATETIME>(11:42:01 pm)</DATETIME>
<BODY>uumm *giggle*</BODY>
<COMMENT></COMMENT>
</POST>
<POST>
<USERNAME>jerri_lee_ann</USERNAME>
<DATETIME>(11:42:03 pm)</DATETIME>
<BODY>ok</BODY>
<COMMENT></COMMENT>
</POST>
<POST>
<USERNAME>jerri_lee_ann</USERNAME>
<DATETIME>(11:42:06 pm)</DATETIME>
<BODY>u r cute</BODY>
<COMMENT></COMMENT>
</POST>
<POST>
<USERNAME>aticloose</USERNAME>
<DATETIME>(11:42:14 pm)</DATETIME>
<BODY></BODY>
<COMMENT></COMMENT>
</POST>
<POST>
<USERNAME>jerri_lee_ann</USERNAME>
<DATETIME>(11:42:31 pm)</DATETIME>
<BODY>wut time</BODY>
<COMMENT></COMMENT>
</POST>
<POST>
<USERNAME>aticloose</USERNAME>
<DATETIME>(11:42:49 pm)</DATETIME>
<BODY>u tell me the earlier the better</BODY>
<COMMENT></COMMENT>
<CODING>
<VERSION>aticloose.elkilmer.coded.txt</VERSION>
<CATEGORY>900</CATEGORY>
<TONE>3</TONE>
</CODING>
<CODING>
<VERSION>aticloose.almcbride2.coded.txt</VERSION>
<CATEGORY>900</CATEGORY>
<TONE>41</TONE>
</CODING>
</POST>
<POST>
<USERNAME>jerri_lee_ann</USERNAME>
<DATETIME>(11:43:01 pm)</DATETIME>
<BODY>6 would be good</BODY>
<COMMENT></COMMENT>
</POST>
<POST>
<USERNAME>aticloose</USERNAME>
<DATETIME>(11:43:06 pm)</DATETIME>
<BODY>k</BODY>
<COMMENT></COMMENT>
</POST>
<POST>
<USERNAME>aticloose</USERNAME>
<DATETIME>(11:43:19 pm)</DATETIME>
<BODY>so what size are your boobs?</BODY>
<COMMENT></COMMENT>
<CODING>
<VERSION>aticloose.elkilmer.coded.txt</VERSION>
<CATEGORY>600</CATEGORY>
<TONE>2</TONE>
</CODING>
<CODING>
<VERSION>aticloose.almcbride2.coded.txt</VERSION>
<CATEGORY>600</CATEGORY>
<TONE>2</TONE>
</CODING>
<CODING>
<VERSION>aticloose.rokress.both.coded.txt</VERSION>
<CATEGORY>600</CATEGORY>
<TONE>2</TONE>
</CODING>
</POST>
<POST>
<USERNAME>jerri_lee_ann</USERNAME>
<DATETIME>(11:43:27 pm)</DATETIME>
<BODY>34</BODY>
<COMMENT></COMMENT>
</POST>
<POST>
<USERNAME>aticloose</USERNAME>
<DATETIME>(11:43:37 pm)</DATETIME>
<BODY>b</BODY>
<COMMENT></COMMENT>
<CODING>
<VERSION>aticloose.elkilmer.coded.txt</VERSION>
<CATEGORY>600</CATEGORY>
<TONE>2</TONE>
</CODING>
<CODING>
<VERSION>aticloose.almcbride2.coded.txt</VERSION>
<CATEGORY>600</CATEGORY>
<TONE>2</TONE>
</CODING>
<CODING>
<VERSION>aticloose.rokress.both.coded.txt</VERSION>
<CATEGORY>600</CATEGORY>
<TONE>3</TONE>
</CODING>
</POST>
<POST>
<USERNAME>jerri_lee_ann</USERNAME>
<DATETIME>(11:43:45 pm)</DATETIME>
<BODY>c</BODY>
<COMMENT></COMMENT>
</POST>
<POST>
<USERNAME>aticloose</USERNAME>
<DATETIME>(11:43:51 pm)</DATETIME>
<BODY>mmm</BODY>
<COMMENT></COMMENT>
</POST>
<POST>
<USERNAME>aticloose</USERNAME>
<DATETIME>(11:44:07 pm)</DATETIME>
<BODY>pink or brown nipples</BODY>
<COMMENT></COMMENT>
<CODING>
<VERSION>aticloose.elkilmer.coded.txt</VERSION>
<CATEGORY>600</CATEGORY>
<TONE>2</TONE>
</CODING>
<CODING>
<VERSION>aticloose.almcbride2.coded.txt</VERSION>
<CATEGORY>600</CATEGORY>
<TONE>2</TONE>
</CODING>
<CODING>
<VERSION>aticloose.rokress.both.coded.txt</VERSION>
<CATEGORY>600</CATEGORY>
<TONE>2</TONE>
</CODING>
</POST>
<POST>
<USERNAME>jerri_lee_ann</USERNAME>
<DATETIME>(11:44:24 pm)</DATETIME>
<BODY>hehe i dunno</BODY>
<COMMENT></COMMENT>
</POST>
<POST>
<USERNAME>aticloose</USERNAME>
<DATETIME>(11:44:34 pm)</DATETIME>
<BODY>look and see</BODY>
<COMMENT></COMMENT>
<CODING>
<VERSION>aticloose.elkilmer.coded.txt</VERSION>
<CATEGORY>600</CATEGORY>
<TONE>4</TONE>
</CODING>
<CODING>
<VERSION>aticloose.almcbride2.coded.txt</VERSION>
<CATEGORY>600</CATEGORY>
<TONE>4</TONE>
</CODING>
<CODING>
<VERSION>aticloose.rokress.both.coded.txt</VERSION>
<CATEGORY>600</CATEGORY>
<TONE>4</TONE>
</CODING>
</POST>
<POST>
<USERNAME>jerri_lee_ann</USERNAME>
<DATETIME>(11:44:48 pm)</DATETIME>
<BODY>u can see tomorow</BODY>
<COMMENT></COMMENT>
</POST>
<POST>
<USERNAME>aticloose</USERNAME>
<DATETIME>(11:44:54 pm)</DATETIME>
<BODY>shaved?</BODY>
<COMMENT>(looks like he has the latest edition of the perv handbook)</COMMENT>
<CODING>
<VERSION>aticloose.elkilmer.coded.txt</VERSION>
<CATEGORY>600</CATEGORY>
<TONE>2</TONE>
</CODING>
<CODING>
<VERSION>aticloose.almcbride2.coded.txt</VERSION>
<CATEGORY>600</CATEGORY>
<TONE>2</TONE>
</CODING>
<CODING>
<VERSION>aticloose.rokress.both.coded.txt</VERSION>
<CATEGORY>600</CATEGORY>
<TONE>2</TONE>
</CODING>
</POST>
<POST>
<USERNAME>jerri_lee_ann</USERNAME>
<DATETIME>(11:44:57 pm)</DATETIME>
<BODY>no</BODY>
<COMMENT></COMMENT>
</POST>
<POST>
<USERNAME>aticloose</USERNAME>
<DATETIME>(11:45:08 pm)</DATETIME>
<BODY>do u ever masterbate</BODY>
<COMMENT></COMMENT>
<CODING>
<VERSION>aticloose.elkilmer.coded.txt</VERSION>
<CATEGORY>600</CATEGORY>
<TONE>2</TONE>
</CODING>
<CODING>
<VERSION>aticloose.almcbride2.coded.txt</VERSION>
<CATEGORY>600</CATEGORY>
<TONE>2</TONE>
</CODING>
<CODING>
<VERSION>aticloose.rokress.both.coded.txt</VERSION>
<CATEGORY>600</CATEGORY>
<TONE>2</TONE>
</CODING>
</POST>
<POST>
<USERNAME>jerri_lee_ann</USERNAME>
<DATETIME>(11:45:12 pm)</DATETIME>
<BODY>no</BODY>
<COMMENT></COMMENT>
</POST>
<POST>
<USERNAME>aticloose</USERNAME>
<DATETIME>(11:45:33 pm)</DATETIME>
<BODY>has a guy ever made u cum</BODY>
<COMMENT></COMMENT>
<CODING>
<VERSION>aticloose.elkilmer.coded.txt</VERSION>
<CATEGORY>600</CATEGORY>
<TONE>2</TONE>
</CODING>
<CODING>
<VERSION>aticloose.almcbride2.coded.txt</VERSION>
<CATEGORY>600</CATEGORY>
<TONE>2</TONE>
</CODING>
<CODING>
<VERSION>aticloose.rokress.both.coded.txt</VERSION>
<CATEGORY>600</CATEGORY>
<TONE>2</TONE>
</CODING>
</POST>
<POST>
<USERNAME>jerri_lee_ann</USERNAME>
<DATETIME>(11:46:09 pm)</DATETIME>
<BODY>i dunno</BODY>
<COMMENT></COMMENT>
</POST>
<POST>
<USERNAME>jerri_lee_ann</USERNAME>
<DATETIME>(11:46:12 pm)</DATETIME>
<BODY>i think so</BODY>
<COMMENT></COMMENT>
</POST>
<POST>
<USERNAME>jerri_lee_ann</USERNAME>
<DATETIME>(11:46:20 pm)</DATETIME>
<BODY>it felt kinda good</BODY>
<COMMENT></COMMENT>
</POST>
<POST>
<USERNAME>aticloose</USERNAME>
<DATETIME>(11:46:22 pm)</DATETIME>
<BODY>with tongue or finger</BODY>
<COMMENT></COMMENT>
<CODING>
<VERSION>aticloose.elkilmer.coded.txt</VERSION>
<CATEGORY>600</CATEGORY>
<TONE>2</TONE>
</CODING>
<CODING>
<VERSION>aticloose.almcbride2.coded.txt</VERSION>
<CATEGORY>600</CATEGORY>
<TONE>2</TONE>
</CODING>
<CODING>
<VERSION>aticloose.rokress.both.coded.txt</VERSION>
<CATEGORY>600</CATEGORY>
<TONE>2</TONE>
</CODING>
</POST>
<POST>
<USERNAME>jerri_lee_ann</USERNAME>
<DATETIME>(11:47:37 pm)</DATETIME>
<BODY>both</BODY>
<COMMENT></COMMENT>
</POST>
<POST>
<USERNAME>aticloose</USERNAME>
<DATETIME>(11:47:40 pm)</DATETIME>
<BODY>i bet u taste totally yummy</BODY>
<COMMENT>(asshole!)</COMMENT>
<CODING>
<VERSION>aticloose.elkilmer.coded.txt</VERSION>
<CATEGORY>600</CATEGORY>
<TONE>1</TONE>
</CODING>
<CODING>
<VERSION>aticloose.almcbride2.coded.txt</VERSION>
<CATEGORY>600</CATEGORY>
<TONE>1</TONE>
</CODING>
<CODING>
<VERSION>aticloose.rokress.both.coded.txt</VERSION>
<CATEGORY>600</CATEGORY>
<TONE>13</TONE>
</CODING>
</POST>
<POST>
<USERNAME>jerri_lee_ann</USERNAME>
<DATETIME>(11:47:45 pm)</DATETIME>
<BODY>finger most tho</BODY>
<COMMENT></COMMENT>
</POST>
<POST>
<USERNAME>jerri_lee_ann</USERNAME>
<DATETIME>(11:47:48 pm)</DATETIME>
<BODY>hehe</BODY>
<COMMENT></COMMENT>
</POST>
<POST>
<USERNAME>aticloose</USERNAME>
<DATETIME>(11:48:17 pm)</DATETIME>
<BODY>ready for me to cum now</BODY>
<COMMENT>(nooo!!!!)</COMMENT>
<CODING>
<VERSION>aticloose.elkilmer.coded.txt</VERSION>
<CATEGORY>600</CATEGORY>
<TONE>2</TONE>
</CODING>
<CODING>
<VERSION>aticloose.almcbride2.coded.txt</VERSION>
<CATEGORY>600</CATEGORY>
<TONE>2</TONE>
</CODING>
<CODING>
<VERSION>aticloose.rokress.both.coded.txt</VERSION>
<CATEGORY>600</CATEGORY>
<TONE>2</TONE>
</CODING>
</POST>
<POST>
<USERNAME>jerri_lee_ann</USERNAME>
<DATETIME>(11:48:22 pm)</DATETIME>
<BODY>i guess</BODY>
<COMMENT></COMMENT>
</POST>
<POST>
<USERNAME>aticloose</USERNAME>
<DATETIME>(11:48:30 pm)</DATETIME>
<BODY>k</BODY>
<COMMENT></COMMENT>
</POST>
<POST>
<USERNAME>jerri_lee_ann</USERNAME>
<DATETIME>(11:50:35 pm)</DATETIME>
<BODY>wow</BODY>
<COMMENT></COMMENT>
</POST>
<POST>
<USERNAME>aticloose</USERNAME>
<DATETIME>(11:50:42 pm)</DATETIME>
<BODY></BODY>
<COMMENT></COMMENT>
</POST>
<POST>
<USERNAME>aticloose</USERNAME>
<DATETIME>(11:51:41 pm)</DATETIME>
<BODY>so call me tomorrow by 3 to let me know for sure if we are meeting. k?</BODY>
<COMMENT></COMMENT>
<CODING>
<VERSION>aticloose.elkilmer.coded.txt</VERSION>
<CATEGORY>900</CATEGORY>
<TONE>4</TONE>
</CODING>
<CODING>
<VERSION>aticloose.almcbride2.coded.txt</VERSION>
<CATEGORY>900</CATEGORY>
<TONE>41</TONE>
</CODING>
<CODING>
<VERSION>aticloose.rokress.both.coded.txt</VERSION>
<CATEGORY>900</CATEGORY>
<TONE>42</TONE>
</CODING>
</POST>
<POST>
<USERNAME>jerri_lee_ann</USERNAME>
<DATETIME>(11:52:30 pm)</DATETIME>
<BODY>u can come on over ay 6</BODY>
<COMMENT></COMMENT>
</POST>
<POST>
<USERNAME>jerri_lee_ann</USERNAME>
<DATETIME>(11:52:32 pm)</DATETIME>
<BODY>at</BODY>
<COMMENT></COMMENT>
</POST>
<POST>
<USERNAME>aticloose</USERNAME>
<DATETIME>(11:53:07 pm)</DATETIME>
<BODY>i would rather pick u up just in case someone comes home</BODY>
<COMMENT>(ha! someone will be home)</COMMENT>
<CODING>
<VERSION>aticloose.elkilmer.coded.txt</VERSION>
<CATEGORY>900</CATEGORY>
<TONE>1</TONE>
</CODING>
<CODING>
<VERSION>aticloose.almcbride2.coded.txt</VERSION>
<CATEGORY>900</CATEGORY>
<TONE>1</TONE>
</CODING>
<CODING>
<VERSION>aticloose.rokress.both.coded.txt</VERSION>
<CATEGORY>900</CATEGORY>
<TONE>31</TONE>
</CODING>
</POST>
<POST>
<USERNAME>aticloose</USERNAME>
<DATETIME>(11:53:13 pm)</DATETIME>
<BODY>that would be bad</BODY>
<COMMENT>(that would be good)</COMMENT>
<CODING>
<VERSION>aticloose.elkilmer.coded.txt</VERSION>
<CATEGORY>900</CATEGORY>
<TONE>1</TONE>
</CODING>
</POST>
<POST>
<USERNAME>jerri_lee_ann</USERNAME>
<DATETIME>(11:53:21 pm)</DATETIME>
<BODY>mom is gone for a couple days</BODY>
<COMMENT></COMMENT>
</POST>
<POST>
<USERNAME>jerri_lee_ann</USERNAME>
<DATETIME>(11:53:26 pm)</DATETIME>
<BODY>just me and her</BODY>
<COMMENT></COMMENT>
</POST>
<POST>
<USERNAME>aticloose</USERNAME>
<DATETIME>(11:53:53 pm)</DATETIME>
<BODY>where am i coming to</BODY>
<COMMENT></COMMENT>
<CODING>
<VERSION>aticloose.elkilmer.coded.txt</VERSION>
<CATEGORY>900</CATEGORY>
<TONE>2</TONE>
</CODING>
<CODING>
<VERSION>aticloose.almcbride2.coded.txt</VERSION>
<CATEGORY>900</CATEGORY>
<TONE>2</TONE>
</CODING>
<CODING>
<VERSION>aticloose.rokress.both.coded.txt</VERSION>
<CATEGORY>900</CATEGORY>
<TONE>2</TONE>
</CODING>
</POST>
<POST>
<USERNAME>jerri_lee_ann</USERNAME>
<DATETIME>(11:54:14 pm)</DATETIME>
<BODY>my house</BODY>
<COMMENT></COMMENT>
</POST>
<POST>
<USERNAME>aticloose</USERNAME>
<DATETIME>(11:54:20 pm)</DATETIME>
<BODY>address silly</BODY>
<COMMENT></COMMENT>
<CODING>
<VERSION>aticloose.elkilmer.coded.txt</VERSION>
<CATEGORY>900</CATEGORY>
<TONE>2</TONE>
</CODING>
<CODING>
<VERSION>aticloose.almcbride2.coded.txt</VERSION>
<CATEGORY>900</CATEGORY>
<TONE>1</TONE>
</CODING>
<CODING>
<VERSION>aticloose.rokress.both.coded.txt</VERSION>
<CATEGORY>900</CATEGORY>
<TONE>3</TONE>
</CODING>
</POST>
<POST>
<USERNAME>jerri_lee_ann</USERNAME>
<DATETIME>(11:54:24 pm)</DATETIME>
<BODY>giggle</BODY>
<COMMENT></COMMENT>
</POST>
<POST>
<USERNAME>jerri_lee_ann</USERNAME>
<DATETIME>(11:54:25 pm)</DATETIME>
<BODY>ok</BODY>
<COMMENT></COMMENT>
</POST>
<POST>
<USERNAME>jerri_lee_ann</USERNAME>
<DATETIME>(11:54:48 pm)</DATETIME>
<BODY>*edited out*</BODY>
<COMMENT></COMMENT>
</POST>
<POST>
<USERNAME>aticloose</USERNAME>
<DATETIME>(11:56:29 pm)</DATETIME>
<BODY>and your name is jerri</BODY>
<COMMENT></COMMENT>
<CODING>
<VERSION>aticloose.elkilmer.coded.txt</VERSION>
<CATEGORY>200</CATEGORY>
<TONE>2</TONE>
</CODING>
<CODING>
<VERSION>aticloose.almcbride2.coded.txt</VERSION>
<CATEGORY>200</CATEGORY>
<TONE>2</TONE>
</CODING>
<CODING>
<VERSION>aticloose.rokress.both.coded.txt</VERSION>
<CATEGORY>200</CATEGORY>
<TONE>2</TONE>
</CODING>
</POST>
<POST>
<USERNAME>jerri_lee_ann</USERNAME>
<DATETIME>(11:56:33 pm)</DATETIME>
<BODY>ya</BODY>
<COMMENT></COMMENT>
</POST>
<POST>
<USERNAME>aticloose</USERNAME>
<DATETIME>(11:56:36 pm)</DATETIME>
<BODY>k</BODY>
<COMMENT></COMMENT>
</POST>
<POST>
<USERNAME>jerri_lee_ann</USERNAME>
<DATETIME>(11:56:44 pm)</DATETIME>
<BODY>i will call u at 3 neway</BODY>
<COMMENT>(once again, thanks to sarah lee for calling this creep a 2nd and a 3rd time.)</COMMENT>
</POST>
<POST>
<USERNAME>aticloose</USERNAME>
<DATETIME>(11:56:49 pm)</DATETIME>
<BODY>cool</BODY>
<COMMENT></COMMENT>
</POST>
<POST>
<USERNAME>jerri_lee_ann</USERNAME>
<DATETIME>(11:56:51 pm)</DATETIME>
<BODY>to make sure</BODY>
<COMMENT></COMMENT>
</POST>
<POST>
<USERNAME>jerri_lee_ann</USERNAME>
<DATETIME>(11:56:53 pm)</DATETIME>
<BODY></BODY>
<COMMENT></COMMENT>
</POST>
<POST>
<USERNAME>aticloose</USERNAME>
<DATETIME>(11:57:10 pm)</DATETIME>
<BODY>think u will be nervous tomorrow</BODY>
<COMMENT>(no, i was laughing the next day, i heard you were a bit nervous though)</COMMENT>
<CODING>
<VERSION>aticloose.elkilmer.coded.txt</VERSION>
<CATEGORY>900</CATEGORY>
<TONE>2</TONE>
</CODING>
<CODING>
<VERSION>aticloose.rokress.both.coded.txt</VERSION>
<CATEGORY>600</CATEGORY>
<TONE>2</TONE>
</CODING>
</POST>
<POST>
<USERNAME>jerri_lee_ann</USERNAME>
<DATETIME>(11:57:12 pm)</DATETIME>
<BODY>6 right?</BODY>
<COMMENT></COMMENT>
</POST>
<POST>
<USERNAME>aticloose</USERNAME>
<DATETIME>(11:57:16 pm)</DATETIME>
<BODY>yep</BODY>
<COMMENT></COMMENT>
</POST>
<POST>
<USERNAME>jerri_lee_ann</USERNAME>
<DATETIME>(11:57:16 pm)</DATETIME>
<BODY>hehe ya</BODY>
<COMMENT></COMMENT>
</POST>
<POST>
<USERNAME>aticloose</USERNAME>
<DATETIME>(11:57:38 pm)</DATETIME>
<BODY>u should answer the door topless</BODY>
<COMMENT></COMMENT>
<CODING>
<VERSION>aticloose.elkilmer.coded.txt</VERSION>
<CATEGORY>900</CATEGORY>
<TONE>4</TONE>
</CODING>
<CODING>
<VERSION>aticloose.almcbride2.coded.txt</VERSION>
<CATEGORY>600</CATEGORY>
<TONE>4</TONE>
</CODING>
<CODING>
<VERSION>aticloose.rokress.both.coded.txt</VERSION>
<CATEGORY>900</CATEGORY>
<TONE>4</TONE>
</CODING>
</POST>
<POST>
<USERNAME>jerri_lee_ann</USERNAME>
<DATETIME>(11:57:42 pm)</DATETIME>
<BODY>hehe</BODY>
<COMMENT></COMMENT>
</POST>
<POST>
<USERNAME>jerri_lee_ann</USERNAME>
<DATETIME>(11:57:49 pm)</DATETIME>
<BODY>i dunno</BODY>
<COMMENT></COMMENT>
</POST>
<POST>
<USERNAME>aticloose</USERNAME>
<DATETIME>(11:58:11 pm)</DATETIME>
<BODY>k maybe a button down shirt unbuttoned no bra</BODY>
<COMMENT></COMMENT>
<CODING>
<VERSION>aticloose.elkilmer.coded.txt</VERSION>
<CATEGORY>900</CATEGORY>
<TONE>4</TONE>
</CODING>
<CODING>
<VERSION>aticloose.almcbride2.coded.txt</VERSION>
<CATEGORY>600</CATEGORY>
<TONE>4</TONE>
</CODING>
<CODING>
<VERSION>aticloose.rokress.both.coded.txt</VERSION>
<CATEGORY>600</CATEGORY>
<TONE>4</TONE>
</CODING>
</POST>
<POST>
<USERNAME>jerri_lee_ann</USERNAME>
<DATETIME>(11:58:17 pm)</DATETIME>
<BODY>k</BODY>
<COMMENT></COMMENT>
</POST>
<POST>
<USERNAME>aticloose</USERNAME>
<DATETIME>(11:58:20 pm)</DATETIME>
<BODY>sweet</BODY>
<COMMENT></COMMENT>
</POST>
<POST>
<USERNAME>jerri_lee_ann</USERNAME>
<DATETIME>(11:58:30 pm)</DATETIME>
<BODY>i gotta go now</BODY>
<COMMENT></COMMENT>
</POST>
<POST>
<USERNAME>aticloose</USERNAME>
<DATETIME>(11:58:33 pm)</DATETIME>
<BODY>kk</BODY>
<COMMENT></COMMENT>
</POST>
<POST>
<USERNAME>jerri_lee_ann</USERNAME>
<DATETIME>(11:58:37 pm)</DATETIME>
<BODY>talk wit u tomorow</BODY>
<COMMENT></COMMENT>
</POST>
<POST>
<USERNAME>jerri_lee_ann</USERNAME>
<DATETIME>(11:58:39 pm)</DATETIME>
<BODY>?</BODY>
<COMMENT></COMMENT>
</POST>
<POST>
<USERNAME>aticloose</USERNAME>
<DATETIME>(11:58:42 pm)</DATETIME>
<BODY>talk to u tomorrow</BODY>
<COMMENT></COMMENT>
</POST>
<POST>
<USERNAME>jerri_lee_ann</USERNAME>
<DATETIME>(11:58:44 pm)</DATETIME>
<BODY></BODY>
<COMMENT></COMMENT>
</POST>
<POST>
<USERNAME>aticloose</USERNAME>
<DATETIME>(11:58:45 pm)</DATETIME>
<BODY>night</BODY>
<COMMENT></COMMENT>
</POST>
<POST>
<USERNAME>jerri_lee_ann</USERNAME>
<DATETIME>(11:58:45 pm)</DATETIME>
<BODY>night</BODY>
<COMMENT></COMMENT>
</POST>
</CHATLOG>