<!DOCTYPE CHATLOG SYSTEM 'chatlog.dtd'>
<CHATLOG>
<PREDATOR>
<FIRSTNAME>Gary</FIRSTNAME>
<LASTNAME>Lentz</LASTNAME>
<STATEDNAME>Gary</STATEDNAME>
<STATEDAGE>20</STATEDAGE>
<AGE>22</AGE>
<GENDER>Male</GENDER>
<RACE></RACE>
<CITY>Mt. Clemens</CITY>
<STATE>MI</STATE>
<REPEATOFFENDER>false</REPEATOFFENDER>
<ADMITGUILT>false</ADMITGUILT>
<TRUTHFULNAME>true</TRUTHFULNAME>
<SCREENNAME>
<USERNAME>i_smoke_alotta_weed</USERNAME>
<HOST></HOST>
</SCREENNAME>
</PREDATOR>
<VICTIM>
<FIRSTNAME>Retired Contributor</FIRSTNAME>
<LASTNAME></LASTNAME>
<STATEDNAME>Michaela</STATEDNAME>
<STATEDAGE>13</STATEDAGE>
<GENDER>Female</GENDER>
<RACE>White</RACE>
<CITY>Belleville</CITY>
<STATE>MI</STATE>
<PREVIOUSVICTIMIZATION>false</PREVIOUSVICTIMIZATION>
<ADMITGUILT>true</ADMITGUILT>
<SCREENNAME>
<USERNAME>subat0micwedgy_queen</USERNAME>
<HOST></HOST>
</SCREENNAME>
</VICTIM>
<CODINGVERSION>
<NAME>i_smoke_alotta_weed.elkilmer.coded.txt</NAME>
<CODER>elkilmer</CODER>
</CODINGVERSION>
<POST>
<USERNAME>i_smoke_alotta_weed</USERNAME>
<DATETIME>03/09/08 11:33:46 AM</DATETIME>
<BODY>whut up</BODY>
<COMMENT></COMMENT>
</POST>
<POST>
<USERNAME>subat0micwedgy_queen</USERNAME>
<DATETIME>03/09/08 11:34:24 AM</DATETIME>
<BODY>n/m</BODY>
<COMMENT></COMMENT>
</POST>
<POST>
<USERNAME>subat0micwedgy_queen</USERNAME>
<DATETIME>03/09/08 11:34:24 AM</DATETIME>
<BODY>u</BODY>
<COMMENT></COMMENT>
</POST>
<POST>
<USERNAME>i_smoke_alotta_weed</USERNAME>
<DATETIME>03/09/08 11:34:24 AM</DATETIME>
<BODY>*** PM request channel is busy, wait a moment and try again.</BODY>
<COMMENT></COMMENT>
</POST>
<POST>
<USERNAME>subat0micwedgy_queen</USERNAME>
<DATETIME>03/09/08 11:34:28 AM</DATETIME>
<BODY>huh</BODY>
<COMMENT></COMMENT>
</POST>
<POST>
<USERNAME>i_smoke_alotta_weed</USERNAME>
<DATETIME>03/09/08 11:34:28 AM</DATETIME>
<BODY>*** PM request channel is busy, wait a moment and try again.</BODY>
<COMMENT></COMMENT>
</POST>
<POST>
<USERNAME>subat0micwedgy_queen</USERNAME>
<DATETIME>03/09/08 11:34:34 AM</DATETIME>
<BODY>thats weird</BODY>
<COMMENT></COMMENT>
</POST>
<POST>
<USERNAME>i_smoke_alotta_weed</USERNAME>
<DATETIME>03/09/08 11:34:34 AM</DATETIME>
<BODY>*** PM request channel is busy, wait a moment and try again.</BODY>
<COMMENT></COMMENT>
</POST>
<POST>
<USERNAME>i_smoke_alotta_weed</USERNAME>
<DATETIME>03/09/08 11:34:42 AM</DATETIME>
<BODY>asl</BODY>
<COMMENT></COMMENT>
<CODING>
<VERSION>i_smoke_alotta_weed.elkilmer.coded.txt</VERSION>
<CATEGORY>200</CATEGORY>
<TONE>2</TONE>
</CODING>
</POST>
<POST>
<USERNAME>subat0micwedgy_queen</USERNAME>
<DATETIME>03/09/08 11:34:51 AM</DATETIME>
<BODY>13 f mi</BODY>
<COMMENT></COMMENT>
</POST>
<POST>
<USERNAME>i_smoke_alotta_weed</USERNAME>
<DATETIME>03/09/08 11:35:07 AM</DATETIME>
<BODY>o</BODY>
<COMMENT></COMMENT>
</POST>
<POST>
<USERNAME>subat0micwedgy_queen</USERNAME>
<DATETIME>03/09/08 11:35:22 AM</DATETIME>
<BODY>and u</BODY>
<COMMENT></COMMENT>
</POST>
<POST>
<USERNAME>i_smoke_alotta_weed</USERNAME>
<DATETIME>03/09/08 11:35:29 AM</DATETIME>
<BODY>20 m det</BODY>
<COMMENT></COMMENT>
<CODING>
<VERSION>i_smoke_alotta_weed.elkilmer.coded.txt</VERSION>
<CATEGORY>200</CATEGORY>
<TONE>3</TONE>
</CODING>
</POST>
<POST>
<USERNAME>subat0micwedgy_queen</USERNAME>
<DATETIME>03/09/08 11:35:39 AM</DATETIME>
<BODY>ok im near there</BODY>
<COMMENT></COMMENT>
</POST>
<POST>
<USERNAME>i_smoke_alotta_weed</USERNAME>
<DATETIME>03/09/08 11:35:50 AM</DATETIME>
<BODY>o thats tight</BODY>
<COMMENT></COMMENT>
</POST>
<POST>
<USERNAME>i_smoke_alotta_weed</USERNAME>
<DATETIME>03/09/08 11:35:52 AM</DATETIME>
<BODY>whre u from</BODY>
<COMMENT></COMMENT>
<CODING>
<VERSION>i_smoke_alotta_weed.elkilmer.coded.txt</VERSION>
<CATEGORY>200</CATEGORY>
<TONE>2</TONE>
</CODING>
</POST>
<POST>
<USERNAME>subat0micwedgy_queen</USERNAME>
<DATETIME>03/09/08 11:35:57 AM</DATETIME>
<BODY>belleville</BODY>
<COMMENT></COMMENT>
</POST>
<POST>
<USERNAME>i_smoke_alotta_weed</USERNAME>
<DATETIME>03/09/08 11:36:05 AM</DATETIME>
<BODY>yea i heared fo there</BODY>
<COMMENT></COMMENT>
</POST>
<POST>
<USERNAME>subat0micwedgy_queen</USERNAME>
<DATETIME>03/09/08 11:36:11 AM</DATETIME>
<BODY>coool</BODY>
<COMMENT></COMMENT>
</POST>
<POST>
<USERNAME>subat0micwedgy_queen</USERNAME>
<DATETIME>03/09/08 11:37:07 AM</DATETIME>
<BODY>so whats up</BODY>
<COMMENT></COMMENT>
</POST>
<POST>
<USERNAME>subat0micwedgy_queen</USERNAME>
<DATETIME>03/09/08 11:37:17 AM</DATETIME>
<BODY>u got pix?</BODY>
<COMMENT></COMMENT>
</POST>
<POST>
<USERNAME>i_smoke_alotta_weed</USERNAME>
<DATETIME>03/09/08 11:37:56 AM</DATETIME>
<BODY>www.myspace.com/kinggnikka</BODY>
<COMMENT></COMMENT>
<CODING>
<VERSION>i_smoke_alotta_weed.elkilmer.coded.txt</VERSION>
<CATEGORY>200</CATEGORY>
<TONE>3</TONE>
</CODING>
</POST>
<POST>
<USERNAME>subat0micwedgy_queen</USERNAME>
<DATETIME>03/09/08 11:38:20 AM</DATETIME>
<BODY>k lemme log on and look</BODY>
<COMMENT></COMMENT>
</POST>
<POST>
<USERNAME>subat0micwedgy_queen</USERNAME>
<DATETIME>03/09/08 11:39:32 AM</DATETIME>
<BODY>o cool</BODY>
<COMMENT></COMMENT>
</POST>
<POST>
<USERNAME>subat0micwedgy_queen</USERNAME>
<DATETIME>03/09/08 11:39:39 AM</DATETIME>
<BODY>ur G?</BODY>
<COMMENT></COMMENT>
</POST>
<POST>
<USERNAME>subat0micwedgy_queen</USERNAME>
<DATETIME>03/09/08 11:40:01 AM</DATETIME>
<BODY>mine is *edited*</BODY>
<COMMENT></COMMENT>
</POST>
<POST>
<USERNAME>subat0micwedgy_queen</USERNAME>
<DATETIME>03/09/08 11:40:41 AM</DATETIME>
<BODY>u there??</BODY>
<COMMENT></COMMENT>
</POST>
<POST>
<USERNAME>subat0micwedgy_queen</USERNAME>
<DATETIME>03/09/08 11:41:56 AM</DATETIME>
<BODY></BODY>
<COMMENT></COMMENT>
</POST>
<POST>
<USERNAME>i_smoke_alotta_weed</USERNAME>
<DATETIME>03/09/08 11:42:54 AM</DATETIME>
<BODY>h/o</BODY>
<COMMENT></COMMENT>
</POST>
<POST>
<USERNAME>subat0micwedgy_queen</USERNAME>
<DATETIME>03/09/08 11:43:02 AM</DATETIME>
<BODY>kk</BODY>
<COMMENT></COMMENT>
</POST>
<POST>
<USERNAME>i_smoke_alotta_weed</USERNAME>
<DATETIME>03/09/08 11:44:22 AM</DATETIME>
<BODY>hmm you look good for 13</BODY>
<COMMENT></COMMENT>
</POST>
<POST>
<USERNAME>subat0micwedgy_queen</USERNAME>
<DATETIME>03/09/08 11:44:31 AM</DATETIME>
<BODY>haha ty</BODY>
<COMMENT></COMMENT>
</POST>
<POST>
<USERNAME>subat0micwedgy_queen</USERNAME>
<DATETIME>03/09/08 11:44:35 AM</DATETIME>
<BODY>u look good to</BODY>
<COMMENT></COMMENT>
</POST>
<POST>
<USERNAME>i_smoke_alotta_weed</USERNAME>
<DATETIME>03/09/08 11:45:10 AM</DATETIME>
<BODY>tnx</BODY>
<COMMENT></COMMENT>
</POST>
<POST>
<USERNAME>subat0micwedgy_queen</USERNAME>
<DATETIME>03/09/08 11:45:28 AM</DATETIME>
<BODY>so u smoke a lotta weed? :-P</BODY>
<COMMENT></COMMENT>
</POST>
<POST>
<USERNAME>i_smoke_alotta_weed</USERNAME>
<DATETIME>03/09/08 11:45:56 AM</DATETIME>
<BODY>o yea</BODY>
<COMMENT></COMMENT>
</POST>
<POST>
<USERNAME>i_smoke_alotta_weed</USERNAME>
<DATETIME>03/09/08 11:45:57 AM</DATETIME>
<BODY>fa sho</BODY>
<COMMENT></COMMENT>
</POST>
<POST>
<USERNAME>i_smoke_alotta_weed</USERNAME>
<DATETIME>03/09/08 11:46:16 AM</DATETIME>
<BODY>u</BODY>
<COMMENT></COMMENT>
</POST>
<POST>
<USERNAME>subat0micwedgy_queen</USERNAME>
<DATETIME>03/09/08 11:46:23 AM</DATETIME>
<BODY>hellz ya i smoke some</BODY>
<COMMENT></COMMENT>
</POST>
<POST>
<USERNAME>subat0micwedgy_queen</USERNAME>
<DATETIME>03/09/08 11:46:29 AM</DATETIME>
<BODY>u white oir what</BODY>
<COMMENT></COMMENT>
</POST>
<POST>
<USERNAME>i_smoke_alotta_weed</USERNAME>
<DATETIME>03/09/08 11:46:33 AM</DATETIME>
<BODY>yea</BODY>
<COMMENT></COMMENT>
</POST>
<POST>
<USERNAME>i_smoke_alotta_weed</USERNAME>
<DATETIME>03/09/08 11:46:54 AM</DATETIME>
<BODY>i was raised in detroit though</BODY>
<COMMENT></COMMENT>
<CODING>
<VERSION>i_smoke_alotta_weed.elkilmer.coded.txt</VERSION>
<CATEGORY>200</CATEGORY>
<TONE>3</TONE>
</CODING>
</POST>
<POST>
<USERNAME>subat0micwedgy_queen</USERNAME>
<DATETIME>03/09/08 11:47:00 AM</DATETIME>
<BODY>o dats cool</BODY>
<COMMENT></COMMENT>
</POST>
<POST>
<USERNAME>subat0micwedgy_queen</USERNAME>
<DATETIME>03/09/08 11:47:22 AM</DATETIME>
<BODY>my names mickee</BODY>
<COMMENT></COMMENT>
</POST>
<POST>
<USERNAME>subat0micwedgy_queen</USERNAME>
<DATETIME>03/09/08 11:47:29 AM</DATETIME>
<BODY>short for michaela</BODY>
<COMMENT></COMMENT>
</POST>
<POST>
<USERNAME>i_smoke_alotta_weed</USERNAME>
<DATETIME>03/09/08 11:47:41 AM</DATETIME>
<BODY>is that spansih</BODY>
<COMMENT></COMMENT>
</POST>
<POST>
<USERNAME>i_smoke_alotta_weed</USERNAME>
<DATETIME>03/09/08 11:47:43 AM</DATETIME>
<BODY>?</BODY>
<COMMENT></COMMENT>
</POST>
<POST>
<USERNAME>subat0micwedgy_queen</USERNAME>
<DATETIME>03/09/08 11:47:48 AM</DATETIME>
<BODY>no</BODY>
<COMMENT></COMMENT>
</POST>
<POST>
<USERNAME>subat0micwedgy_queen</USERNAME>
<DATETIME>03/09/08 11:47:56 AM</DATETIME>
<BODY>my mom just liked it</BODY>
<COMMENT></COMMENT>
</POST>
<POST>
<USERNAME>i_smoke_alotta_weed</USERNAME>
<DATETIME>03/09/08 11:48:00 AM</DATETIME>
<BODY>o i c</BODY>
<COMMENT></COMMENT>
</POST>
<POST>
<USERNAME>subat0micwedgy_queen</USERNAME>
<DATETIME>03/09/08 11:48:03 AM</DATETIME>
<BODY>im like german italian</BODY>
<COMMENT></COMMENT>
</POST>
<POST>
<USERNAME>i_smoke_alotta_weed</USERNAME>
<DATETIME>03/09/08 11:48:07 AM</DATETIME>
<BODY>whut nationality r u</BODY>
<COMMENT></COMMENT>
<CODING>
<VERSION>i_smoke_alotta_weed.elkilmer.coded.txt</VERSION>
<CATEGORY>200</CATEGORY>
<TONE>2</TONE>
</CODING>
</POST>
<POST>
<USERNAME>i_smoke_alotta_weed</USERNAME>
<DATETIME>03/09/08 11:48:10 AM</DATETIME>
<BODY>o ok</BODY>
<COMMENT></COMMENT>
</POST>
<POST>
<USERNAME>subat0micwedgy_queen</USERNAME>
<DATETIME>03/09/08 11:48:17 AM</DATETIME>
<BODY>u got a name??</BODY>
<COMMENT></COMMENT>
</POST>
<POST>
<USERNAME>i_smoke_alotta_weed</USERNAME>
<DATETIME>03/09/08 11:48:42 AM</DATETIME>
<BODY>gary</BODY>
<COMMENT></COMMENT>
<CODING>
<VERSION>i_smoke_alotta_weed.elkilmer.coded.txt</VERSION>
<CATEGORY>200</CATEGORY>
<TONE>3</TONE>
</CODING>
</POST>
<POST>
<USERNAME>i_smoke_alotta_weed</USERNAME>
<DATETIME>03/09/08 11:48:43 AM</DATETIME>
<BODY>you</BODY>
<COMMENT></COMMENT>
</POST>
<POST>
<USERNAME>subat0micwedgy_queen</USERNAME>
<DATETIME>03/09/08 11:48:52 AM</DATETIME>
<BODY>mickee</BODY>
<COMMENT></COMMENT>
</POST>
<POST>
<USERNAME>subat0micwedgy_queen</USERNAME>
<DATETIME>03/09/08 11:48:53 AM</DATETIME>
<BODY>lol</BODY>
<COMMENT></COMMENT>
</POST>
<POST>
<USERNAME>i_smoke_alotta_weed</USERNAME>
<DATETIME>03/09/08 11:48:56 AM</DATETIME>
<BODY>o yea</BODY>
<COMMENT></COMMENT>
</POST>
<POST>
<USERNAME>i_smoke_alotta_weed</USERNAME>
<DATETIME>03/09/08 11:48:58 AM</DATETIME>
<BODY>my bad</BODY>
<COMMENT></COMMENT>
</POST>
<POST>
<USERNAME>i_smoke_alotta_weed</USERNAME>
<DATETIME>03/09/08 11:49:01 AM</DATETIME>
<BODY>i was drunk last night</BODY>
<COMMENT></COMMENT>
</POST>
<POST>
<USERNAME>subat0micwedgy_queen</USERNAME>
<DATETIME>03/09/08 11:49:01 AM</DATETIME>
<BODY>lol</BODY>
<COMMENT></COMMENT>
</POST>
<POST>
<USERNAME>i_smoke_alotta_weed</USERNAME>
<DATETIME>03/09/08 11:49:03 AM</DATETIME>
<BODY>my brain skipped</BODY>
<COMMENT></COMMENT>
</POST>
<POST>
<USERNAME>subat0micwedgy_queen</USERNAME>
<DATETIME>03/09/08 11:49:06 AM</DATETIME>
<BODY>oooh ya</BODY>
<COMMENT></COMMENT>
</POST>
<POST>
<USERNAME>i_smoke_alotta_weed</USERNAME>
<DATETIME>03/09/08 11:49:09 AM</DATETIME>
<BODY>im still hung over</BODY>
<COMMENT></COMMENT>
</POST>
<POST>
<USERNAME>subat0micwedgy_queen</USERNAME>
<DATETIME>03/09/08 11:49:13 AM</DATETIME>
<BODY>damn</BODY>
<COMMENT></COMMENT>
</POST>
<POST>
<USERNAME>i_smoke_alotta_weed</USERNAME>
<DATETIME>03/09/08 11:49:15 AM</DATETIME>
<BODY>ol</BODY>
<COMMENT></COMMENT>
</POST>
<POST>
<USERNAME>subat0micwedgy_queen</USERNAME>
<DATETIME>03/09/08 11:49:22 AM</DATETIME>
<BODY>u like to party huh</BODY>
<COMMENT></COMMENT>
</POST>
<POST>
<USERNAME>i_smoke_alotta_weed</USERNAME>
<DATETIME>03/09/08 11:49:43 AM</DATETIME>
<BODY>yea</BODY>
<COMMENT></COMMENT>
</POST>
<POST>
<USERNAME>subat0micwedgy_queen</USERNAME>
<DATETIME>03/09/08 11:50:17 AM</DATETIME>
<BODY>ya me to</BODY>
<COMMENT></COMMENT>
</POST>
<POST>
<USERNAME>i_smoke_alotta_weed</USERNAME>
<DATETIME>03/09/08 11:50:28 AM</DATETIME>
<BODY>thats tight</BODY>
<COMMENT></COMMENT>
</POST>
<POST>
<USERNAME>subat0micwedgy_queen</USERNAME>
<DATETIME>03/09/08 11:50:55 AM</DATETIME>
<BODY>:)</BODY>
<COMMENT></COMMENT>
</POST>
<POST>
<USERNAME>i_smoke_alotta_weed</USERNAME>
<DATETIME>03/09/08 11:51:11 AM</DATETIME>
<BODY>u good or bad girl</BODY>
<COMMENT></COMMENT>
</POST>
<POST>
<USERNAME>subat0micwedgy_queen</USERNAME>
<DATETIME>03/09/08 11:51:22 AM</DATETIME>
<BODY>haha sometimes both</BODY>
<COMMENT></COMMENT>
</POST>
<POST>
<USERNAME>i_smoke_alotta_weed</USERNAME>
<DATETIME>03/09/08 11:51:27 AM</DATETIME>
<BODY>lol</BODY>
<COMMENT></COMMENT>
</POST>
<POST>
<USERNAME>i_smoke_alotta_weed</USERNAME>
<DATETIME>03/09/08 11:51:28 AM</DATETIME>
<BODY>hmm</BODY>
<COMMENT></COMMENT>
</POST>
<POST>
<USERNAME>subat0micwedgy_queen</USERNAME>
<DATETIME>03/09/08 11:51:46 AM</DATETIME>
<BODY>ask my mom ima angelO:-)</BODY>
<COMMENT></COMMENT>
</POST>
<POST>
<USERNAME>i_smoke_alotta_weed</USERNAME>
<DATETIME>03/09/08 11:51:50 AM</DATETIME>
<BODY>lol</BODY>
<COMMENT></COMMENT>
</POST>
<POST>
<USERNAME>subat0micwedgy_queen</USERNAME>
<DATETIME>03/09/08 11:51:54 AM</DATETIME>
<BODY>ask sum1 else....>:)</BODY>
<COMMENT></COMMENT>
</POST>
<POST>
<USERNAME>i_smoke_alotta_weed</USERNAME>
<DATETIME>03/09/08 11:52:01 AM</DATETIME>
<BODY>im jsut sayin im 20 i can get in troube for takin to you</BODY>
<COMMENT></COMMENT>
<CODING>
<VERSION>i_smoke_alotta_weed.elkilmer.coded.txt</VERSION>
<CATEGORY>900</CATEGORY>
<TONE>1</TONE>
</CODING>
</POST>
<POST>
<USERNAME>i_smoke_alotta_weed</USERNAME>
<DATETIME>03/09/08 11:52:02 AM</DATETIME>
<BODY>lol</BODY>
<COMMENT></COMMENT>
</POST>
<POST>
<USERNAME>subat0micwedgy_queen</USERNAME>
<DATETIME>03/09/08 11:52:08 AM</DATETIME>
<BODY>ya i no</BODY>
<COMMENT></COMMENT>
</POST>
<POST>
<USERNAME>subat0micwedgy_queen</USERNAME>
<DATETIME>03/09/08 11:52:27 AM</DATETIME>
<BODY>but i dont tell my mom shit u no?</BODY>
<COMMENT></COMMENT>
</POST>
<POST>
<USERNAME>i_smoke_alotta_weed</USERNAME>
<DATETIME>03/09/08 11:52:34 AM</DATETIME>
<BODY>yea i know thast tight</BODY>
<COMMENT></COMMENT>
</POST>
<POST>
<USERNAME>subat0micwedgy_queen</USERNAME>
<DATETIME>03/09/08 11:52:46 AM</DATETIME>
<BODY>like when i ditch skool</BODY>
<COMMENT></COMMENT>
</POST>
<POST>
<USERNAME>i_smoke_alotta_weed</USERNAME>
<DATETIME>03/09/08 11:52:59 AM</DATETIME>
<BODY>lol</BODY>
<COMMENT></COMMENT>
</POST>
<POST>
<USERNAME>subat0micwedgy_queen</USERNAME>
<DATETIME>03/09/08 11:53:15 AM</DATETIME>
<BODY>she didnt even no about my ex jared</BODY>
<COMMENT></COMMENT>
</POST>
<POST>
<USERNAME>i_smoke_alotta_weed</USERNAME>
<DATETIME>03/09/08 11:53:21 AM</DATETIME>
<BODY>well i guess we can hang out i guess</BODY>
<COMMENT></COMMENT>
<CODING>
<VERSION>i_smoke_alotta_weed.elkilmer.coded.txt</VERSION>
<CATEGORY>900</CATEGORY>
<TONE>1</TONE>
</CODING>
</POST>
<POST>
<USERNAME>i_smoke_alotta_weed</USERNAME>
<DATETIME>03/09/08 11:53:25 AM</DATETIME>
<BODY>if u want</BODY>
<COMMENT></COMMENT>
</POST>
<POST>
<USERNAME>i_smoke_alotta_weed</USERNAME>
<DATETIME>03/09/08 11:53:26 AM</DATETIME>
<BODY>to</BODY>
<COMMENT></COMMENT>
</POST>
<POST>
<USERNAME>subat0micwedgy_queen</USERNAME>
<DATETIME>03/09/08 11:53:28 AM</DATETIME>
<BODY>ya ur cool</BODY>
<COMMENT></COMMENT>
</POST>
<POST>
<USERNAME>i_smoke_alotta_weed</USERNAME>
<DATETIME>03/09/08 11:53:39 AM</DATETIME>
<BODY>bellevie way though ol</BODY>
<COMMENT></COMMENT>
<CODING>
<VERSION>i_smoke_alotta_weed.elkilmer.coded.txt</VERSION>
<CATEGORY>900</CATEGORY>
<TONE>1</TONE>
</CODING>
</POST>
<POST>
<USERNAME>i_smoke_alotta_weed</USERNAME>
<DATETIME>03/09/08 11:53:41 AM</DATETIME>
<BODY>but its kool</BODY>
<COMMENT></COMMENT>
</POST>
<POST>
<USERNAME>subat0micwedgy_queen</USERNAME>
<DATETIME>03/09/08 11:53:52 AM</DATETIME>
<BODY>belleville huh?</BODY>
<COMMENT></COMMENT>
</POST>
<POST>
<USERNAME>i_smoke_alotta_weed</USERNAME>
<DATETIME>03/09/08 11:54:01 AM</DATETIME>
<BODY>yea</BODY>
<COMMENT></COMMENT>
</POST>
<POST>
<USERNAME>i_smoke_alotta_weed</USERNAME>
<DATETIME>03/09/08 11:54:04 AM</DATETIME>
<BODY>im in mt clemens</BODY>
<COMMENT></COMMENT>
<CODING>
<VERSION>i_smoke_alotta_weed.elkilmer.coded.txt</VERSION>
<CATEGORY>900</CATEGORY>
<TONE>1</TONE>
</CODING>
</POST>
<POST>
<USERNAME>subat0micwedgy_queen</USERNAME>
<DATETIME>03/09/08 11:54:12 AM</DATETIME>
<BODY>o ya i been there</BODY>
<COMMENT></COMMENT>
</POST>
<POST>
<USERNAME>i_smoke_alotta_weed</USERNAME>
<DATETIME>03/09/08 11:54:23 AM</DATETIME>
<BODY>yea party city</BODY>
<COMMENT></COMMENT>
</POST>
<POST>
<USERNAME>subat0micwedgy_queen</USERNAME>
<DATETIME>03/09/08 11:54:34 AM</DATETIME>
<BODY>:-P</BODY>
<COMMENT></COMMENT>
</POST>
<POST>
<USERNAME>i_smoke_alotta_weed</USERNAME>
<DATETIME>03/09/08 11:54:41 AM</DATETIME>
<BODY>u got a cell</BODY>
<COMMENT></COMMENT>
<CODING>
<VERSION>i_smoke_alotta_weed.elkilmer.coded.txt</VERSION>
<CATEGORY>900</CATEGORY>
<TONE>2</TONE>
</CODING>
</POST>
<POST>
<USERNAME>i_smoke_alotta_weed</USERNAME>
<DATETIME>03/09/08 11:54:48 AM</DATETIME>
<BODY>we can talk on phone</BODY>
<COMMENT></COMMENT>
<CODING>
<VERSION>i_smoke_alotta_weed.elkilmer.coded.txt</VERSION>
<CATEGORY>900</CATEGORY>
<TONE>1</TONE>
</CODING>
</POST>
<POST>
<USERNAME>subat0micwedgy_queen</USERNAME>
<DATETIME>03/09/08 11:54:55 AM</DATETIME>
<BODY>i ran up my minits :(</BODY>
<COMMENT></COMMENT>
</POST>
<POST>
<USERNAME>subat0micwedgy_queen</USERNAME>
<DATETIME>03/09/08 11:54:58 AM</DATETIME>
<BODY>she took it</BODY>
<COMMENT></COMMENT>
</POST>
<POST>
<USERNAME>i_smoke_alotta_weed</USERNAME>
<DATETIME>03/09/08 11:55:00 AM</DATETIME>
<BODY>lol</BODY>
<COMMENT></COMMENT>
</POST>
<POST>
<USERNAME>subat0micwedgy_queen</USERNAME>
<DATETIME>03/09/08 11:55:10 AM</DATETIME>
<BODY>u think thats funny huh</BODY>
<COMMENT></COMMENT>
</POST>
<POST>
<USERNAME>i_smoke_alotta_weed</USERNAME>
<DATETIME>03/09/08 11:55:14 AM</DATETIME>
<BODY>no</BODY>
<COMMENT></COMMENT>
</POST>
<POST>
<USERNAME>i_smoke_alotta_weed</USERNAME>
<DATETIME>03/09/08 11:55:15 AM</DATETIME>
<BODY>lol</BODY>
<COMMENT></COMMENT>
</POST>
<POST>
<USERNAME>subat0micwedgy_queen</USERNAME>
<DATETIME>03/09/08 11:55:30 AM</DATETIME>
<BODY>i finally get a wekend to myslef</BODY>
<COMMENT></COMMENT>
</POST>
<POST>
<USERNAME>subat0micwedgy_queen</USERNAME>
<DATETIME>03/09/08 11:55:35 AM</DATETIME>
<BODY>and shes calling all the time</BODY>
<COMMENT></COMMENT>
</POST>
<POST>
<USERNAME>subat0micwedgy_queen</USERNAME>
<DATETIME>03/09/08 11:55:39 AM</DATETIME>
<BODY>with more chores</BODY>
<COMMENT></COMMENT>
</POST>
<POST>
<USERNAME>i_smoke_alotta_weed</USERNAME>
<DATETIME>03/09/08 11:55:41 AM</DATETIME>
<BODY>lol</BODY>
<COMMENT></COMMENT>
</POST>
<POST>
<USERNAME>i_smoke_alotta_weed</USERNAME>
<DATETIME>03/09/08 11:55:57 AM</DATETIME>
<BODY>thats not good</BODY>
<COMMENT></COMMENT>
</POST>
<POST>
<USERNAME>subat0micwedgy_queen</USERNAME>
<DATETIME>03/09/08 11:56:01 AM</DATETIME>
<BODY>naw</BODY>
<COMMENT></COMMENT>
</POST>
<POST>
<USERNAME>subat0micwedgy_queen</USERNAME>
<DATETIME>03/09/08 11:56:03 AM</DATETIME>
<BODY>it sux</BODY>
<COMMENT></COMMENT>
</POST>
<POST>
<USERNAME>i_smoke_alotta_weed</USERNAME>
<DATETIME>03/09/08 11:56:08 AM</DATETIME>
<BODY>lol</BODY>
<COMMENT></COMMENT>
</POST>
<POST>
<USERNAME>i_smoke_alotta_weed</USERNAME>
<DATETIME>03/09/08 11:57:24 AM</DATETIME>
<BODY>so whut up</BODY>
<COMMENT></COMMENT>
</POST>
<POST>
<USERNAME>subat0micwedgy_queen</USERNAME>
<DATETIME>03/09/08 11:57:30 AM</DATETIME>
<BODY>just chillin</BODY>
<COMMENT></COMMENT>
</POST>
<POST>
<USERNAME>i_smoke_alotta_weed</USERNAME>
<DATETIME>03/09/08 11:57:35 AM</DATETIME>
<BODY>jsut chillin</BODY>
<COMMENT></COMMENT>
</POST>
<POST>
<USERNAME>subat0micwedgy_queen</USERNAME>
<DATETIME>03/09/08 11:57:44 AM</DATETIME>
<BODY>ya</BODY>
<COMMENT></COMMENT>
</POST>
<POST>
<USERNAME>i_smoke_alotta_weed</USERNAME>
<DATETIME>03/09/08 11:57:47 AM</DATETIME>
<BODY>mhmm</BODY>
<COMMENT></COMMENT>
</POST>
<POST>
<USERNAME>subat0micwedgy_queen</USERNAME>
<DATETIME>03/09/08 11:58:12 AM</DATETIME>
<BODY>haha i just got done wit the chores she called about yesterday</BODY>
<COMMENT></COMMENT>
</POST>
<POST>
<USERNAME>subat0micwedgy_queen</USERNAME>
<DATETIME>03/09/08 11:58:21 AM</DATETIME>
<BODY>cat box and vacuming</BODY>
<COMMENT></COMMENT>
</POST>
<POST>
<USERNAME>i_smoke_alotta_weed</USERNAME>
<DATETIME>03/09/08 11:58:21 AM</DATETIME>
<BODY>thats good</BODY>
<COMMENT></COMMENT>
</POST>
<POST>
<USERNAME>subat0micwedgy_queen</USERNAME>
<DATETIME>03/09/08 11:58:27 AM</DATETIME>
<BODY>:-&</BODY>
<COMMENT></COMMENT>
</POST>
<POST>
<USERNAME>i_smoke_alotta_weed</USERNAME>
<DATETIME>03/09/08 11:58:52 AM</DATETIME>
<BODY>lo</BODY>
<COMMENT></COMMENT>
</POST>
<POST>
<USERNAME>i_smoke_alotta_weed</USERNAME>
<DATETIME>03/09/08 11:58:55 AM</DATETIME>
<BODY>l</BODY>
<COMMENT></COMMENT>
</POST>
<POST>
<USERNAME>subat0micwedgy_queen</USERNAME>
<DATETIME>03/09/08 11:59:35 AM</DATETIME>
<BODY>i told her im going to church wit the neghbots today so dont call 4 a while LOL</BODY>
<COMMENT></COMMENT>
</POST>
<POST>
<USERNAME>subat0micwedgy_queen</USERNAME>
<DATETIME>03/09/08 12:00:00 PM</DATETIME>
<BODY>=))</BODY>
<COMMENT></COMMENT>
</POST>
<POST>
<USERNAME>i_smoke_alotta_weed</USERNAME>
<DATETIME>03/09/08 12:00:12 PM</DATETIME>
<BODY>lol k</BODY>
<COMMENT></COMMENT>
</POST>
<POST>
<USERNAME>i_smoke_alotta_weed</USERNAME>
<DATETIME>03/09/08 12:00:21 PM</DATETIME>
<BODY>whuts ur # so i can call u</BODY>
<COMMENT></COMMENT>
<CODING>
<VERSION>i_smoke_alotta_weed.elkilmer.coded.txt</VERSION>
<CATEGORY>900</CATEGORY>
<TONE>2</TONE>
</CODING>
</POST>
<POST>
<USERNAME>subat0micwedgy_queen</USERNAME>
<DATETIME>03/09/08 12:00:29 PM</DATETIME>
<BODY>y u wanna call</BODY>
<COMMENT></COMMENT>
</POST>
<POST>
<USERNAME>i_smoke_alotta_weed</USERNAME>
<DATETIME>03/09/08 12:00:34 PM</DATETIME>
<BODY>so we can talk</BODY>
<COMMENT></COMMENT>
<CODING>
<VERSION>i_smoke_alotta_weed.elkilmer.coded.txt</VERSION>
<CATEGORY>900</CATEGORY>
<TONE>3</TONE>
</CODING>
</POST>
<POST>
<USERNAME>i_smoke_alotta_weed</USERNAME>
<DATETIME>03/09/08 12:00:35 PM</DATETIME>
<BODY>why not</BODY>
<COMMENT></COMMENT>
</POST>
<POST>
<USERNAME>subat0micwedgy_queen</USERNAME>
<DATETIME>03/09/08 12:00:47 PM</DATETIME>
<BODY>the number goes to her cell</BODY>
<COMMENT></COMMENT>
</POST>
<POST>
<USERNAME>i_smoke_alotta_weed</USERNAME>
<DATETIME>03/09/08 12:00:53 PM</DATETIME>
<BODY>u gto house #</BODY>
<COMMENT></COMMENT>
<CODING>
<VERSION>i_smoke_alotta_weed.elkilmer.coded.txt</VERSION>
<CATEGORY>900</CATEGORY>
<TONE>2</TONE>
</CODING>
</POST>
<POST>
<USERNAME>subat0micwedgy_queen</USERNAME>
<DATETIME>03/09/08 12:00:59 PM</DATETIME>
<BODY>ya</BODY>
<COMMENT></COMMENT>
</POST>
<POST>
<USERNAME>i_smoke_alotta_weed</USERNAME>
<DATETIME>03/09/08 12:01:07 PM</DATETIME>
<BODY>il call u</BODY>
<COMMENT></COMMENT>
<CODING>
<VERSION>i_smoke_alotta_weed.elkilmer.coded.txt</VERSION>
<CATEGORY>900</CATEGORY>
<TONE>1</TONE>
</CODING>
</POST>
<POST>
<USERNAME>i_smoke_alotta_weed</USERNAME>
<DATETIME>03/09/08 12:01:11 PM</DATETIME>
<BODY>whuts ur #</BODY>
<COMMENT></COMMENT>
<CODING>
<VERSION>i_smoke_alotta_weed.elkilmer.coded.txt</VERSION>
<CATEGORY>900</CATEGORY>
<TONE>2</TONE>
</CODING>
</POST>
<POST>
<USERNAME>subat0micwedgy_queen</USERNAME>
<DATETIME>03/09/08 12:01:27 PM</DATETIME>
<BODY>itll go to her call forwad</BODY>
<COMMENT></COMMENT>
</POST>
<POST>
<USERNAME>subat0micwedgy_queen</USERNAME>
<DATETIME>03/09/08 12:01:33 PM</DATETIME>
<BODY>it gets forwaded</BODY>
<COMMENT></COMMENT>
</POST>
<POST>
<USERNAME>i_smoke_alotta_weed</USERNAME>
<DATETIME>03/09/08 12:01:39 PM</DATETIME>
<BODY>wel fuk it then</BODY>
<COMMENT></COMMENT>
</POST>
<POST>
<USERNAME>subat0micwedgy_queen</USERNAME>
<DATETIME>03/09/08 12:01:44 PM</DATETIME>
<BODY>ya it sux</BODY>
<COMMENT></COMMENT>
</POST>
<POST>
<USERNAME>subat0micwedgy_queen</USERNAME>
<DATETIME>03/09/08 12:01:58 PM</DATETIME>
<BODY>maybe i can call u if i can find my fone card</BODY>
<COMMENT></COMMENT>
</POST>
<POST>
<USERNAME>i_smoke_alotta_weed</USERNAME>
<DATETIME>03/09/08 12:02:18 PM</DATETIME>
<BODY>k</BODY>
<COMMENT></COMMENT>
</POST>
<POST>
<USERNAME>subat0micwedgy_queen</USERNAME>
<DATETIME>03/09/08 12:02:24 PM</DATETIME>
<BODY>lemme look</BODY>
<COMMENT></COMMENT>
</POST>
<POST>
<USERNAME>subat0micwedgy_queen</USERNAME>
<DATETIME>03/09/08 12:07:05 PM</DATETIME>
<BODY>k</BODY>
<COMMENT></COMMENT>
</POST>
<POST>
<USERNAME>subat0micwedgy_queen</USERNAME>
<DATETIME>03/09/08 12:07:14 PM</DATETIME>
<BODY>lemme check the minutes</BODY>
<COMMENT></COMMENT>
</POST>
<POST>
<USERNAME>subat0micwedgy_queen</USERNAME>
<DATETIME>03/09/08 12:08:16 PM</DATETIME>
<BODY>ok</BODY>
<COMMENT></COMMENT>
</POST>
<POST>
<USERNAME>subat0micwedgy_queen</USERNAME>
<DATETIME>03/09/08 12:08:20 PM</DATETIME>
<BODY>whats ur digits</BODY>
<COMMENT></COMMENT>
</POST>
<POST>
<USERNAME>subat0micwedgy_queen</USERNAME>
<DATETIME>03/09/08 12:08:39 PM</DATETIME>
<BODY></BODY>
<COMMENT></COMMENT>
</POST>
<POST>
<USERNAME>i_smoke_alotta_weed</USERNAME>
<DATETIME>03/09/08 12:08:51 PM</DATETIME>
<BODY>k</BODY>
<COMMENT></COMMENT>
</POST>
<POST>
<USERNAME>i_smoke_alotta_weed</USERNAME>
<DATETIME>03/09/08 12:08:57 PM</DATETIME>
<BODY>5867923604</BODY>
<COMMENT></COMMENT>
<CODING>
<VERSION>i_smoke_alotta_weed.elkilmer.coded.txt</VERSION>
<CATEGORY>900</CATEGORY>
<TONE>3</TONE>
</CODING>
</POST>
<POST>
<USERNAME>subat0micwedgy_queen</USERNAME>
<DATETIME>03/09/08 12:09:10 PM</DATETIME>
<BODY>kk</BODY>
<COMMENT></COMMENT>
</POST>
<POST>
<USERNAME>i_smoke_alotta_weed</USERNAME>
<DATETIME>03/09/08 12:11:58 PM</DATETIME>
<BODY>whut up</BODY>
<COMMENT></COMMENT>
</POST>
<POST>
<USERNAME>subat0micwedgy_queen</USERNAME>
<DATETIME>03/09/08 12:12:40 PM</DATETIME>
<BODY>sorry calling now</BODY>
<COMMENT></COMMENT>
</POST>
<POST>
<USERNAME>i_smoke_alotta_weed</USERNAME>
<DATETIME>03/09/08 12:12:46 PM</DATETIME>
<BODY>k</BODY>
<COMMENT></COMMENT>
</POST>
<POST>
<USERNAME>i_smoke_alotta_weed</USERNAME>
<DATETIME>03/09/08 12:20:02 PM</DATETIME>
<BODY>whuts up</BODY>
<COMMENT></COMMENT>
</POST>
<POST>
<USERNAME>subat0micwedgy_queen</USERNAME>
<DATETIME>03/09/08 12:22:44 PM</DATETIME>
<BODY>hey hold on neighbors</BODY>
<COMMENT></COMMENT>
</POST>
<POST>
<USERNAME>i_smoke_alotta_weed</USERNAME>
<DATETIME>03/09/08 12:23:39 PM</DATETIME>
<BODY>k</BODY>
<COMMENT></COMMENT>
</POST>
<POST>
<USERNAME>i_smoke_alotta_weed</USERNAME>
<DATETIME>03/09/08 12:25:24 PM</DATETIME>
<BODY>i got half a pint left u want me to bring it</BODY>
<COMMENT></COMMENT>
</POST>
<POST>
<USERNAME>subat0micwedgy_queen</USERNAME>
<DATETIME>03/09/08 12:25:34 PM</DATETIME>
<BODY>o maybe</BODY>
<COMMENT></COMMENT>
</POST>
<POST>
<USERNAME>i_smoke_alotta_weed</USERNAME>
<DATETIME>03/09/08 12:25:53 PM</DATETIME>
<BODY>u drink?</BODY>
<COMMENT></COMMENT>
<CODING>
<VERSION>i_smoke_alotta_weed.elkilmer.coded.txt</VERSION>
<CATEGORY>200</CATEGORY>
<TONE>2</TONE>
</CODING>
</POST>
<POST>
<USERNAME>subat0micwedgy_queen</USERNAME>
<DATETIME>03/09/08 12:26:02 PM</DATETIME>
<BODY>o ya</BODY>
<COMMENT></COMMENT>
</POST>
<POST>
<USERNAME>i_smoke_alotta_weed</USERNAME>
<DATETIME>03/09/08 12:26:11 PM</DATETIME>
<BODY>well il bring it</BODY>
<COMMENT></COMMENT>
</POST>
<POST>
<USERNAME>i_smoke_alotta_weed</USERNAME>
<DATETIME>03/09/08 12:26:11 PM</DATETIME>
<BODY>lol</BODY>
<COMMENT></COMMENT>
</POST>
<POST>
<USERNAME>subat0micwedgy_queen</USERNAME>
<DATETIME>03/09/08 12:26:44 PM</DATETIME>
<BODY>kk</BODY>
<COMMENT></COMMENT>
</POST>
<POST>
<USERNAME>subat0micwedgy_queen</USERNAME>
<DATETIME>03/09/08 12:26:55 PM</DATETIME>
<BODY>what esle u got</BODY>
<COMMENT></COMMENT>
</POST>
<POST>
<USERNAME>subat0micwedgy_queen</USERNAME>
<DATETIME>03/09/08 12:27:06 PM</DATETIME>
<BODY>i dont really like beer that much</BODY>
<COMMENT></COMMENT>
</POST>
<POST>
<USERNAME>subat0micwedgy_queen</USERNAME>
<DATETIME>03/09/08 12:27:09 PM</DATETIME>
<BODY>sorry</BODY>
<COMMENT></COMMENT>
</POST>
<POST>
<USERNAME>i_smoke_alotta_weed</USERNAME>
<DATETIME>03/09/08 12:27:52 PM</DATETIME>
<BODY>no iquor</BODY>
<COMMENT></COMMENT>
</POST>
<POST>
<USERNAME>i_smoke_alotta_weed</USERNAME>
<DATETIME>03/09/08 12:27:54 PM</DATETIME>
<BODY>its liquor</BODY>
<COMMENT></COMMENT>
</POST>
<POST>
<USERNAME>subat0micwedgy_queen</USERNAME>
<DATETIME>03/09/08 12:27:59 PM</DATETIME>
<BODY>o what kind</BODY>
<COMMENT></COMMENT>
</POST>
<POST>
<USERNAME>i_smoke_alotta_weed</USERNAME>
<DATETIME>03/09/08 12:28:21 PM</DATETIME>
<BODY>e and j</BODY>
<COMMENT></COMMENT>
</POST>
<POST>
<USERNAME>subat0micwedgy_queen</USERNAME>
<DATETIME>03/09/08 12:29:00 PM</DATETIME>
<BODY>um</BODY>
<COMMENT></COMMENT>
</POST>
<POST>
<USERNAME>subat0micwedgy_queen</USERNAME>
<DATETIME>03/09/08 12:29:02 PM</DATETIME>
<BODY>ok</BODY>
<COMMENT></COMMENT>
</POST>
<POST>
<USERNAME>subat0micwedgy_queen</USERNAME>
<DATETIME>03/09/08 12:30:02 PM</DATETIME>
<BODY>so</BODY>
<COMMENT></COMMENT>
</POST>
<POST>
<USERNAME>subat0micwedgy_queen</USERNAME>
<DATETIME>03/09/08 12:30:29 PM</DATETIME>
<BODY>thats like what</BODY>
<COMMENT></COMMENT>
</POST>
<POST>
<USERNAME>i_smoke_alotta_weed</USERNAME>
<DATETIME>03/09/08 12:30:29 PM</DATETIME>
<BODY>whuts ur adress</BODY>
<COMMENT></COMMENT>
<CODING>
<VERSION>i_smoke_alotta_weed.elkilmer.coded.txt</VERSION>
<CATEGORY>900</CATEGORY>
<TONE>2</TONE>
</CODING>
</POST>
<POST>
<USERNAME>i_smoke_alotta_weed</USERNAME>
<DATETIME>03/09/08 12:30:34 PM</DATETIME>
<BODY>lie</BODY>
<COMMENT></COMMENT>
</POST>
<POST>
<USERNAME>i_smoke_alotta_weed</USERNAME>
<DATETIME>03/09/08 12:30:36 PM</DATETIME>
<BODY>liquor</BODY>
<COMMENT></COMMENT>
</POST>
<POST>
<USERNAME>i_smoke_alotta_weed</USERNAME>
<DATETIME>03/09/08 12:30:38 PM</DATETIME>
<BODY>brandy</BODY>
<COMMENT></COMMENT>
</POST>
<POST>
<USERNAME>subat0micwedgy_queen</USERNAME>
<DATETIME>03/09/08 12:30:41 PM</DATETIME>
<BODY>wisky?</BODY>
<COMMENT></COMMENT>
</POST>
<POST>
<USERNAME>subat0micwedgy_queen</USERNAME>
<DATETIME>03/09/08 12:30:43 PM</DATETIME>
<BODY>ooh ok</BODY>
<COMMENT></COMMENT>
</POST>
<POST>
<USERNAME>subat0micwedgy_queen</USERNAME>
<DATETIME>03/09/08 12:30:49 PM</DATETIME>
<BODY>well what u wanna do?</BODY>
<COMMENT></COMMENT>
</POST>
<POST>
<USERNAME>i_smoke_alotta_weed</USERNAME>
<DATETIME>03/09/08 12:30:57 PM</DATETIME>
<BODY>chill with oyu hun</BODY>
<COMMENT></COMMENT>
</POST>
<POST>
<USERNAME>i_smoke_alotta_weed</USERNAME>
<DATETIME>03/09/08 12:30:58 PM</DATETIME>
<BODY>lo</BODY>
<COMMENT></COMMENT>
</POST>
<POST>
<USERNAME>subat0micwedgy_queen</USERNAME>
<DATETIME>03/09/08 12:31:22 PM</DATETIME>
<BODY>ya but like how</BODY>
<COMMENT></COMMENT>
</POST>
<POST>
<USERNAME>subat0micwedgy_queen</USERNAME>
<DATETIME>03/09/08 12:31:30 PM</DATETIME>
<BODY>i dont think u just wanna drink with me</BODY>
<COMMENT></COMMENT>
</POST>
<POST>
<USERNAME>i_smoke_alotta_weed</USERNAME>
<DATETIME>03/09/08 12:31:43 PM</DATETIME>
<BODY>yea i know</BODY>
<COMMENT></COMMENT>
</POST>
<POST>
<USERNAME>i_smoke_alotta_weed</USERNAME>
<DATETIME>03/09/08 12:31:54 PM</DATETIME>
<BODY>i wanna make u feel good</BODY>
<COMMENT></COMMENT>
<CODING>
<VERSION>i_smoke_alotta_weed.elkilmer.coded.txt</VERSION>
<CATEGORY>600</CATEGORY>
<TONE>1</TONE>
</CODING>
</POST>
<POST>
<USERNAME>i_smoke_alotta_weed</USERNAME>
<DATETIME>03/09/08 12:31:56 PM</DATETIME>
<BODY>:)</BODY>
<COMMENT></COMMENT>
</POST>
<POST>
<USERNAME>subat0micwedgy_queen</USERNAME>
<DATETIME>03/09/08 12:32:04 PM</DATETIME>
<BODY>with e and j?</BODY>
<COMMENT></COMMENT>
</POST>
<POST>
<USERNAME>i_smoke_alotta_weed</USERNAME>
<DATETIME>03/09/08 12:32:15 PM</DATETIME>
<BODY>nah by me</BODY>
<COMMENT></COMMENT>
</POST>
<POST>
<USERNAME>subat0micwedgy_queen</USERNAME>
<DATETIME>03/09/08 12:32:27 PM</DATETIME>
<BODY>oooh cool</BODY>
<COMMENT></COMMENT>
</POST>
<POST>
<USERNAME>subat0micwedgy_queen</USERNAME>
<DATETIME>03/09/08 12:32:31 PM</DATETIME>
<BODY>what u like?</BODY>
<COMMENT></COMMENT>
</POST>
<POST>
<USERNAME>i_smoke_alotta_weed</USERNAME>
<DATETIME>03/09/08 12:32:59 PM</DATETIME>
<BODY>im good</BODY>
<COMMENT></COMMENT>
</POST>
<POST>
<USERNAME>i_smoke_alotta_weed</USERNAME>
<DATETIME>03/09/08 12:33:03 PM</DATETIME>
<BODY>youll find out</BODY>
<COMMENT></COMMENT>
</POST>
<POST>
<USERNAME>i_smoke_alotta_weed</USERNAME>
<DATETIME>03/09/08 12:33:15 PM</DATETIME>
<BODY>since your parents arent hoem we got the whoe hosue ot ourself</BODY>
<COMMENT></COMMENT>
<CODING>
<VERSION>i_smoke_alotta_weed.elkilmer.coded.txt</VERSION>
<CATEGORY>900</CATEGORY>
<TONE>1</TONE>
</CODING>
</POST>
<POST>
<USERNAME>subat0micwedgy_queen</USERNAME>
<DATETIME>03/09/08 12:33:20 PM</DATETIME>
<BODY>welll</BODY>
<COMMENT></COMMENT>
</POST>
<POST>
<USERNAME>subat0micwedgy_queen</USERNAME>
<DATETIME>03/09/08 12:33:33 PM</DATETIME>
<BODY>ill find out what??</BODY>
<COMMENT></COMMENT>
</POST>
<POST>
<USERNAME>subat0micwedgy_queen</USERNAME>
<DATETIME>03/09/08 12:33:37 PM</DATETIME>
<BODY>ur a sereal killer?</BODY>
<COMMENT></COMMENT>
</POST>
<POST>
<USERNAME>subat0micwedgy_queen</USERNAME>
<DATETIME>03/09/08 12:33:39 PM</DATETIME>
<BODY>:(</BODY>
<COMMENT></COMMENT>
</POST>
<POST>
<USERNAME>i_smoke_alotta_weed</USERNAME>
<DATETIME>03/09/08 12:33:49 PM</DATETIME>
<BODY>no way</BODY>
<COMMENT></COMMENT>
</POST>
<POST>
<USERNAME>i_smoke_alotta_weed</USERNAME>
<DATETIME>03/09/08 12:33:59 PM</DATETIME>
<BODY>im a gangster of love baby</BODY>
<COMMENT></COMMENT>
<CODING>
<VERSION>i_smoke_alotta_weed.elkilmer.coded.txt</VERSION>
<CATEGORY>600</CATEGORY>
<TONE>1</TONE>
</CODING>
</POST>
<POST>
<USERNAME>subat0micwedgy_queen</USERNAME>
<DATETIME>03/09/08 12:34:08 PM</DATETIME>
<BODY>haha</BODY>
<COMMENT></COMMENT>
</POST>
<POST>
<USERNAME>subat0micwedgy_queen</USERNAME>
<DATETIME>03/09/08 12:34:22 PM</DATETIME>
<BODY>well ur not like a guy who hits girls r u?</BODY>
<COMMENT></COMMENT>
</POST>
<POST>
<USERNAME>i_smoke_alotta_weed</USERNAME>
<DATETIME>03/09/08 12:34:34 PM</DATETIME>
<BODY>hell no ima true good christian</BODY>
<COMMENT></COMMENT>
<CODING>
<VERSION>i_smoke_alotta_weed.elkilmer.coded.txt</VERSION>
<CATEGORY>200</CATEGORY>
<TONE>31</TONE>
</CODING>
</POST>
<POST>
<USERNAME>subat0micwedgy_queen</USERNAME>
<DATETIME>03/09/08 12:35:14 PM</DATETIME>
<BODY>k</BODY>
<COMMENT></COMMENT>
</POST>
<POST>
<USERNAME>subat0micwedgy_queen</USERNAME>
<DATETIME>03/09/08 12:35:28 PM</DATETIME>
<BODY>how u wanna make me feel good whats ur fav?</BODY>
<COMMENT></COMMENT>
</POST>
<POST>
<USERNAME>subat0micwedgy_queen</USERNAME>
<DATETIME>03/09/08 12:35:29 PM</DATETIME>
<BODY>:)</BODY>
<COMMENT></COMMENT>
</POST>
<POST>
<USERNAME>i_smoke_alotta_weed</USERNAME>
<DATETIME>03/09/08 12:35:38 PM</DATETIME>
<BODY>i liek missionary</BODY>
<COMMENT></COMMENT>
<CODING>
<VERSION>i_smoke_alotta_weed.elkilmer.coded.txt</VERSION>
<CATEGORY>600</CATEGORY>
<TONE>3</TONE>
</CODING>
</POST>
<POST>
<USERNAME>i_smoke_alotta_weed</USERNAME>
<DATETIME>03/09/08 12:35:46 PM</DATETIME>
<BODY>better than doggystyle so i can see ur face whiel im fukin u</BODY>
<COMMENT></COMMENT>
<CODING>
<VERSION>i_smoke_alotta_weed.elkilmer.coded.txt</VERSION>
<CATEGORY>600</CATEGORY>
<TONE>1</TONE>
</CODING>
</POST>
<POST>
<USERNAME>subat0micwedgy_queen</USERNAME>
<DATETIME>03/09/08 12:36:21 PM</DATETIME>
<BODY>thats cool</BODY>
<COMMENT></COMMENT>
</POST>
<POST>
<USERNAME>subat0micwedgy_queen</USERNAME>
<DATETIME>03/09/08 12:36:24 PM</DATETIME>
<BODY>u wanna do that?</BODY>
<COMMENT></COMMENT>
</POST>
<POST>
<USERNAME>i_smoke_alotta_weed</USERNAME>
<DATETIME>03/09/08 12:36:27 PM</DATETIME>
<BODY>yea</BODY>
<COMMENT></COMMENT>
</POST>
<POST>
<USERNAME>subat0micwedgy_queen</USERNAME>
<DATETIME>03/09/08 12:36:34 PM</DATETIME>
<BODY>what elsde?</BODY>
<COMMENT></COMMENT>
</POST>
<POST>
<USERNAME>i_smoke_alotta_weed</USERNAME>
<DATETIME>03/09/08 12:36:37 PM</DATETIME>
<BODY>i wanan fuk the shit out of u</BODY>
<COMMENT></COMMENT>
<CODING>
<VERSION>i_smoke_alotta_weed.elkilmer.coded.txt</VERSION>
<CATEGORY>600</CATEGORY>
<TONE>1</TONE>
</CODING>
</POST>
<POST>
<USERNAME>subat0micwedgy_queen</USERNAME>
<DATETIME>03/09/08 12:36:47 PM</DATETIME>
<BODY>LOL damn</BODY>
<COMMENT></COMMENT>
</POST>
<POST>
<USERNAME>i_smoke_alotta_weed</USERNAME>
<DATETIME>03/09/08 12:36:59 PM</DATETIME>
<BODY>im a sex addict ol</BODY>
<COMMENT></COMMENT>
<CODING>
<VERSION>i_smoke_alotta_weed.elkilmer.coded.txt</VERSION>
<CATEGORY>600</CATEGORY>
<TONE>1</TONE>
</CODING>
</POST>
<POST>
<USERNAME>i_smoke_alotta_weed</USERNAME>
<DATETIME>03/09/08 12:37:07 PM</DATETIME>
<BODY>animal</BODY>
<COMMENT></COMMENT>
</POST>
<POST>
<USERNAME>i_smoke_alotta_weed</USERNAME>
<DATETIME>03/09/08 12:37:25 PM</DATETIME>
<BODY>:)</BODY>
<COMMENT></COMMENT>
<CODING>
<VERSION>i_smoke_alotta_weed.elkilmer.coded.txt</VERSION>
<CATEGORY></CATEGORY>
<TONE>6</TONE>
</CODING>
</POST>
<POST>
<USERNAME>subat0micwedgy_queen</USERNAME>
<DATETIME>03/09/08 12:37:28 PM</DATETIME>
<BODY>haha</BODY>
<COMMENT></COMMENT>
</POST>
<POST>
<USERNAME>subat0micwedgy_queen</USERNAME>
<DATETIME>03/09/08 12:37:37 PM</DATETIME>
<BODY>ur not playin me about all this r u?</BODY>
<COMMENT></COMMENT>
</POST>
<POST>
<USERNAME>i_smoke_alotta_weed</USERNAME>
<DATETIME>03/09/08 12:37:46 PM</DATETIME>
<BODY>whuts ur adress so i can find where u are on mapquest</BODY>
<COMMENT></COMMENT>
<CODING>
<VERSION>i_smoke_alotta_weed.elkilmer.coded.txt</VERSION>
<CATEGORY>900</CATEGORY>
<TONE>2</TONE>
</CODING>
</POST>
<POST>
<USERNAME>i_smoke_alotta_weed</USERNAME>
<DATETIME>03/09/08 12:37:49 PM</DATETIME>
<BODY>no</BODY>
<COMMENT></COMMENT>
</POST>
<POST>
<USERNAME>subat0micwedgy_queen</USERNAME>
<DATETIME>03/09/08 12:37:50 PM</DATETIME>
<BODY>cuz im up fro some fun but</BODY>
<COMMENT></COMMENT>
</POST>
<POST>
<USERNAME>i_smoke_alotta_weed</USERNAME>
<DATETIME>03/09/08 12:37:51 PM</DATETIME>
<BODY>why would i</BODY>
<COMMENT></COMMENT>
</POST>
<POST>
<USERNAME>subat0micwedgy_queen</USERNAME>
<DATETIME>03/09/08 12:38:00 PM</DATETIME>
<BODY>some guys r playas</BODY>
<COMMENT></COMMENT>
</POST>
<POST>
<USERNAME>i_smoke_alotta_weed</USERNAME>
<DATETIME>03/09/08 12:38:04 PM</DATETIME>
<BODY>im not</BODY>
<COMMENT></COMMENT>
</POST>
<POST>
<USERNAME>subat0micwedgy_queen</USERNAME>
<DATETIME>03/09/08 12:38:11 PM</DATETIME>
<BODY>u really want my addy?</BODY>
<COMMENT></COMMENT>
</POST>
<POST>
<USERNAME>i_smoke_alotta_weed</USERNAME>
<DATETIME>03/09/08 12:38:15 PM</DATETIME>
<BODY>yea</BODY>
<COMMENT></COMMENT>
</POST>
<POST>
<USERNAME>i_smoke_alotta_weed</USERNAME>
<DATETIME>03/09/08 12:38:20 PM</DATETIME>
<BODY>i wanan hang otu with u babe</BODY>
<COMMENT></COMMENT>
<CODING>
<VERSION>i_smoke_alotta_weed.elkilmer.coded.txt</VERSION>
<CATEGORY>900</CATEGORY>
<TONE>1</TONE>
</CODING>
</POST>
<POST>
<USERNAME>i_smoke_alotta_weed</USERNAME>
<DATETIME>03/09/08 12:39:01 PM</DATETIME>
<BODY>im seriou8s</BODY>
<COMMENT></COMMENT>
</POST>
<POST>
<USERNAME>subat0micwedgy_queen</USERNAME>
<DATETIME>03/09/08 12:39:30 PM</DATETIME>
<BODY>so if i give u my addy??...</BODY>
<COMMENT></COMMENT>
</POST>
<POST>
<USERNAME>subat0micwedgy_queen</USERNAME>
<DATETIME>03/09/08 12:39:58 PM</DATETIME>
<BODY>ur not gonna play me????? :(</BODY>
<COMMENT></COMMENT>
</POST>
<POST>
<USERNAME>i_smoke_alotta_weed</USERNAME>
<DATETIME>03/09/08 12:40:17 PM</DATETIME>
<BODY>no</BODY>
<COMMENT></COMMENT>
</POST>
<POST>
<USERNAME>i_smoke_alotta_weed</USERNAME>
<DATETIME>03/09/08 12:40:32 PM</DATETIME>
<BODY>i swear to ogd on my soul to be burned in fire foreve</BODY>
<COMMENT></COMMENT>
</POST>
<POST>
<USERNAME>subat0micwedgy_queen</USERNAME>
<DATETIME>03/09/08 12:40:36 PM</DATETIME>
<BODY>lol</BODY>
<COMMENT></COMMENT>
</POST>
<POST>
<USERNAME>subat0micwedgy_queen</USERNAME>
<DATETIME>03/09/08 12:40:43 PM</DATETIME>
<BODY>if i give u my addy....</BODY>
<COMMENT></COMMENT>
</POST>
<POST>
<USERNAME>i_smoke_alotta_weed</USERNAME>
<DATETIME>03/09/08 12:40:50 PM</DATETIME>
<BODY>whut</BODY>
<COMMENT></COMMENT>
</POST>
<POST>
<USERNAME>subat0micwedgy_queen</USERNAME>
<DATETIME>03/09/08 12:41:04 PM</DATETIME>
<BODY>ur not gonna just disappear and stalk me??</BODY>
<COMMENT></COMMENT>
</POST>
<POST>
<USERNAME>i_smoke_alotta_weed</USERNAME>
<DATETIME>03/09/08 12:41:09 PM</DATETIME>
<BODY>no</BODY>
<COMMENT></COMMENT>
</POST>
<POST>
<USERNAME>i_smoke_alotta_weed</USERNAME>
<DATETIME>03/09/08 12:41:09 PM</DATETIME>
<BODY>lol</BODY>
<COMMENT></COMMENT>
</POST>
<POST>
<USERNAME>i_smoke_alotta_weed</USERNAME>
<DATETIME>03/09/08 12:41:16 PM</DATETIME>
<BODY>i dun have time to stalk people</BODY>
<COMMENT></COMMENT>
</POST>
<POST>
<USERNAME>i_smoke_alotta_weed</USERNAME>
<DATETIME>03/09/08 12:41:17 PM</DATETIME>
<BODY>lol</BODY>
<COMMENT></COMMENT>
</POST>
<POST>
<USERNAME>subat0micwedgy_queen</USERNAME>
<DATETIME>03/09/08 12:41:22 PM</DATETIME>
<BODY>haha</BODY>
<COMMENT></COMMENT>
</POST>
<POST>
<USERNAME>subat0micwedgy_queen</USERNAME>
<DATETIME>03/09/08 12:41:46 PM</DATETIME>
<BODY>kk</BODY>
<COMMENT></COMMENT>
</POST>
<POST>
<USERNAME>i_smoke_alotta_weed</USERNAME>
<DATETIME>03/09/08 12:41:50 PM</DATETIME>
<BODY>be serious give me ur real adress because i dont want to go out there n not ur hosue.....</BODY>
<COMMENT></COMMENT>
<CODING>
<VERSION>i_smoke_alotta_weed.elkilmer.coded.txt</VERSION>
<CATEGORY>900</CATEGORY>
<TONE>1</TONE>
</CODING>
</POST>
<POST>
<USERNAME>subat0micwedgy_queen</USERNAME>
<DATETIME>03/09/08 12:42:08 PM</DATETIME>
<BODY>y omg</BODY>
<COMMENT></COMMENT>
</POST>
<POST>
<USERNAME>subat0micwedgy_queen</USERNAME>
<DATETIME>03/09/08 12:42:13 PM</DATETIME>
<BODY>the dog shit on the floor</BODY>
<COMMENT></COMMENT>
</POST>
<POST>
<USERNAME>i_smoke_alotta_weed</USERNAME>
<DATETIME>03/09/08 12:42:18 PM</DATETIME>
<BODY>lol</BODY>
<COMMENT></COMMENT>
</POST>
<POST>
<USERNAME>subat0micwedgy_queen</USERNAME>
<DATETIME>03/09/08 12:42:19 PM</DATETIME>
<BODY>hold on</BODY>
<COMMENT></COMMENT>
</POST>
<POST>
<USERNAME>i_smoke_alotta_weed</USERNAME>
<DATETIME>03/09/08 12:42:22 PM</DATETIME>
<BODY>k</BODY>
<COMMENT></COMMENT>
</POST>
<POST>
<USERNAME>i_smoke_alotta_weed</USERNAME>
<DATETIME>03/09/08 12:47:55 PM</DATETIME>
<BODY>havin fun cleanin up that shit</BODY>
<COMMENT></COMMENT>
</POST>
<POST>
<USERNAME>i_smoke_alotta_weed</USERNAME>
<DATETIME>03/09/08 12:47:56 PM</DATETIME>
<BODY>lo</BODY>
<COMMENT></COMMENT>
</POST>
<POST>
<USERNAME>i_smoke_alotta_weed</USERNAME>
<DATETIME>03/09/08 12:48:16 PM</DATETIME>
<BODY>il make it up 2 u</BODY>
<COMMENT></COMMENT>
</POST>
<POST>
<USERNAME>subat0micwedgy_queen</USERNAME>
<DATETIME>03/09/08 12:50:11 PM</DATETIME>
<BODY>hey 1 minit ok its slimy</BODY>
<COMMENT></COMMENT>
</POST>
<POST>
<USERNAME>i_smoke_alotta_weed</USERNAME>
<DATETIME>03/09/08 12:50:17 PM</DATETIME>
<BODY>eww</BODY>
<COMMENT></COMMENT>
</POST>
<POST>
<USERNAME>subat0micwedgy_queen</USERNAME>
<DATETIME>03/09/08 12:52:22 PM</DATETIME>
<BODY>gawd it was like grren</BODY>
<COMMENT></COMMENT>
</POST>
<POST>
<USERNAME>subat0micwedgy_queen</USERNAME>
<DATETIME>03/09/08 12:52:34 PM</DATETIME>
<BODY>ok</BODY>
<COMMENT></COMMENT>
</POST>
<POST>
<USERNAME>i_smoke_alotta_weed</USERNAME>
<DATETIME>03/09/08 12:52:35 PM</DATETIME>
<BODY>ewww</BODY>
<COMMENT></COMMENT>
</POST>
<POST>
<USERNAME>subat0micwedgy_queen</USERNAME>
<DATETIME>03/09/08 12:52:37 PM</DATETIME>
<BODY>u ready</BODY>
<COMMENT></COMMENT>
</POST>
<POST>
<USERNAME>i_smoke_alotta_weed</USERNAME>
<DATETIME>03/09/08 12:52:40 PM</DATETIME>
<BODY>yea</BODY>
<COMMENT></COMMENT>
</POST>
<POST>
<USERNAME>subat0micwedgy_queen</USERNAME>
<DATETIME>03/09/08 12:52:47 PM</DATETIME>
<BODY>what time u coming?</BODY>
<COMMENT></COMMENT>
</POST>
<POST>
<USERNAME>i_smoke_alotta_weed</USERNAME>
<DATETIME>03/09/08 12:52:53 PM</DATETIME>
<BODY>i already tooka shwoer</BODY>
<COMMENT></COMMENT>
</POST>
<POST>
<USERNAME>subat0micwedgy_queen</USERNAME>
<DATETIME>03/09/08 12:52:56 PM</DATETIME>
<BODY>like now??</BODY>
<COMMENT></COMMENT>
</POST>
<POST>
<USERNAME>subat0micwedgy_queen</USERNAME>
<DATETIME>03/09/08 12:52:57 PM</DATETIME>
<BODY>kk</BODY>
<COMMENT></COMMENT>
</POST>
<POST>
<USERNAME>subat0micwedgy_queen</USERNAME>
<DATETIME>03/09/08 12:53:00 PM</DATETIME>
<BODY>how long</BODY>
<COMMENT></COMMENT>
</POST>
<POST>
<USERNAME>i_smoke_alotta_weed</USERNAME>
<DATETIME>03/09/08 12:53:01 PM</DATETIME>
<BODY>i got take sumthin abck but il jsut got ot ur hosue after</BODY>
<COMMENT></COMMENT>
<CODING>
<VERSION>i_smoke_alotta_weed.elkilmer.coded.txt</VERSION>
<CATEGORY>900</CATEGORY>
<TONE>1</TONE>
</CODING>
</POST>
<POST>
<USERNAME>subat0micwedgy_queen</USERNAME>
<DATETIME>03/09/08 12:53:04 PM</DATETIME>
<BODY>will it take</BODY>
<COMMENT></COMMENT>
</POST>
<POST>
<USERNAME>i_smoke_alotta_weed</USERNAME>
<DATETIME>03/09/08 12:53:04 PM</DATETIME>
<BODY>cal me</BODY>
<COMMENT></COMMENT>
<CODING>
<VERSION>i_smoke_alotta_weed.elkilmer.coded.txt</VERSION>
<CATEGORY>900</CATEGORY>
<TONE>4</TONE>
</CODING>
</POST>
<POST>
<USERNAME>i_smoke_alotta_weed</USERNAME>
<DATETIME>03/09/08 12:53:13 PM</DATETIME>
<BODY>right now</BODY>
<COMMENT></COMMENT>
</POST>
<POST>
<USERNAME>subat0micwedgy_queen</USERNAME>
<DATETIME>03/09/08 12:53:16 PM</DATETIME>
<BODY>*edited*</BODY>
<COMMENT></COMMENT>
</POST>
<POST>
<USERNAME>i_smoke_alotta_weed</USERNAME>
<DATETIME>03/09/08 12:53:19 PM</DATETIME>
<BODY>k</BODY>
<COMMENT></COMMENT>
</POST>
<POST>
<USERNAME>subat0micwedgy_queen</USERNAME>
<DATETIME>03/09/08 12:53:29 PM</DATETIME>
<BODY>belleville 48111</BODY>
<COMMENT></COMMENT>
</POST>
<POST>
<USERNAME>i_smoke_alotta_weed</USERNAME>
<DATETIME>03/09/08 12:53:46 PM</DATETIME>
<BODY>k</BODY>
<COMMENT></COMMENT>
</POST>
<POST>
<USERNAME>subat0micwedgy_queen</USERNAME>
<DATETIME>03/09/08 12:53:56 PM</DATETIME>
<BODY>ima go take a shower ok?</BODY>
<COMMENT></COMMENT>
</POST>
<POST>
<USERNAME>subat0micwedgy_queen</USERNAME>
<DATETIME>03/09/08 12:54:01 PM</DATETIME>
<BODY>cuz i smeel like puke</BODY>
<COMMENT></COMMENT>
</POST>
<POST>
<USERNAME>i_smoke_alotta_weed</USERNAME>
<DATETIME>03/09/08 12:54:02 PM</DATETIME>
<BODY>k</BODY>
<COMMENT></COMMENT>
</POST>
<POST>
<USERNAME>i_smoke_alotta_weed</USERNAME>
<DATETIME>03/09/08 12:54:07 PM</DATETIME>
<BODY>il be on my way</BODY>
<COMMENT></COMMENT>
<CODING>
<VERSION>i_smoke_alotta_weed.elkilmer.coded.txt</VERSION>
<CATEGORY>900</CATEGORY>
<TONE>1</TONE>
</CODING>
</POST>
<POST>
<USERNAME>i_smoke_alotta_weed</USERNAME>
<DATETIME>03/09/08 12:54:12 PM</DATETIME>
<BODY>whuts s</BODY>
<COMMENT></COMMENT>
</POST>
<POST>
<USERNAME>subat0micwedgy_queen</USERNAME>
<DATETIME>03/09/08 12:54:14 PM</DATETIME>
<BODY>what time u think?ull get here</BODY>
<COMMENT></COMMENT>
</POST>
<POST>
<USERNAME>i_smoke_alotta_weed</USERNAME>
<DATETIME>03/09/08 12:54:15 PM</DATETIME>
<BODY>stand for</BODY>
<COMMENT></COMMENT>
</POST>
<POST>
<USERNAME>subat0micwedgy_queen</USERNAME>
<DATETIME>03/09/08 12:54:19 PM</DATETIME>
<BODY>south</BODY>
<COMMENT></COMMENT>
</POST>
<POST>
<USERNAME>i_smoke_alotta_weed</USERNAME>
<DATETIME>03/09/08 12:54:21 PM</DATETIME>
<BODY>cppl hrs</BODY>
<COMMENT></COMMENT>
</POST>
<POST>
<USERNAME>i_smoke_alotta_weed</USERNAME>
<DATETIME>03/09/08 12:54:25 PM</DATETIME>
<BODY>not even</BODY>
<COMMENT></COMMENT>
</POST>
<POST>
<USERNAME>subat0micwedgy_queen</USERNAME>
<DATETIME>03/09/08 12:54:27 PM</DATETIME>
<BODY>k</BODY>
<COMMENT></COMMENT>
</POST>
<POST>
<USERNAME>subat0micwedgy_queen</USERNAME>
<DATETIME>03/09/08 12:54:30 PM</DATETIME>
<BODY>im aiting</BODY>
<COMMENT></COMMENT>
</POST>
<POST>
<USERNAME>i_smoke_alotta_weed</USERNAME>
<DATETIME>03/09/08 12:54:34 PM</DATETIME>
<BODY>k</BODY>
<COMMENT></COMMENT>
</POST>
<POST>
<USERNAME>subat0micwedgy_queen</USERNAME>
<DATETIME>03/09/08 12:54:35 PM</DATETIME>
<BODY>what u want me to wera</BODY>
<COMMENT></COMMENT>
</POST>
<POST>
<USERNAME>i_smoke_alotta_weed</USERNAME>
<DATETIME>03/09/08 12:54:37 PM</DATETIME>
<BODY>il be there</BODY>
<COMMENT></COMMENT>
</POST>
<POST>
<USERNAME>subat0micwedgy_queen</USERNAME>
<DATETIME>03/09/08 12:54:38 PM</DATETIME>
<BODY>wear</BODY>
<COMMENT></COMMENT>
</POST>
<POST>
<USERNAME>subat0micwedgy_queen</USERNAME>
<DATETIME>03/09/08 12:54:50 PM</DATETIME>
<BODY>its a tan house with brick</BODY>
<COMMENT></COMMENT>
</POST>
<POST>
<USERNAME>subat0micwedgy_queen</USERNAME>
<DATETIME>03/09/08 12:55:15 PM</DATETIME>
<BODY>dont gorget the e and j</BODY>
<COMMENT></COMMENT>
</POST>
<POST>
<USERNAME>subat0micwedgy_queen</USERNAME>
<DATETIME>03/09/08 12:55:22 PM</DATETIME>
<BODY>haha dont foregt</BODY>
<COMMENT></COMMENT>
</POST>
<POST>
<USERNAME>i_smoke_alotta_weed</USERNAME>
<DATETIME>03/09/08 12:55:36 PM</DATETIME>
<BODY>lol k</BODY>
<COMMENT></COMMENT>
</POST>
<POST>
<USERNAME>subat0micwedgy_queen</USERNAME>
<DATETIME>03/09/08 12:55:41 PM</DATETIME>
<BODY>:-*</BODY>
<COMMENT></COMMENT>
</POST>
<POST>
<USERNAME>subat0micwedgy_queen</USERNAME>
<DATETIME>03/09/08 12:55:48 PM</DATETIME>
<BODY>>:)</BODY>
<COMMENT></COMMENT>
</POST>
<POST>
<USERNAME>i_smoke_alotta_weed</USERNAME>
<DATETIME>03/09/08 12:56:16 PM</DATETIME>
<BODY>lol</BODY>
<COMMENT></COMMENT>
</POST>
<POST>
<USERNAME>subat0micwedgy_queen</USERNAME>
<DATETIME>03/09/08 12:56:53 PM</DATETIME>
<BODY>ttyl ima go shower now</BODY>
<COMMENT></COMMENT>
</POST>
<POST>
<USERNAME>i_smoke_alotta_weed</USERNAME>
<DATETIME>03/09/08 12:57:00 PM</DATETIME>
<BODY>k hun</BODY>
<COMMENT></COMMENT>
</POST>
<POST>
<USERNAME>i_smoke_alotta_weed</USERNAME>
<DATETIME>03/09/08 12:57:02 PM</DATETIME>
<BODY>il be there</BODY>
<COMMENT></COMMENT>
<CODING>
<VERSION>i_smoke_alotta_weed.elkilmer.coded.txt</VERSION>
<CATEGORY>900</CATEGORY>
<TONE>1</TONE>
</CODING>
</POST>
</CHATLOG>