<!DOCTYPE CHATLOG SYSTEM 'chatlog.dtd'>
<CHATLOG>
<PREDATOR>
<FIRSTNAME>Anthony</FIRSTNAME>
<LASTNAME>Sorrentino</LASTNAME>
<STATEDNAME>John</STATEDNAME>
<STATEDAGE></STATEDAGE>
<AGE>39</AGE>
<GENDER>Male</GENDER>
<RACE>White</RACE>
<CITY>Bunnell</CITY>
<STATE>FL</STATE>
<REPEATOFFENDER>false</REPEATOFFENDER>
<ADMITGUILT>false</ADMITGUILT>
<TRUTHFULNAME>false</TRUTHFULNAME>
<SCREENNAME>
<USERNAME>italianlover37</USERNAME>
<HOST></HOST>
</SCREENNAME>
</PREDATOR>
<VICTIM>
<FIRSTNAME>Don</FIRSTNAME>
<LASTNAME>Pedro</LASTNAME>
<STATEDNAME>Derek</STATEDNAME>
<STATEDAGE>14</STATEDAGE>
<GENDER>Male</GENDER>
<RACE></RACE>
<CITY>Flagler County</CITY>
<STATE>FL</STATE>
<PREVIOUSVICTIMIZATION>true</PREVIOUSVICTIMIZATION>
<ADMITGUILT>false</ADMITGUILT>
<SCREENNAME>
<USERNAME>doindadew1992</USERNAME>
<HOST></HOST>
</SCREENNAME>
</VICTIM>
<CODINGVERSION>
<NAME>italianlover37.elkilmer2.coded.txt</NAME>
<CODER>elkilmer</CODER>
</CODINGVERSION>
<CODINGVERSION>
<NAME>italianlover37.almcbride.coded.txt</NAME>
<CODER>almcbride</CODER>
</CODINGVERSION>
<CODINGVERSION>
<NAME>italianlover37.rokress.both.coded.txt</NAME>
<CODER>rokress</CODER>
</CODINGVERSION>
<POST>
<USERNAME>italianlover37</USERNAME>
<DATETIME>12/8/2006 3:39:52 PM</DATETIME>
<BODY>hi</BODY>
<COMMENT></COMMENT>
</POST>
<POST>
<USERNAME>doindadew1992</USERNAME>
<DATETIME>12/8/2006 3:41:35 PM</DATETIME>
<BODY>hi</BODY>
<COMMENT></COMMENT>
</POST>
<POST>
<USERNAME>doindadew1992</USERNAME>
<DATETIME>12/8/2006 3:41:44 PM</DATETIME>
<BODY>14 m flagler county u</BODY>
<COMMENT>(age stated, as always.)</COMMENT>
</POST>
<POST>
<USERNAME>italianlover37</USERNAME>
<DATETIME>12/8/2006 3:45:36 PM</DATETIME>
<BODY>me too</BODY>
<COMMENT></COMMENT>
</POST>
<POST>
<USERNAME>italianlover37</USERNAME>
<DATETIME>12/8/2006 3:45:42 PM</DATETIME>
<BODY>how are you</BODY>
<COMMENT></COMMENT>
</POST>
<POST>
<USERNAME>italianlover37</USERNAME>
<DATETIME>12/8/2006 3:46:31 PM</DATETIME>
<BODY>whrerr are you exactly</BODY>
<COMMENT></COMMENT>
<CODING>
<VERSION>italianlover37.elkilmer2.coded.txt</VERSION>
<CATEGORY>200</CATEGORY>
<TONE>2</TONE>
</CODING>
<CODING>
<VERSION>italianlover37.almcbride.coded.txt</VERSION>
<CATEGORY>200</CATEGORY>
<TONE>2</TONE>
</CODING>
<CODING>
<VERSION>italianlover37.rokress.both.coded.txt</VERSION>
<CATEGORY>200</CATEGORY>
<TONE>2</TONE>
</CODING>
</POST>
<POST>
<USERNAME>doindadew1992</USERNAME>
<DATETIME>12/8/2006 3:46:38 PM</DATETIME>
<BODY>im in palm coast area</BODY>
<COMMENT></COMMENT>
</POST>
<POST>
<USERNAME>doindadew1992</USERNAME>
<DATETIME>12/8/2006 3:46:39 PM</DATETIME>
<BODY>u?</BODY>
<COMMENT></COMMENT>
</POST>
<POST>
<USERNAME>italianlover37</USERNAME>
<DATETIME>12/8/2006 3:46:46 PM</DATETIME>
<BODY>right on 100</BODY>
<COMMENT></COMMENT>
<CODING>
<VERSION>italianlover37.elkilmer2.coded.txt</VERSION>
<CATEGORY>200</CATEGORY>
<TONE>3</TONE>
</CODING>
<CODING>
<VERSION>italianlover37.almcbride.coded.txt</VERSION>
<CATEGORY>200</CATEGORY>
<TONE>3</TONE>
</CODING>
<CODING>
<VERSION>italianlover37.rokress.both.coded.txt</VERSION>
<CATEGORY>200</CATEGORY>
<TONE>3</TONE>
</CODING>
</POST>
<POST>
<USERNAME>italianlover37</USERNAME>
<DATETIME>12/8/2006 3:46:57 PM</DATETIME>
<BODY>so what you doing this eve aoff all day here</BODY>
<COMMENT>(oh wow, already checking out the schedule.)</COMMENT>
<CODING>
<VERSION>italianlover37.elkilmer2.coded.txt</VERSION>
<CATEGORY>200</CATEGORY>
<TONE>21</TONE>
</CODING>
<CODING>
<VERSION>italianlover37.almcbride.coded.txt</VERSION>
<CATEGORY>200</CATEGORY>
<TONE>2</TONE>
</CODING>
</POST>
<POST>
<USERNAME>doindadew1992</USERNAME>
<DATETIME>12/8/2006 3:47:42 PM</DATETIME>
<BODY>this eve? i dunno</BODY>
<COMMENT></COMMENT>
</POST>
<POST>
<USERNAME>doindadew1992</USERNAME>
<DATETIME>12/8/2006 3:47:43 PM</DATETIME>
<BODY>why</BODY>
<COMMENT></COMMENT>
</POST>
<POST>
<USERNAME>italianlover37</USERNAME>
<DATETIME>12/8/2006 3:47:48 PM</DATETIME>
<BODY>just bored</BODY>
<COMMENT></COMMENT>
</POST>
<POST>
<USERNAME>doindadew1992</USERNAME>
<DATETIME>12/8/2006 3:47:51 PM</DATETIME>
<BODY>o k</BODY>
<COMMENT></COMMENT>
</POST>
<POST>
<USERNAME>italianlover37</USERNAME>
<DATETIME>12/8/2006 3:47:59 PM</DATETIME>
<BODY>what your stats</BODY>
<COMMENT></COMMENT>
<CODING>
<VERSION>italianlover37.elkilmer2.coded.txt</VERSION>
<CATEGORY>200</CATEGORY>
<TONE>2</TONE>
</CODING>
<CODING>
<VERSION>italianlover37.almcbride.coded.txt</VERSION>
<CATEGORY>200</CATEGORY>
<TONE>2</TONE>
</CODING>
<CODING>
<VERSION>italianlover37.rokress.both.coded.txt</VERSION>
<CATEGORY>200</CATEGORY>
<TONE>2</TONE>
</CODING>
</POST>
<POST>
<USERNAME>doindadew1992</USERNAME>
<DATETIME>12/8/2006 3:48:34 PM</DATETIME>
<BODY>5 8 145</BODY>
<COMMENT></COMMENT>
</POST>
<POST>
<USERNAME>doindadew1992</USERNAME>
<DATETIME>12/8/2006 3:48:38 PM</DATETIME>
<BODY>14 almost 15</BODY>
<COMMENT>(age stated again, just to make sure...)</COMMENT>
</POST>
<POST>
<USERNAME>doindadew1992</USERNAME>
<DATETIME>12/8/2006 3:48:43 PM</DATETIME>
<BODY>lt brown hair bronw eyes</BODY>
<COMMENT></COMMENT>
</POST>
<POST>
<USERNAME>doindadew1992</USERNAME>
<DATETIME>12/8/2006 3:48:44 PM</DATETIME>
<BODY>u</BODY>
<COMMENT></COMMENT>
</POST>
<POST>
<USERNAME>italianlover37</USERNAME>
<DATETIME>12/8/2006 3:48:46 PM</DATETIME>
<BODY>really your that young</BODY>
<COMMENT>(yup. you're a swift one.)</COMMENT>
<CODING>
<VERSION>italianlover37.elkilmer2.coded.txt</VERSION>
<CATEGORY>600</CATEGORY>
<TONE>2</TONE>
</CODING>
<CODING>
<VERSION>italianlover37.rokress.both.coded.txt</VERSION>
<CATEGORY>200</CATEGORY>
<TONE>2</TONE>
</CODING>
</POST>
<POST>
<USERNAME>doindadew1992</USERNAME>
<DATETIME>12/8/2006 3:49:10 PM</DATETIME>
<BODY>yes</BODY>
<COMMENT></COMMENT>
</POST>
<POST>
<USERNAME>doindadew1992</USERNAME>
<DATETIME>12/8/2006 3:49:12 PM</DATETIME>
<BODY>i am</BODY>
<COMMENT></COMMENT>
</POST>
<POST>
<USERNAME>italianlover37</USERNAME>
<DATETIME>12/8/2006 3:49:12 PM</DATETIME>
<BODY>im typical italian stocky muscular cute face nice body</BODY>
<COMMENT></COMMENT>
<CODING>
<VERSION>italianlover37.elkilmer2.coded.txt</VERSION>
<CATEGORY>600</CATEGORY>
<TONE>1</TONE>
</CODING>
<CODING>
<VERSION>italianlover37.almcbride.coded.txt</VERSION>
<CATEGORY>200</CATEGORY>
<TONE>1</TONE>
</CODING>
<CODING>
<VERSION>italianlover37.rokress.both.coded.txt</VERSION>
<CATEGORY>200</CATEGORY>
<TONE>3</TONE>
</CODING>
</POST>
<POST>
<USERNAME>doindadew1992</USERNAME>
<DATETIME>12/8/2006 3:49:18 PM</DATETIME>
<BODY>yea i see ur pic</BODY>
<COMMENT></COMMENT>
</POST>
<POST>
<USERNAME>doindadew1992</USERNAME>
<DATETIME>12/8/2006 3:49:20 PM</DATETIME>
<BODY>how tall tho?</BODY>
<COMMENT></COMMENT>
</POST>
<POST>
<USERNAME>italianlover37</USERNAME>
<DATETIME>12/8/2006 3:49:35 PM</DATETIME>
<BODY>im better looking then my pic though lost some weight 5 8</BODY>
<COMMENT>(better looking? that's debatable.)</COMMENT>
<CODING>
<VERSION>italianlover37.elkilmer2.coded.txt</VERSION>
<CATEGORY>200</CATEGORY>
<TONE>3</TONE>
</CODING>
<CODING>
<VERSION>italianlover37.rokress.both.coded.txt</VERSION>
<CATEGORY>200</CATEGORY>
<TONE>13</TONE>
</CODING>
</POST>
<POST>
<USERNAME>doindadew1992</USERNAME>
<DATETIME>12/8/2006 3:49:40 PM</DATETIME>
<BODY>kewl</BODY>
<COMMENT></COMMENT>
</POST>
<POST>
<USERNAME>doindadew1992</USERNAME>
<DATETIME>12/8/2006 3:49:44 PM</DATETIME>
<BODY>u dont look bad from ur pic</BODY>
<COMMENT></COMMENT>
</POST>
<POST>
<USERNAME>italianlover37</USERNAME>
<DATETIME>12/8/2006 3:49:49 PM</DATETIME>
<BODY> what you looking</BODY>
<COMMENT></COMMENT>
<CODING>
<VERSION>italianlover37.elkilmer2.coded.txt</VERSION>
<CATEGORY>200</CATEGORY>
<TONE>2</TONE>
</CODING>
<CODING>
<VERSION>italianlover37.rokress.both.coded.txt</VERSION>
<CATEGORY>200</CATEGORY>
<TONE>2</TONE>
</CODING>
</POST>
<POST>
<USERNAME>italianlover37</USERNAME>
<DATETIME>12/8/2006 3:49:51 PM</DATETIME>
<BODY> for</BODY>
<COMMENT></COMMENT>
</POST>
<POST>
<USERNAME>doindadew1992</USERNAME>
<DATETIME>12/8/2006 3:49:55 PM</DATETIME>
<BODY>i dunno</BODY>
<COMMENT></COMMENT>
</POST>
<POST>
<USERNAME>doindadew1992</USERNAME>
<DATETIME>12/8/2006 3:49:56 PM</DATETIME>
<BODY>u</BODY>
<COMMENT></COMMENT>
</POST>
<POST>
<USERNAME>italianlover37</USERNAME>
<DATETIME>12/8/2006 3:50:04 PM</DATETIME>
<BODY>well hot sex what else</BODY>
<COMMENT>(looking for hot sex. with a kid. what a douche.)</COMMENT>
<CODING>
<VERSION>italianlover37.elkilmer2.coded.txt</VERSION>
<CATEGORY>600</CATEGORY>
<TONE>3</TONE>
</CODING>
<CODING>
<VERSION>italianlover37.almcbride.coded.txt</VERSION>
<CATEGORY>600</CATEGORY>
<TONE>32</TONE>
</CODING>
<CODING>
<VERSION>italianlover37.rokress.both.coded.txt</VERSION>
<CATEGORY>600</CATEGORY>
<TONE>3</TONE>
</CODING>
</POST>
<POST>
<USERNAME>italianlover37</USERNAME>
<DATETIME>12/8/2006 3:50:06 PM</DATETIME>
<BODY>lol</BODY>
<COMMENT>(lol indeed. i bet you're not 'lol'ing now, are you.)</COMMENT>
</POST>
<POST>
<USERNAME>doindadew1992</USERNAME>
<DATETIME>12/8/2006 3:50:30 PM</DATETIME>
<BODY>hahah</BODY>
<COMMENT></COMMENT>
</POST>
<POST>
<USERNAME>doindadew1992</USERNAME>
<DATETIME>12/8/2006 3:50:32 PM</DATETIME>
<BODY>welllll</BODY>
<COMMENT></COMMENT>
</POST>
<POST>
<USERNAME>doindadew1992</USERNAME>
<DATETIME>12/8/2006 3:50:37 PM</DATETIME>
<BODY>i never had it witha guy before</BODY>
<COMMENT></COMMENT>
</POST>
<POST>
<USERNAME>italianlover37</USERNAME>
<DATETIME>12/8/2006 3:51:09 PM</DATETIME>
<BODY>really are you gay</BODY>
<COMMENT></COMMENT>
<CODING>
<VERSION>italianlover37.elkilmer2.coded.txt</VERSION>
<CATEGORY>600</CATEGORY>
<TONE>2</TONE>
</CODING>
<CODING>
<VERSION>italianlover37.almcbride.coded.txt</VERSION>
<CATEGORY>600</CATEGORY>
<TONE>2</TONE>
</CODING>
<CODING>
<VERSION>italianlover37.rokress.both.coded.txt</VERSION>
<CATEGORY>600</CATEGORY>
<TONE>2</TONE>
</CODING>
</POST>
<POST>
<USERNAME>doindadew1992</USERNAME>
<DATETIME>12/8/2006 3:51:19 PM</DATETIME>
<BODY>well bi</BODY>
<COMMENT></COMMENT>
</POST>
<POST>
<USERNAME>doindadew1992</USERNAME>
<DATETIME>12/8/2006 3:51:25 PM</DATETIME>
<BODY>i like mess around w a guy before</BODY>
<COMMENT></COMMENT>
</POST>
<POST>
<USERNAME>italianlover37</USERNAME>
<DATETIME>12/8/2006 3:51:33 PM</DATETIME>
<BODY>its hot isn't it lol</BODY>
<COMMENT></COMMENT>
<CODING>
<VERSION>italianlover37.almcbride.coded.txt</VERSION>
<CATEGORY>600</CATEGORY>
<TONE>2</TONE>
</CODING>
<CODING>
<VERSION>italianlover37.rokress.both.coded.txt</VERSION>
<CATEGORY>600</CATEGORY>
<TONE>12</TONE>
</CODING>
</POST>
<POST>
<USERNAME>doindadew1992</USERNAME>
<DATETIME>12/8/2006 3:51:34 PM</DATETIME>
<BODY>but not like allll the way</BODY>
<COMMENT></COMMENT>
</POST>
<POST>
<USERNAME>doindadew1992</USERNAME>
<DATETIME>12/8/2006 3:51:35 PM</DATETIME>
<BODY>omg yes</BODY>
<COMMENT></COMMENT>
</POST>
<POST>
<USERNAME>italianlover37</USERNAME>
<DATETIME>12/8/2006 3:51:47 PM</DATETIME>
<BODY>how do i know youre not cop lol</BODY>
<COMMENT>(the only thing he's worried about is whether or not the kid is a cop. what a predator.)</COMMENT>
<CODING>
<VERSION>italianlover37.elkilmer2.coded.txt</VERSION>
<CATEGORY>900</CATEGORY>
<TONE>2</TONE>
</CODING>
<CODING>
<VERSION>italianlover37.almcbride.coded.txt</VERSION>
<CATEGORY>900</CATEGORY>
<TONE>2</TONE>
</CODING>
<CODING>
<VERSION>italianlover37.rokress.both.coded.txt</VERSION>
<CATEGORY>900</CATEGORY>
<TONE>2</TONE>
</CODING>
</POST>
<POST>
<USERNAME>doindadew1992</USERNAME>
<DATETIME>12/8/2006 3:52:25 PM</DATETIME>
<BODY>durr i dunno lol</BODY>
<COMMENT></COMMENT>
</POST>
<POST>
<USERNAME>doindadew1992</USERNAME>
<DATETIME>12/8/2006 3:52:33 PM</DATETIME>
<BODY>how i kno ure not my dad settin me up?</BODY>
<COMMENT></COMMENT>
</POST>
<POST>
<USERNAME>italianlover37</USERNAME>
<DATETIME>12/8/2006 3:52:38 PM</DATETIME>
<BODY>lol</BODY>
<COMMENT></COMMENT>
</POST>
<POST>
<USERNAME>italianlover37</USERNAME>
<DATETIME>12/8/2006 3:52:52 PM</DATETIME>
<BODY>what do you want to do with a guy you like getting your cock sucked</BODY>
<COMMENT></COMMENT>
<CODING>
<VERSION>italianlover37.elkilmer2.coded.txt</VERSION>
<CATEGORY>600</CATEGORY>
<TONE>2</TONE>
</CODING>
<CODING>
<VERSION>italianlover37.almcbride.coded.txt</VERSION>
<CATEGORY>600</CATEGORY>
<TONE>2</TONE>
</CODING>
<CODING>
<VERSION>italianlover37.rokress.both.coded.txt</VERSION>
<CATEGORY>600</CATEGORY>
<TONE>2</TONE>
</CODING>
</POST>
<POST>
<USERNAME>doindadew1992</USERNAME>
<DATETIME>12/8/2006 3:53:01 PM</DATETIME>
<BODY>yeah</BODY>
<COMMENT></COMMENT>
</POST>
<POST>
<USERNAME>italianlover37</USERNAME>
<DATETIME>12/8/2006 3:53:08 PM</DATETIME>
<BODY>is it nice</BODY>
<COMMENT></COMMENT>
</POST>
<POST>
<USERNAME>doindadew1992</USERNAME>
<DATETIME>12/8/2006 3:53:08 PM</DATETIME>
<BODY>i got that from a chick before but not a guy</BODY>
<COMMENT></COMMENT>
</POST>
<POST>
<USERNAME>doindadew1992</USERNAME>
<DATETIME>12/8/2006 3:53:14 PM</DATETIME>
<BODY>yea dood</BODY>
<COMMENT></COMMENT>
</POST>
<POST>
<USERNAME>doindadew1992</USERNAME>
<DATETIME>12/8/2006 3:53:15 PM</DATETIME>
<BODY>it rulez</BODY>
<COMMENT></COMMENT>
</POST>
<POST>
<USERNAME>italianlover37</USERNAME>
<DATETIME>12/8/2006 3:53:26 PM</DATETIME>
<BODY>hot are youi home alone now</BODY>
<COMMENT>(oh wow.)</COMMENT>
<CODING>
<VERSION>italianlover37.elkilmer2.coded.txt</VERSION>
<CATEGORY>900</CATEGORY>
<TONE>2</TONE>
</CODING>
<CODING>
<VERSION>italianlover37.almcbride.coded.txt</VERSION>
<CATEGORY>900</CATEGORY>
<TONE>2</TONE>
</CODING>
<CODING>
<VERSION>italianlover37.rokress.both.coded.txt</VERSION>
<CATEGORY>900</CATEGORY>
<TONE>2</TONE>
</CODING>
</POST>
<POST>
<USERNAME>doindadew1992</USERNAME>
<DATETIME>12/8/2006 3:53:37 PM</DATETIME>
<BODY>yeaaa my pops is at work for a while longer still</BODY>
<COMMENT></COMMENT>
</POST>
<POST>
<USERNAME>italianlover37</USERNAME>
<DATETIME>12/8/2006 3:53:56 PM</DATETIME>
<BODY>so what youi want to come over and have hot sex lol</BODY>
<COMMENT>(and he went there. and no, anthony, the 'lol' doesn't make it any better.)</COMMENT>
<CODING>
<VERSION>italianlover37.elkilmer2.coded.txt</VERSION>
<CATEGORY>900</CATEGORY>
<TONE>2</TONE>
</CODING>
<CODING>
<VERSION>italianlover37.almcbride.coded.txt</VERSION>
<CATEGORY>900</CATEGORY>
<TONE>2</TONE>
</CODING>
<CODING>
<VERSION>italianlover37.rokress.both.coded.txt</VERSION>
<CATEGORY>900</CATEGORY>
<TONE>2</TONE>
</CODING>
</POST>
<POST>
<USERNAME>doindadew1992</USERNAME>
<DATETIME>12/8/2006 3:54:07 PM</DATETIME>
<BODY>well i cant drive nowhere</BODY>
<COMMENT></COMMENT>
</POST>
<POST>
<USERNAME>doindadew1992</USERNAME>
<DATETIME>12/8/2006 3:54:13 PM</DATETIME>
<BODY>so ud like have 2 come here first</BODY>
<COMMENT></COMMENT>
</POST>
<POST>
<USERNAME>italianlover37</USERNAME>
<DATETIME>12/8/2006 3:54:16 PM</DATETIME>
<BODY>i pick you up</BODY>
<COMMENT>(i bet you will.)</COMMENT>
<CODING>
<VERSION>italianlover37.elkilmer2.coded.txt</VERSION>
<CATEGORY>900</CATEGORY>
<TONE>1</TONE>
</CODING>
<CODING>
<VERSION>italianlover37.almcbride.coded.txt</VERSION>
<CATEGORY>900</CATEGORY>
<TONE>1</TONE>
</CODING>
<CODING>
<VERSION>italianlover37.rokress.both.coded.txt</VERSION>
<CATEGORY>900</CATEGORY>
<TONE>34</TONE>
</CODING>
</POST>
<POST>
<USERNAME>doindadew1992</USERNAME>
<DATETIME>12/8/2006 3:54:22 PM</DATETIME>
<BODY>oh</BODY>
<COMMENT></COMMENT>
</POST>
<POST>
<USERNAME>italianlover37</USERNAME>
<DATETIME>12/8/2006 3:54:26 PM</DATETIME>
<BODY>lol</BODY>
<COMMENT></COMMENT>
</POST>
<POST>
<USERNAME>italianlover37</USERNAME>
<DATETIME>12/8/2006 3:54:37 PM</DATETIME>
<BODY>or you just want to play there</BODY>
<COMMENT></COMMENT>
<CODING>
<VERSION>italianlover37.elkilmer2.coded.txt</VERSION>
<CATEGORY>900</CATEGORY>
<TONE>2</TONE>
</CODING>
<CODING>
<VERSION>italianlover37.almcbride.coded.txt</VERSION>
<CATEGORY>900</CATEGORY>
<TONE>2</TONE>
</CODING>
<CODING>
<VERSION>italianlover37.rokress.both.coded.txt</VERSION>
<CATEGORY>600</CATEGORY>
<TONE>2</TONE>
</CODING>
</POST>
<POST>
<USERNAME>doindadew1992</USERNAME>
<DATETIME>12/8/2006 3:54:47 PM</DATETIME>
<BODY>we can play here he wont be home till like 9</BODY>
<COMMENT></COMMENT>
</POST>
<POST>
<USERNAME>italianlover37</USERNAME>
<DATETIME>12/8/2006 3:54:59 PM</DATETIME>
<BODY>okay call me and give me direcdtions</BODY>
<COMMENT></COMMENT>
<CODING>
<VERSION>italianlover37.elkilmer2.coded.txt</VERSION>
<CATEGORY>900</CATEGORY>
<TONE>4</TONE>
</CODING>
<CODING>
<VERSION>italianlover37.almcbride.coded.txt</VERSION>
<CATEGORY>900</CATEGORY>
<TONE>4</TONE>
</CODING>
<CODING>
<VERSION>italianlover37.rokress.both.coded.txt</VERSION>
<CATEGORY>900</CATEGORY>
<TONE>4</TONE>
</CODING>
</POST>
<POST>
<USERNAME>doindadew1992</USERNAME>
<DATETIME>12/8/2006 3:55:14 PM</DATETIME>
<BODY>k whats ur #</BODY>
<COMMENT></COMMENT>
</POST>
<POST>
<USERNAME>italianlover37</USERNAME>
<DATETIME>12/8/2006 3:55:22 PM</DATETIME>
<BODY>386 437 4690</BODY>
<COMMENT></COMMENT>
<CODING>
<VERSION>italianlover37.elkilmer2.coded.txt</VERSION>
<CATEGORY>900</CATEGORY>
<TONE>1</TONE>
</CODING>
<CODING>
<VERSION>italianlover37.almcbride.coded.txt</VERSION>
<CATEGORY>900</CATEGORY>
<TONE>3</TONE>
</CODING>
<CODING>
<VERSION>italianlover37.rokress.both.coded.txt</VERSION>
<CATEGORY>200</CATEGORY>
<TONE>3</TONE>
</CODING>
</POST>
<POST>
<USERNAME>doindadew1992</USERNAME>
<DATETIME>12/8/2006 3:55:31 PM</DATETIME>
<BODY>k</BODY>
<COMMENT></COMMENT>
</POST>
<POST>
<USERNAME>doindadew1992</USERNAME>
<DATETIME>12/8/2006 3:55:34 PM</DATETIME>
<BODY>but i gotta tell u</BODY>
<COMMENT></COMMENT>
</POST>
<POST>
<USERNAME>doindadew1992</USERNAME>
<DATETIME>12/8/2006 3:55:41 PM</DATETIME>
<BODY>i actually live in flagler bch</BODY>
<COMMENT></COMMENT>
</POST>
<POST>
<USERNAME>doindadew1992</USERNAME>
<DATETIME>12/8/2006 3:55:47 PM</DATETIME>
<BODY>its just so small i dont usually tell people that</BODY>
<COMMENT></COMMENT>
</POST>
<POST>
<USERNAME>italianlover37</USERNAME>
<DATETIME>12/8/2006 3:55:57 PM</DATETIME>
<BODY>i live right down the road</BODY>
<COMMENT></COMMENT>
<CODING>
<VERSION>italianlover37.elkilmer2.coded.txt</VERSION>
<CATEGORY>900</CATEGORY>
<TONE>1</TONE>
</CODING>
<CODING>
<VERSION>italianlover37.almcbride.coded.txt</VERSION>
<CATEGORY>900</CATEGORY>
<TONE>1</TONE>
</CODING>
<CODING>
<VERSION>italianlover37.rokress.both.coded.txt</VERSION>
<CATEGORY>200</CATEGORY>
<TONE>1</TONE>
</CODING>
</POST>
<POST>
<USERNAME>doindadew1992</USERNAME>
<DATETIME>12/8/2006 3:55:59 PM</DATETIME>
<BODY>i kno lol</BODY>
<COMMENT></COMMENT>
</POST>
<POST>
<USERNAME>italianlover37</USERNAME>
<DATETIME>12/8/2006 3:56:41 PM</DATETIME>
<BODY>cool</BODY>
<COMMENT></COMMENT>
</POST>
<POST>
<USERNAME>doindadew1992</USERNAME>
<DATETIME>12/8/2006 3:56:41 PM</DATETIME>
<BODY>k im going to call now</BODY>
<COMMENT></COMMENT>
</POST>
<POST>
<USERNAME>italianlover37</USERNAME>
<DATETIME>12/8/2006 3:56:44 PM</DATETIME>
<BODY>okay</BODY>
<COMMENT></COMMENT>
</POST>
<POST>
<USERNAME>doindadew1992</USERNAME>
<DATETIME>12/8/2006 3:57:25 PM</DATETIME>
<BODY>oh hey</BODY>
<COMMENT></COMMENT>
</POST>
<POST>
<USERNAME>doindadew1992</USERNAME>
<DATETIME>12/8/2006 3:57:30 PM</DATETIME>
<BODY>whats ur name? im derek</BODY>
<COMMENT></COMMENT>
</POST>
<POST>
<USERNAME>italianlover37</USERNAME>
<DATETIME>12/8/2006 3:57:30 PM</DATETIME>
<BODY>go ahead</BODY>
<COMMENT></COMMENT>
</POST>
<POST>
<USERNAME>doindadew1992</USERNAME>
<DATETIME>12/8/2006 3:57:34 PM</DATETIME>
<BODY>gotta kno who to ask for</BODY>
<COMMENT></COMMENT>
</POST>
<POST>
<USERNAME>italianlover37</USERNAME>
<DATETIME>12/8/2006 3:57:37 PM</DATETIME>
<BODY>john</BODY>
<COMMENT>(yeah, try anthony. but close. both names have...letters.)</COMMENT>
<CODING>
<VERSION>italianlover37.elkilmer2.coded.txt</VERSION>
<CATEGORY>200</CATEGORY>
<TONE>3</TONE>
</CODING>
<CODING>
<VERSION>italianlover37.almcbride.coded.txt</VERSION>
<CATEGORY>200</CATEGORY>
<TONE>2</TONE>
</CODING>
<CODING>
<VERSION>italianlover37.rokress.both.coded.txt</VERSION>
<CATEGORY>200</CATEGORY>
<TONE>3</TONE>
</CODING>
</POST>
</CHATLOG>