<!DOCTYPE CHATLOG SYSTEM 'chatlog.dtd'>
<CHATLOG>
<PREDATOR>
<FIRSTNAME>Michael</FIRSTNAME>
<LASTNAME>Patterson</LASTNAME>
<STATEDNAME>Mike</STATEDNAME>
<STATEDAGE>24</STATEDAGE>
<AGE>24</AGE>
<GENDER>Male</GENDER>
<RACE></RACE>
<CITY>Bowling Green</CITY>
<STATE>KY</STATE>
<REPEATOFFENDER>false</REPEATOFFENDER>
<ADMITGUILT>false</ADMITGUILT>
<TRUTHFULNAME>true</TRUTHFULNAME>
<SCREENNAME>
<USERNAME>jon_raven2000</USERNAME>
<HOST></HOST>
</SCREENNAME>
</PREDATOR>
<VICTIM>
<FIRSTNAME>Cookie</FIRSTNAME>
<LASTNAME>Crisps</LASTNAME>
<STATEDNAME>Tia</STATEDNAME>
<STATEDAGE>13</STATEDAGE>
<GENDER>Female</GENDER>
<RACE></RACE>
<CITY>Bowling Green</CITY>
<STATE>KY</STATE>
<PREVIOUSVICTIMIZATION>false</PREVIOUSVICTIMIZATION>
<ADMITGUILT>true</ADMITGUILT>
<SCREENNAME>
<USERNAME>tttia_pet13</USERNAME>
<HOST></HOST>
</SCREENNAME>
</VICTIM>
<CODINGVERSION>
<NAME>jon_raven2000.emjakubowski.coded.txt</NAME>
<CODER>emjakubowski</CODER>
</CODINGVERSION>
<POST>
<USERNAME>jon_raven2000</USERNAME>
<DATETIME>(10/20/07 7:39:38 pm)</DATETIME>
<BODY>hi</BODY>
<COMMENT></COMMENT>
</POST>
<POST>
<USERNAME>tttia_pet13</USERNAME>
<DATETIME>(10/20/07 7:40:35 pm)</DATETIME>
<BODY>hi</BODY>
<COMMENT></COMMENT>
</POST>
<POST>
<USERNAME>jon_raven2000</USERNAME>
<DATETIME>(10/20/07 7:40:45 pm)</DATETIME>
<BODY>24 m indiana</BODY>
<COMMENT></COMMENT>
<CODING>
<VERSION>jon_raven2000.emjakubowski.coded.txt</VERSION>
<CATEGORY>200</CATEGORY>
<TONE>1</TONE>
</CODING>
</POST>
<POST>
<USERNAME>jon_raven2000</USERNAME>
<DATETIME>(10/20/07 7:40:46 pm)</DATETIME>
<BODY>u</BODY>
<COMMENT></COMMENT>
<CODING>
<VERSION>jon_raven2000.emjakubowski.coded.txt</VERSION>
<CATEGORY>200</CATEGORY>
<TONE>2</TONE>
</CODING>
</POST>
<POST>
<USERNAME>tttia_pet13</USERNAME>
<DATETIME>(10/20/07 7:40:54 pm)</DATETIME>
<BODY>13 f ky</BODY>
<COMMENT></COMMENT>
</POST>
<POST>
<USERNAME>jon_raven2000</USERNAME>
<DATETIME>(10/20/07 7:41:56 pm)</DATETIME>
<BODY>youngin</BODY>
<COMMENT></COMMENT>
</POST>
<POST>
<USERNAME>tttia_pet13</USERNAME>
<DATETIME>(10/20/07 7:42:20 pm)</DATETIME>
<BODY>but i aint ababy</BODY>
<COMMENT></COMMENT>
</POST>
<POST>
<USERNAME>jon_raven2000</USERNAME>
<DATETIME>(10/20/07 7:42:40 pm)</DATETIME>
<BODY>lol</BODY>
<COMMENT></COMMENT>
</POST>
<POST>
<USERNAME>jon_raven2000</USERNAME>
<DATETIME>(10/20/07 7:42:46 pm)</DATETIME>
<BODY>why u say that</BODY>
<COMMENT></COMMENT>
</POST>
<POST>
<USERNAME>tttia_pet13</USERNAME>
<DATETIME>(10/20/07 7:42:55 pm)</DATETIME>
<BODY>cuz i bet u thnk i am</BODY>
<COMMENT></COMMENT>
</POST>
<POST>
<USERNAME>jon_raven2000</USERNAME>
<DATETIME>(10/20/07 7:43:10 pm)</DATETIME>
<BODY>na</BODY>
<COMMENT></COMMENT>
</POST>
<POST>
<USERNAME>tttia_pet13</USERNAME>
<DATETIME>(10/20/07 7:43:31 pm)</DATETIME>
<BODY>no one wants 2 atlk 2 me cuz the think i lil kid or summin</BODY>
<COMMENT></COMMENT>
</POST>
<POST>
<USERNAME>jon_raven2000</USERNAME>
<DATETIME>(10/20/07 7:43:55 pm)</DATETIME>
<BODY>they dont want to get in trouble..lol</BODY>
<COMMENT>(but you apparently are not so worried about this)</COMMENT>
<CODING>
<VERSION>jon_raven2000.emjakubowski.coded.txt</VERSION>
<CATEGORY>900</CATEGORY>
<TONE>3</TONE>
</CODING>
</POST>
<POST>
<USERNAME>tttia_pet13</USERNAME>
<DATETIME>(10/20/07 7:44:26 pm)</DATETIME>
<BODY>i aint gonna get n1 in truble geee</BODY>
<COMMENT></COMMENT>
</POST>
<POST>
<USERNAME>tttia_pet13</USERNAME>
<DATETIME>(10/20/07 7:44:52 pm)</DATETIME>
<BODY>wut u thnk i gooan get u in truble 2</BODY>
<COMMENT></COMMENT>
</POST>
<POST>
<USERNAME>tttia_pet13</USERNAME>
<DATETIME>(10/20/07 7:45:26 pm)</DATETIME>
<BODY>i ianta cop i aint with that stupid datelibe show n i aint a baby</BODY>
<COMMENT>( what? its all true)</COMMENT>
</POST>
<POST>
<USERNAME>tttia_pet13</USERNAME>
<DATETIME>(10/20/07 7:45:33 pm)</DATETIME>
<BODY>i just me</BODY>
<COMMENT></COMMENT>
</POST>
<POST>
<USERNAME>jon_raven2000</USERNAME>
<DATETIME>(10/20/07 7:46:14 pm)</DATETIME>
<BODY>im old</BODY>
<COMMENT></COMMENT>
</POST>
<POST>
<USERNAME>tttia_pet13</USERNAME>
<DATETIME>(10/20/07 7:46:26 pm)</DATETIME>
<BODY>24 is old?</BODY>
<COMMENT></COMMENT>
</POST>
<POST>
<USERNAME>jon_raven2000</USERNAME>
<DATETIME>(10/20/07 7:46:33 pm)</DATETIME>
<BODY>yes</BODY>
<COMMENT></COMMENT>
</POST>
<POST>
<USERNAME>tttia_pet13</USERNAME>
<DATETIME>(10/20/07 7:46:44 pm)</DATETIME>
<BODY>i dindt call u old</BODY>
<COMMENT></COMMENT>
</POST>
<POST>
<USERNAME>tttia_pet13</USERNAME>
<DATETIME>(10/20/07 7:46:51 pm)</DATETIME>
<BODY>y u say u old</BODY>
<COMMENT></COMMENT>
</POST>
<POST>
<USERNAME>jon_raven2000</USERNAME>
<DATETIME>(10/20/07 7:46:55 pm)</DATETIME>
<BODY>i know</BODY>
<COMMENT></COMMENT>
</POST>
<POST>
<USERNAME>tttia_pet13</USERNAME>
<DATETIME>(10/20/07 7:47:36 pm)</DATETIME>
<BODY>i dont thnk 24 old</BODY>
<COMMENT></COMMENT>
</POST>
<POST>
<USERNAME>jon_raven2000</USERNAME>
<DATETIME>(10/20/07 7:47:53 pm)</DATETIME>
<BODY>to old to do anything with u</BODY>
<COMMENT></COMMENT>
<CODING>
<VERSION>jon_raven2000.emjakubowski.coded.txt</VERSION>
<CATEGORY>600</CATEGORY>
<TONE>3</TONE>
</CODING>
</POST>
<POST>
<USERNAME>tttia_pet13</USERNAME>
<DATETIME>(10/20/07 7:47:54 pm)</DATETIME>
<BODY>old is like if u was old enuf to be my dad or summin</BODY>
<COMMENT></COMMENT>
</POST>
<POST>
<USERNAME>tttia_pet13</USERNAME>
<DATETIME>(10/20/07 7:48:13 pm)</DATETIME>
<BODY>who say we gonna do ne thing</BODY>
<COMMENT></COMMENT>
</POST>
<POST>
<USERNAME>tttia_pet13</USERNAME>
<DATETIME>(10/20/07 7:49:39 pm)</DATETIME>
<BODY>hellloooo</BODY>
<COMMENT></COMMENT>
</POST>
<POST>
<USERNAME>tttia_pet13</USERNAME>
<DATETIME>(10/20/07 7:52:26 pm)</DATETIME>
<BODY>see u no diff</BODY>
<COMMENT></COMMENT>
</POST>
<POST>
<USERNAME>tttia_pet13</USERNAME>
<DATETIME>(10/20/07 7:52:33 pm)</DATETIME>
<BODY>u just ignoring me</BODY>
<COMMENT></COMMENT>
</POST>
<POST>
<USERNAME>jon_raven2000</USERNAME>
<DATETIME>(10/20/07 7:52:39 pm)</DATETIME>
<BODY>u are to young</BODY>
<COMMENT>(you were saying it but you didnt listen to yourself now did you?)</COMMENT>
<CODING>
<VERSION>jon_raven2000.emjakubowski.coded.txt</VERSION>
<CATEGORY>600</CATEGORY>
<TONE>3</TONE>
</CODING>
</POST>
<POST>
<USERNAME>tttia_pet13</USERNAME>
<DATETIME>(10/20/07 7:52:49 pm)</DATETIME>
<BODY>2 wut talk 2</BODY>
<COMMENT></COMMENT>
</POST>
<POST>
<USERNAME>tttia_pet13</USERNAME>
<DATETIME>(10/20/07 7:52:52 pm)</DATETIME>
<BODY>tahts dum</BODY>
<COMMENT></COMMENT>
</POST>
<POST>
<USERNAME>jon_raven2000</USERNAME>
<DATETIME>(10/20/07 7:53:37 pm)</DATETIME>
<BODY>yes:d</BODY>
<COMMENT></COMMENT>
</POST>
<POST>
<USERNAME>tttia_pet13</USERNAME>
<DATETIME>(10/20/07 7:55:41 pm)</DATETIME>
<BODY>u r lame</BODY>
<COMMENT></COMMENT>
</POST>
<POST>
<USERNAME>jon_raven2000</USERNAME>
<DATETIME>(10/20/07 7:55:49 pm)</DATETIME>
<BODY>u are young</BODY>
<COMMENT></COMMENT>
</POST>
<POST>
<USERNAME>tttia_pet13</USERNAME>
<DATETIME>(10/20/07 7:56:06 pm)</DATETIME>
<BODY>so</BODY>
<COMMENT></COMMENT>
</POST>
<POST>
<USERNAME>tttia_pet13</USERNAME>
<DATETIME>(10/20/07 7:56:07 pm)</DATETIME>
<BODY>i cute</BODY>
<COMMENT></COMMENT>
</POST>
<POST>
<USERNAME>tttia_pet13</USERNAME>
<DATETIME>(10/20/07 7:56:07 pm)</DATETIME>
<BODY>:)</BODY>
<COMMENT></COMMENT>
</POST>
<POST>
<USERNAME>jon_raven2000</USERNAME>
<DATETIME>(10/20/07 7:56:20 pm)</DATETIME>
<BODY>really</BODY>
<COMMENT></COMMENT>
</POST>
<POST>
<USERNAME>tttia_pet13</USERNAME>
<DATETIME>(10/20/07 7:56:30 pm)</DATETIME>
<BODY>i thnk so</BODY>
<COMMENT></COMMENT>
</POST>
<POST>
<USERNAME>jon_raven2000</USERNAME>
<DATETIME>(10/20/07 7:57:53 pm)</DATETIME>
<BODY>any pics</BODY>
<COMMENT></COMMENT>
<CODING>
<VERSION>jon_raven2000.emjakubowski.coded.txt</VERSION>
<CATEGORY>200</CATEGORY>
<TONE>2</TONE>
</CODING>
</POST>
<POST>
<USERNAME>tttia_pet13</USERNAME>
<DATETIME>(10/20/07 7:58:19 pm)</DATETIME>
<BODY>yah</BODY>
<COMMENT></COMMENT>
</POST>
<POST>
<USERNAME>tttia_pet13</USERNAME>
<DATETIME>(10/20/07 7:58:22 pm)</DATETIME>
<BODY>u got any</BODY>
<COMMENT></COMMENT>
</POST>
<POST>
<USERNAME>jon_raven2000</USERNAME>
<DATETIME>(10/20/07 7:58:32 pm)</DATETIME>
<BODY>i do</BODY>
<COMMENT></COMMENT>
<CODING>
<VERSION>jon_raven2000.emjakubowski.coded.txt</VERSION>
<CATEGORY>200</CATEGORY>
<TONE>3</TONE>
</CODING>
</POST>
<POST>
<USERNAME>jon_raven2000</USERNAME>
<DATETIME>(10/20/07 7:58:38 pm)</DATETIME>
<BODY>send them</BODY>
<COMMENT></COMMENT>
<CODING>
<VERSION>jon_raven2000.emjakubowski.coded.txt</VERSION>
<CATEGORY>200</CATEGORY>
<TONE>4</TONE>
</CODING>
</POST>
<POST>
<USERNAME>tttia_pet13</USERNAME>
<DATETIME>(10/20/07 7:59:06 pm)</DATETIME>
<BODY>u send urs</BODY>
<COMMENT></COMMENT>
</POST>
<POST>
<USERNAME>jon_raven2000</USERNAME>
<DATETIME>(10/20/07 7:59:26 pm)</DATETIME>
<BODY>im in the blue shirt</BODY>
<COMMENT></COMMENT>
</POST>
<POST>
<USERNAME>tttia_pet13</USERNAME>
<DATETIME>(10/20/07 8:00:42 pm)</DATETIME>
<BODY>ur cute see</BODY>
<COMMENT></COMMENT>
</POST>
<POST>
<USERNAME>jon_raven2000</USERNAME>
<DATETIME>(10/20/07 8:01:20 pm)</DATETIME>
<BODY>only if you were 5 years older</BODY>
<COMMENT></COMMENT>
<CODING>
<VERSION>jon_raven2000.emjakubowski.coded.txt</VERSION>
<CATEGORY>600</CATEGORY>
<TONE>1</TONE>
</CODING>
</POST>
<POST>
<USERNAME>jon_raven2000</USERNAME>
<DATETIME>(10/20/07 8:01:21 pm)</DATETIME>
<BODY>lol</BODY>
<COMMENT></COMMENT>
</POST>
<POST>
<USERNAME>tttia_pet13</USERNAME>
<DATETIME>(10/20/07 8:01:33 pm)</DATETIME>
<BODY>i wish</BODY>
<COMMENT></COMMENT>
</POST>
<POST>
<USERNAME>tttia_pet13</USERNAME>
<DATETIME>(10/20/07 8:02:03 pm)</DATETIME>
<BODY>that the only one u have</BODY>
<COMMENT></COMMENT>
</POST>
<POST>
<USERNAME>jon_raven2000</USERNAME>
<DATETIME>(10/20/07 8:02:13 pm)</DATETIME>
<BODY>yeah</BODY>
<COMMENT></COMMENT>
</POST>
<POST>
<USERNAME>tttia_pet13</USERNAME>
<DATETIME>(10/20/07 8:02:27 pm)</DATETIME>
<BODY>who the other peeps</BODY>
<COMMENT>(family christmas photo)</COMMENT>
</POST>
<POST>
<USERNAME>jon_raven2000</USERNAME>
<DATETIME>(10/20/07 8:02:41 pm)</DATETIME>
<BODY>my family</BODY>
<COMMENT></COMMENT>
</POST>
<POST>
<USERNAME>tttia_pet13</USERNAME>
<DATETIME>(10/20/07 8:02:57 pm)</DATETIME>
<BODY>cool u gota big family</BODY>
<COMMENT></COMMENT>
</POST>
<POST>
<USERNAME>jon_raven2000</USERNAME>
<DATETIME>(10/20/07 8:03:22 pm)</DATETIME>
<BODY>yes</BODY>
<COMMENT></COMMENT>
</POST>
<POST>
<USERNAME>tttia_pet13</USERNAME>
<DATETIME>(10/20/07 8:03:29 pm)</DATETIME>
<BODY>i dont</BODY>
<COMMENT></COMMENT>
</POST>
<POST>
<USERNAME>tttia_pet13</USERNAME>
<DATETIME>(10/20/07 8:04:30 pm)</DATETIME>
<BODY>i live with my mom</BODY>
<COMMENT></COMMENT>
</POST>
<POST>
<USERNAME>tttia_pet13</USERNAME>
<DATETIME>(10/20/07 8:05:27 pm)</DATETIME>
<BODY>helllooooo</BODY>
<COMMENT></COMMENT>
</POST>
<POST>
<USERNAME>tttia_pet13</USERNAME>
<DATETIME>(10/20/07 8:05:33 pm)</DATETIME>
<BODY>stop talking 2 bots</BODY>
<COMMENT>(or other underage girls)</COMMENT>
</POST>
<POST>
<USERNAME>jon_raven2000</USERNAME>
<DATETIME>(10/20/07 8:05:42 pm)</DATETIME>
<BODY>u a bot..lol</BODY>
<COMMENT></COMMENT>
</POST>
<POST>
<USERNAME>tttia_pet13</USERNAME>
<DATETIME>(10/20/07 8:05:50 pm)</DATETIME>
<BODY>yep</BODY>
<COMMENT></COMMENT>
</POST>
<POST>
<USERNAME>tttia_pet13</USERNAME>
<DATETIME>(10/20/07 8:05:54 pm)</DATETIME>
<BODY>cant u tell</BODY>
<COMMENT></COMMENT>
</POST>
<POST>
<USERNAME>jon_raven2000</USERNAME>
<DATETIME>(10/20/07 8:06:10 pm)</DATETIME>
<BODY>yes</BODY>
<COMMENT></COMMENT>
</POST>
<POST>
<USERNAME>tttia_pet13</USERNAME>
<DATETIME>(10/20/07 8:06:52 pm)</DATETIME>
<BODY>how did u know</BODY>
<COMMENT></COMMENT>
</POST>
<POST>
<USERNAME>jon_raven2000</USERNAME>
<DATETIME>(10/20/07 8:07:21 pm)</DATETIME>
<BODY>i cant talk to u</BODY>
<COMMENT></COMMENT>
</POST>
<POST>
<USERNAME>tttia_pet13</USERNAME>
<DATETIME>(10/20/07 8:07:30 pm)</DATETIME>
<BODY>y</BODY>
<COMMENT></COMMENT>
</POST>
<POST>
<USERNAME>jon_raven2000</USERNAME>
<DATETIME>(10/20/07 8:07:39 pm)</DATETIME>
<BODY>u baby.lol</BODY>
<COMMENT></COMMENT>
</POST>
<POST>
<USERNAME>tttia_pet13</USERNAME>
<DATETIME>(10/20/07 8:07:50 pm)</DATETIME>
<BODY>i aint no baby</BODY>
<COMMENT></COMMENT>
</POST>
<POST>
<USERNAME>tttia_pet13</USERNAME>
<DATETIME>(10/20/07 8:07:54 pm)</DATETIME>
<BODY>u old man</BODY>
<COMMENT></COMMENT>
</POST>
<POST>
<USERNAME>jon_raven2000</USERNAME>
<DATETIME>(10/20/07 8:08:18 pm)</DATETIME>
<BODY>u wouldnt know what to do with me:-o</BODY>
<COMMENT></COMMENT>
<CODING>
<VERSION>jon_raven2000.emjakubowski.coded.txt</VERSION>
<CATEGORY>600</CATEGORY>
<TONE>3</TONE>
</CODING>
</POST>
<POST>
<USERNAME>tttia_pet13</USERNAME>
<DATETIME>(10/20/07 8:08:38 pm)</DATETIME>
<BODY>am i supposed 2 know wut 2 do with old men</BODY>
<COMMENT></COMMENT>
</POST>
<POST>
<USERNAME>jon_raven2000</USERNAME>
<DATETIME>(10/20/07 8:08:46 pm)</DATETIME>
<BODY>only with me</BODY>
<COMMENT></COMMENT>
</POST>
<POST>
<USERNAME>tttia_pet13</USERNAME>
<DATETIME>(10/20/07 8:08:54 pm)</DATETIME>
<BODY>rellly</BODY>
<COMMENT></COMMENT>
</POST>
<POST>
<USERNAME>jon_raven2000</USERNAME>
<DATETIME>(10/20/07 8:09:06 pm)</DATETIME>
<BODY>yes</BODY>
<COMMENT></COMMENT>
</POST>
<POST>
<USERNAME>tttia_pet13</USERNAME>
<DATETIME>(10/20/07 8:09:47 pm)</DATETIME>
<BODY>so u r an old man</BODY>
<COMMENT></COMMENT>
</POST>
<POST>
<USERNAME>jon_raven2000</USERNAME>
<DATETIME>(10/20/07 8:10:01 pm)</DATETIME>
<BODY>to u</BODY>
<COMMENT></COMMENT>
</POST>
<POST>
<USERNAME>tttia_pet13</USERNAME>
<DATETIME>(10/20/07 8:10:34 pm)</DATETIME>
<BODY>u r older than me but so wut</BODY>
<COMMENT></COMMENT>
</POST>
<POST>
<USERNAME>tttia_pet13</USERNAME>
<DATETIME>(10/20/07 8:10:42 pm)</DATETIME>
<BODY>i dont thnk all taht matters so much</BODY>
<COMMENT></COMMENT>
</POST>
<POST>
<USERNAME>jon_raven2000</USERNAME>
<DATETIME>(10/20/07 8:10:57 pm)</DATETIME>
<BODY>u cant do what i want</BODY>
<COMMENT></COMMENT>
<CODING>
<VERSION>jon_raven2000.emjakubowski.coded.txt</VERSION>
<CATEGORY>600</CATEGORY>
<TONE>3</TONE>
</CODING>
</POST>
<POST>
<USERNAME>jon_raven2000</USERNAME>
<DATETIME>(10/20/07 8:10:58 pm)</DATETIME>
<BODY>lol</BODY>
<COMMENT></COMMENT>
</POST>
<POST>
<USERNAME>tttia_pet13</USERNAME>
<DATETIME>(10/20/07 8:11:27 pm)</DATETIME>
<BODY>and wut is that</BODY>
<COMMENT></COMMENT>
</POST>
<POST>
<USERNAME>jon_raven2000</USERNAME>
<DATETIME>(10/20/07 8:11:49 pm)</DATETIME>
<BODY>your to young to imagine</BODY>
<COMMENT></COMMENT>
<CODING>
<VERSION>jon_raven2000.emjakubowski.coded.txt</VERSION>
<CATEGORY>600</CATEGORY>
<TONE>3</TONE>
</CODING>
</POST>
<POST>
<USERNAME>tttia_pet13</USERNAME>
<DATETIME>(10/20/07 8:12:05 pm)</DATETIME>
<BODY>wut?</BODY>
<COMMENT></COMMENT>
</POST>
<POST>
<USERNAME>tttia_pet13</USERNAME>
<DATETIME>(10/20/07 8:12:17 pm)</DATETIME>
<BODY>wut u meen by that</BODY>
<COMMENT></COMMENT>
</POST>
<POST>
<USERNAME>jon_raven2000</USERNAME>
<DATETIME>(10/20/07 8:12:40 pm)</DATETIME>
<BODY>figure it out</BODY>
<COMMENT></COMMENT>
</POST>
<POST>
<USERNAME>tttia_pet13</USERNAME>
<DATETIME>(10/20/07 8:12:55 pm)</DATETIME>
<BODY>ur alot of help</BODY>
<COMMENT></COMMENT>
</POST>
<POST>
<USERNAME>jon_raven2000</USERNAME>
<DATETIME>(10/20/07 8:13:49 pm)</DATETIME>
<BODY>i am arent i</BODY>
<COMMENT></COMMENT>
</POST>
<POST>
<USERNAME>tttia_pet13</USERNAME>
<DATETIME>(10/20/07 8:14:10 pm)</DATETIME>
<BODY>so wut u doin on heer u as bored as me</BODY>
<COMMENT></COMMENT>
</POST>
<POST>
<USERNAME>tttia_pet13</USERNAME>
<DATETIME>(10/20/07 8:14:26 pm)</DATETIME>
<BODY>i wuld think u wuld b out partying or summin</BODY>
<COMMENT>(or meeting girls your own age perhaps)</COMMENT>
</POST>
<POST>
<USERNAME>tttia_pet13</USERNAME>
<DATETIME>(10/20/07 8:14:35 pm)</DATETIME>
<BODY>u know u being an old man n all</BODY>
<COMMENT></COMMENT>
</POST>
<POST>
<USERNAME>jon_raven2000</USERNAME>
<DATETIME>(10/20/07 8:14:45 pm)</DATETIME>
<BODY>why</BODY>
<COMMENT></COMMENT>
</POST>
<POST>
<USERNAME>tttia_pet13</USERNAME>
<DATETIME>(10/20/07 8:15:03 pm)</DATETIME>
<BODY>cuz if i was old like u i wuld b</BODY>
<COMMENT></COMMENT>
</POST>
<POST>
<USERNAME>jon_raven2000</USERNAME>
<DATETIME>(10/20/07 8:15:13 pm)</DATETIME>
<BODY>ok</BODY>
<COMMENT></COMMENT>
</POST>
<POST>
<USERNAME>jon_raven2000</USERNAME>
<DATETIME>(10/20/07 8:15:18 pm)</DATETIME>
<BODY>but only if u were</BODY>
<COMMENT></COMMENT>
</POST>
<POST>
<USERNAME>jon_raven2000</USERNAME>
<DATETIME>(10/20/07 8:15:21 pm)</DATETIME>
<BODY>lol</BODY>
<COMMENT></COMMENT>
</POST>
<POST>
<USERNAME>tttia_pet13</USERNAME>
<DATETIME>(10/20/07 8:15:36 pm)</DATETIME>
<BODY>only if were wut old like u?</BODY>
<COMMENT></COMMENT>
</POST>
<POST>
<USERNAME>tttia_pet13</USERNAME>
<DATETIME>(10/20/07 8:17:22 pm)</DATETIME>
<BODY>:)</BODY>
<COMMENT></COMMENT>
</POST>
<POST>
<USERNAME>tttia_pet13</USERNAME>
<DATETIME>(10/20/07 8:17:28 pm)</DATETIME>
<BODY>b-)</BODY>
<COMMENT></COMMENT>
</POST>
<POST>
<USERNAME>tttia_pet13</USERNAME>
<DATETIME>(10/20/07 8:17:35 pm)</DATETIME>
<BODY>:-b</BODY>
<COMMENT></COMMENT>
</POST>
<POST>
<USERNAME>tttia_pet13</USERNAME>
<DATETIME>(10/20/07 8:17:48 pm)</DATETIME>
<BODY>:-h</BODY>
<COMMENT></COMMENT>
</POST>
<POST>
<USERNAME>jon_raven2000</USERNAME>
<DATETIME>(10/20/07 8:17:54 pm)</DATETIME>
<BODY>no</BODY>
<COMMENT></COMMENT>
</POST>
<POST>
<USERNAME>tttia_pet13</USERNAME>
<DATETIME>(10/20/07 8:18:01 pm)</DATETIME>
<BODY>no wut</BODY>
<COMMENT></COMMENT>
</POST>
<POST>
<USERNAME>jon_raven2000</USERNAME>
<DATETIME>(10/20/07 8:18:08 pm)</DATETIME>
<BODY>lol</BODY>
<COMMENT></COMMENT>
</POST>
<POST>
<USERNAME>tttia_pet13</USERNAME>
<DATETIME>(10/20/07 8:18:16 pm)</DATETIME>
<BODY>:-h</BODY>
<COMMENT></COMMENT>
</POST>
<POST>
<USERNAME>jon_raven2000</USERNAME>
<DATETIME>(10/20/07 8:18:22 pm)</DATETIME>
<BODY>did u figure out what i want</BODY>
<COMMENT></COMMENT>
</POST>
<POST>
<USERNAME>tttia_pet13</USERNAME>
<DATETIME>(10/20/07 8:18:23 pm)</DATETIME>
<BODY>:-h</BODY>
<COMMENT></COMMENT>
</POST>
<POST>
<USERNAME>tttia_pet13</USERNAME>
<DATETIME>(10/20/07 8:18:38 pm)</DATETIME>
<BODY>i ama baby remeber i dont know</BODY>
<COMMENT></COMMENT>
</POST>
<POST>
<USERNAME>tttia_pet13</USERNAME>
<DATETIME>(10/20/07 8:18:44 pm)</DATETIME>
<BODY>:-h</BODY>
<COMMENT></COMMENT>
</POST>
<POST>
<USERNAME>tttia_pet13</USERNAME>
<DATETIME>(10/20/07 8:18:50 pm)</DATETIME>
<BODY>:o)</BODY>
<COMMENT></COMMENT>
</POST>
<POST>
<USERNAME>tttia_pet13</USERNAME>
<DATETIME>(10/20/07 8:19:01 pm)</DATETIME>
<BODY>>:p</BODY>
<COMMENT></COMMENT>
</POST>
<POST>
<USERNAME>tttia_pet13</USERNAME>
<DATETIME>(10/20/07 8:19:19 pm)</DATETIME>
<BODY>:-h:-h</BODY>
<COMMENT></COMMENT>
</POST>
<POST>
<USERNAME>jon_raven2000</USERNAME>
<DATETIME>(10/20/07 8:19:23 pm)</DATETIME>
<BODY>have fun trying to talk on here</BODY>
<COMMENT></COMMENT>
</POST>
<POST>
<USERNAME>tttia_pet13</USERNAME>
<DATETIME>(10/20/07 8:19:33 pm)</DATETIME>
<BODY>do you have a twin</BODY>
<COMMENT></COMMENT>
</POST>
<POST>
<USERNAME>jon_raven2000</USERNAME>
<DATETIME>(10/20/07 8:19:37 pm)</DATETIME>
<BODY>yes</BODY>
<COMMENT></COMMENT>
</POST>
<POST>
<USERNAME>tttia_pet13</USERNAME>
<DATETIME>(10/20/07 8:19:41 pm)</DATETIME>
<BODY>u do</BODY>
<COMMENT></COMMENT>
</POST>
<POST>
<USERNAME>jon_raven2000</USERNAME>
<DATETIME>(10/20/07 8:19:50 pm)</DATETIME>
<BODY>yes</BODY>
<COMMENT></COMMENT>
</POST>
<POST>
<USERNAME>tttia_pet13</USERNAME>
<DATETIME>(10/20/07 8:20:00 pm)</DATETIME>
<BODY>do u have adog</BODY>
<COMMENT></COMMENT>
</POST>
<POST>
<USERNAME>jon_raven2000</USERNAME>
<DATETIME>(10/20/07 8:20:24 pm)</DATETIME>
<BODY>yes</BODY>
<COMMENT></COMMENT>
</POST>
<POST>
<USERNAME>tttia_pet13</USERNAME>
<DATETIME>(10/20/07 8:20:33 pm)</DATETIME>
<BODY>wut kind</BODY>
<COMMENT></COMMENT>
</POST>
<POST>
<USERNAME>jon_raven2000</USERNAME>
<DATETIME>(10/20/07 8:20:41 pm)</DATETIME>
<BODY>u..lol</BODY>
<COMMENT></COMMENT>
</POST>
<POST>
<USERNAME>tttia_pet13</USERNAME>
<DATETIME>(10/20/07 8:20:52 pm)</DATETIME>
<BODY>does ur dog know if its u or ur twin</BODY>
<COMMENT></COMMENT>
</POST>
<POST>
<USERNAME>tttia_pet13</USERNAME>
<DATETIME>(10/20/07 8:21:06 pm)</DATETIME>
<BODY>i ainta dog</BODY>
<COMMENT></COMMENT>
</POST>
<POST>
<USERNAME>jon_raven2000</USERNAME>
<DATETIME>(10/20/07 8:21:12 pm)</DATETIME>
<BODY>lol</BODY>
<COMMENT></COMMENT>
</POST>
<POST>
<USERNAME>tttia_pet13</USERNAME>
<DATETIME>(10/20/07 8:21:28 pm)</DATETIME>
<BODY>do u have acat</BODY>
<COMMENT></COMMENT>
</POST>
<POST>
<USERNAME>jon_raven2000</USERNAME>
<DATETIME>(10/20/07 8:21:36 pm)</DATETIME>
<BODY>yes</BODY>
<COMMENT></COMMENT>
</POST>
<POST>
<USERNAME>jon_raven2000</USERNAME>
<DATETIME>(10/20/07 8:21:42 pm)</DATETIME>
<BODY>a bird, fish</BODY>
<COMMENT></COMMENT>
</POST>
<POST>
<USERNAME>jon_raven2000</USERNAME>
<DATETIME>(10/20/07 8:21:49 pm)</DATETIME>
<BODY>aligator</BODY>
<COMMENT></COMMENT>
</POST>
<POST>
<USERNAME>tttia_pet13</USERNAME>
<DATETIME>(10/20/07 8:21:50 pm)</DATETIME>
<BODY>do your cat have atwin</BODY>
<COMMENT></COMMENT>
</POST>
<POST>
<USERNAME>jon_raven2000</USERNAME>
<DATETIME>(10/20/07 8:21:52 pm)</DATETIME>
<BODY>lol</BODY>
<COMMENT></COMMENT>
</POST>
<POST>
<USERNAME>tttia_pet13</USERNAME>
<DATETIME>(10/20/07 8:22:04 pm)</DATETIME>
<BODY>is there such thing as atwin cat</BODY>
<COMMENT></COMMENT>
</POST>
<POST>
<USERNAME>jon_raven2000</USERNAME>
<DATETIME>(10/20/07 8:22:26 pm)</DATETIME>
<BODY>i dont know</BODY>
<COMMENT></COMMENT>
</POST>
<POST>
<USERNAME>tttia_pet13</USERNAME>
<DATETIME>(10/20/07 8:22:32 pm)</DATETIME>
<BODY>me either</BODY>
<COMMENT></COMMENT>
</POST>
<POST>
<USERNAME>tttia_pet13</USERNAME>
<DATETIME>(10/20/07 8:22:42 pm)</DATETIME>
<BODY>i thought u were old u shuld know</BODY>
<COMMENT></COMMENT>
</POST>
<POST>
<USERNAME>jon_raven2000</USERNAME>
<DATETIME>(10/20/07 8:22:49 pm)</DATETIME>
<BODY>never seen one</BODY>
<COMMENT></COMMENT>
</POST>
<POST>
<USERNAME>tttia_pet13</USERNAME>
<DATETIME>(10/20/07 8:23:13 pm)</DATETIME>
<BODY>wut color r ur eyes</BODY>
<COMMENT></COMMENT>
</POST>
<POST>
<USERNAME>jon_raven2000</USERNAME>
<DATETIME>(10/20/07 8:23:19 pm)</DATETIME>
<BODY>blue</BODY>
<COMMENT></COMMENT>
</POST>
<POST>
<USERNAME>tttia_pet13</USERNAME>
<DATETIME>(10/20/07 8:23:28 pm)</DATETIME>
<BODY>wut color r ur twins eyes</BODY>
<COMMENT></COMMENT>
</POST>
<POST>
<USERNAME>tttia_pet13</USERNAME>
<DATETIME>(10/20/07 8:24:57 pm)</DATETIME>
<BODY>:-h</BODY>
<COMMENT></COMMENT>
</POST>
<POST>
<USERNAME>jon_raven2000</USERNAME>
<DATETIME>(10/20/07 8:25:10 pm)</DATETIME>
<BODY>u have a phone?</BODY>
<COMMENT></COMMENT>
</POST>
<POST>
<USERNAME>tttia_pet13</USERNAME>
<DATETIME>(10/20/07 8:25:19 pm)</DATETIME>
<BODY>yah</BODY>
<COMMENT></COMMENT>
</POST>
<POST>
<USERNAME>jon_raven2000</USERNAME>
<DATETIME>(10/20/07 8:25:33 pm)</DATETIME>
<BODY>send me pics</BODY>
<COMMENT></COMMENT>
<CODING>
<VERSION>jon_raven2000.emjakubowski.coded.txt</VERSION>
<CATEGORY>200</CATEGORY>
<TONE>4</TONE>
</CODING>
</POST>
<POST>
<USERNAME>tttia_pet13</USERNAME>
<DATETIME>(10/20/07 8:27:02 pm)</DATETIME>
<BODY>:-h</BODY>
<COMMENT></COMMENT>
</POST>
<POST>
<USERNAME>jon_raven2000</USERNAME>
<DATETIME>(10/20/07 8:27:10 pm)</DATETIME>
<BODY>u going to send me pics</BODY>
<COMMENT></COMMENT>
<CODING>
<VERSION>jon_raven2000.emjakubowski.coded.txt</VERSION>
<CATEGORY>200</CATEGORY>
<TONE>2</TONE>
</CODING>
</POST>
<POST>
<USERNAME>tttia_pet13</USERNAME>
<DATETIME>(10/20/07 8:27:21 pm)</DATETIME>
<BODY>u have to accpt it duhhhh</BODY>
<COMMENT></COMMENT>
</POST>
<POST>
<USERNAME>tttia_pet13</USERNAME>
<DATETIME>(10/20/07 8:27:30 pm)</DATETIME>
<BODY>i already did but wut ever</BODY>
<COMMENT></COMMENT>
</POST>
<POST>
<USERNAME>jon_raven2000</USERNAME>
<DATETIME>(10/20/07 8:27:39 pm)</DATETIME>
<BODY>on my phone</BODY>
<COMMENT></COMMENT>
</POST>
<POST>
<USERNAME>tttia_pet13</USERNAME>
<DATETIME>(10/20/07 8:28:01 pm)</DATETIME>
<BODY>i iant got txt on my phone</BODY>
<COMMENT></COMMENT>
</POST>
<POST>
<USERNAME>tttia_pet13</USERNAME>
<DATETIME>(10/20/07 8:28:12 pm)</DATETIME>
<BODY>i sent 2 many n got in truble</BODY>
<COMMENT></COMMENT>
</POST>
<POST>
<USERNAME>jon_raven2000</USERNAME>
<DATETIME>(10/20/07 8:28:16 pm)</DATETIME>
<BODY>k</BODY>
<COMMENT></COMMENT>
</POST>
<POST>
<USERNAME>tttia_pet13</USERNAME>
<DATETIME>(10/20/07 8:28:31 pm)</DATETIME>
<BODY>i thught u wnated me 2 call u or summin</BODY>
<COMMENT></COMMENT>
</POST>
<POST>
<USERNAME>tttia_pet13</USERNAME>
<DATETIME>(10/20/07 8:28:33 pm)</DATETIME>
<BODY>u sux</BODY>
<COMMENT></COMMENT>
</POST>
<POST>
<USERNAME>jon_raven2000</USERNAME>
<DATETIME>(10/20/07 8:28:44 pm)</DATETIME>
<BODY>u want to call</BODY>
<COMMENT></COMMENT>
<CODING>
<VERSION>jon_raven2000.emjakubowski.coded.txt</VERSION>
<CATEGORY>900</CATEGORY>
<TONE>2</TONE>
</CODING>
</POST>
<POST>
<USERNAME>tttia_pet13</USERNAME>
<DATETIME>(10/20/07 8:28:51 pm)</DATETIME>
<BODY>yah sure</BODY>
<COMMENT></COMMENT>
</POST>
<POST>
<USERNAME>jon_raven2000</USERNAME>
<DATETIME>(10/20/07 8:29:14 pm)</DATETIME>
<BODY>2195107778</BODY>
<COMMENT></COMMENT>
<CODING>
<VERSION>jon_raven2000.emjakubowski.coded.txt</VERSION>
<CATEGORY>200</CATEGORY>
<TONE>3</TONE>
</CODING>
</POST>
<POST>
<USERNAME>tttia_pet13</USERNAME>
<DATETIME>(10/20/07 8:29:31 pm)</DATETIME>
<BODY>wuts ur name</BODY>
<COMMENT></COMMENT>
</POST>
<POST>
<USERNAME>jon_raven2000</USERNAME>
<DATETIME>(10/20/07 8:29:38 pm)</DATETIME>
<BODY>mike</BODY>
<COMMENT></COMMENT>
<CODING>
<VERSION>jon_raven2000.emjakubowski.coded.txt</VERSION>
<CATEGORY>200</CATEGORY>
<TONE>3</TONE>
</CODING>
</POST>
<POST>
<USERNAME>tttia_pet13</USERNAME>
<DATETIME>(10/20/07 8:29:59 pm)</DATETIME>
<BODY>mine is tia</BODY>
<COMMENT></COMMENT>
</POST>
<POST>
<USERNAME>jon_raven2000</USERNAME>
<DATETIME>(10/20/07 8:30:09 pm)</DATETIME>
<BODY>ok</BODY>
<COMMENT></COMMENT>
</POST>
<POST>
<USERNAME>tttia_pet13</USERNAME>
<DATETIME>(10/20/07 8:42:49 pm)</DATETIME>
<BODY>wutever</BODY>
<COMMENT></COMMENT>
</POST>
<POST>
<USERNAME>tttia_pet13</USERNAME>
<DATETIME>(10/20/07 8:45:59 pm)</DATETIME>
<BODY>:-h</BODY>
<COMMENT></COMMENT>
</POST>
<POST>
<USERNAME>jon_raven2000</USERNAME>
<DATETIME>(10/20/07 8:46:04 pm)</DATETIME>
<BODY>hey</BODY>
<COMMENT></COMMENT>
</POST>
<POST>
<USERNAME>tttia_pet13</USERNAME>
<DATETIME>(10/20/07 8:47:34 pm)</DATETIME>
<BODY>so now u think iabbay</BODY>
<COMMENT></COMMENT>
</POST>
<POST>
<USERNAME>tttia_pet13</USERNAME>
<DATETIME>(10/20/07 8:48:13 pm)</DATETIME>
<BODY>i wuld not tell on u u r so dum</BODY>
<COMMENT></COMMENT>
</POST>
<POST>
<USERNAME>tttia_pet13</USERNAME>
<DATETIME>(10/20/07 8:48:20 pm)</DATETIME>
<BODY>u r not old</BODY>
<COMMENT></COMMENT>
</POST>
<POST>
<USERNAME>tttia_pet13</USERNAME>
<DATETIME>(10/20/07 8:49:03 pm)</DATETIME>
<BODY>:-h</BODY>
<COMMENT></COMMENT>
</POST>
<POST>
<USERNAME>tttia_pet13</USERNAME>
<DATETIME>(10/20/07 8:49:09 pm)</DATETIME>
<BODY>:-h</BODY>
<COMMENT></COMMENT>
</POST>
<POST>
<USERNAME>tttia_pet13</USERNAME>
<DATETIME>(10/20/07 8:49:14 pm)</DATETIME>
<BODY>:-h</BODY>
<COMMENT></COMMENT>
</POST>
<POST>
<USERNAME>tttia_pet13</USERNAME>
<DATETIME>(10/20/07 8:49:19 pm)</DATETIME>
<BODY>:-h</BODY>
<COMMENT></COMMENT>
</POST>
<POST>
<USERNAME>jon_raven2000</USERNAME>
<DATETIME>(10/20/07 8:49:35 pm)</DATETIME>
<BODY>u want to go out tonight</BODY>
<COMMENT></COMMENT>
<CODING>
<VERSION>jon_raven2000.emjakubowski.coded.txt</VERSION>
<CATEGORY>900</CATEGORY>
<TONE>2</TONE>
</CODING>
</POST>
<POST>
<USERNAME>tttia_pet13</USERNAME>
<DATETIME>(10/20/07 8:49:46 pm)</DATETIME>
<BODY>4 reel</BODY>
<COMMENT></COMMENT>
</POST>
<POST>
<USERNAME>tttia_pet13</USERNAME>
<DATETIME>(10/20/07 8:51:41 pm)</DATETIME>
<BODY>hello</BODY>
<COMMENT></COMMENT>
</POST>
<POST>
<USERNAME>jon_raven2000</USERNAME>
<DATETIME>(10/20/07 8:52:10 pm)</DATETIME>
<BODY>yes</BODY>
<COMMENT></COMMENT>
</POST>
<POST>
<USERNAME>tttia_pet13</USERNAME>
<DATETIME>(10/20/07 8:52:54 pm)</DATETIME>
<BODY>yes 4 reel?</BODY>
<COMMENT></COMMENT>
</POST>
<POST>
<USERNAME>jon_raven2000</USERNAME>
<DATETIME>(10/20/07 8:52:56 pm)</DATETIME>
<BODY>u want to</BODY>
<COMMENT></COMMENT>
</POST>
<POST>
<USERNAME>tttia_pet13</USERNAME>
<DATETIME>(10/20/07 8:53:10 pm)</DATETIME>
<BODY>r u messing with me now</BODY>
<COMMENT></COMMENT>
</POST>
<POST>
<USERNAME>jon_raven2000</USERNAME>
<DATETIME>(10/20/07 8:53:31 pm)</DATETIME>
<BODY>yes</BODY>
<COMMENT></COMMENT>
</POST>
<POST>
<USERNAME>tttia_pet13</USERNAME>
<DATETIME>(10/20/07 8:53:47 pm)</DATETIME>
<BODY>u r messing with me</BODY>
<COMMENT></COMMENT>
</POST>
<POST>
<USERNAME>tttia_pet13</USERNAME>
<DATETIME>(10/20/07 8:53:58 pm)</DATETIME>
<BODY>or yes u wnat 2</BODY>
<COMMENT></COMMENT>
</POST>
<POST>
<USERNAME>jon_raven2000</USERNAME>
<DATETIME>(10/20/07 8:54:03 pm)</DATETIME>
<BODY>no</BODY>
<COMMENT></COMMENT>
</POST>
<POST>
<USERNAME>tttia_pet13</USERNAME>
<DATETIME>(10/20/07 8:54:10 pm)</DATETIME>
<BODY>omg wut r u saying</BODY>
<COMMENT></COMMENT>
</POST>
<POST>
<USERNAME>jon_raven2000</USERNAME>
<DATETIME>(10/20/07 8:54:36 pm)</DATETIME>
<BODY>i do</BODY>
<COMMENT></COMMENT>
</POST>
<POST>
<USERNAME>tttia_pet13</USERNAME>
<DATETIME>(10/20/07 8:54:47 pm)</DATETIME>
<BODY>ok then i do 2</BODY>
<COMMENT></COMMENT>
</POST>
<POST>
<USERNAME>tttia_pet13</USERNAME>
<DATETIME>(10/20/07 8:55:47 pm)</DATETIME>
<BODY>wut r u doing</BODY>
<COMMENT></COMMENT>
</POST>
<POST>
<USERNAME>jon_raven2000</USERNAME>
<DATETIME>(10/20/07 8:56:31 pm)</DATETIME>
<BODY>u there</BODY>
<COMMENT></COMMENT>
</POST>
<POST>
<USERNAME>tttia_pet13</USERNAME>
<DATETIME>(10/20/07 8:56:40 pm)</DATETIME>
<BODY>yah i heer</BODY>
<COMMENT></COMMENT>
</POST>
<POST>
<USERNAME>jon_raven2000</USERNAME>
<DATETIME>(10/20/07 8:57:06 pm)</DATETIME>
<BODY>by the time i get there u would have to go home</BODY>
<COMMENT></COMMENT>
<CODING>
<VERSION>jon_raven2000.emjakubowski.coded.txt</VERSION>
<CATEGORY>900</CATEGORY>
<TONE>1</TONE>
</CODING>
</POST>
<POST>
<USERNAME>tttia_pet13</USERNAME>
<DATETIME>(10/20/07 8:57:17 pm)</DATETIME>
<BODY>y u say that</BODY>
<COMMENT></COMMENT>
</POST>
<POST>
<USERNAME>jon_raven2000</USERNAME>
<DATETIME>(10/20/07 8:57:32 pm)</DATETIME>
<BODY>u cant stay out late</BODY>
<COMMENT></COMMENT>
</POST>
<POST>
<USERNAME>tttia_pet13</USERNAME>
<DATETIME>(10/20/07 8:57:45 pm)</DATETIME>
<BODY>i can do wut i wanna</BODY>
<COMMENT></COMMENT>
</POST>
<POST>
<USERNAME>tttia_pet13</USERNAME>
<DATETIME>(10/20/07 8:57:58 pm)</DATETIME>
<BODY>i just aint got no car</BODY>
<COMMENT></COMMENT>
</POST>
<POST>
<USERNAME>jon_raven2000</USERNAME>
<DATETIME>(10/20/07 8:58:33 pm)</DATETIME>
<BODY>u ever did anything with a guy:-</BODY>
<COMMENT></COMMENT>
<CODING>
<VERSION>jon_raven2000.emjakubowski.coded.txt</VERSION>
<CATEGORY>600</CATEGORY>
<TONE>2</TONE>
</CODING>
</POST>
<POST>
<USERNAME>tttia_pet13</USERNAME>
<DATETIME>(10/20/07 8:58:44 pm)</DATETIME>
<BODY>yah</BODY>
<COMMENT></COMMENT>
</POST>
<POST>
<USERNAME>jon_raven2000</USERNAME>
<DATETIME>(10/20/07 8:58:58 pm)</DATETIME>
<BODY>like what</BODY>
<COMMENT></COMMENT>
<CODING>
<VERSION>jon_raven2000.emjakubowski.coded.txt</VERSION>
<CATEGORY>600</CATEGORY>
<TONE>2</TONE>
</CODING>
</POST>
<POST>
<USERNAME>tttia_pet13</USERNAME>
<DATETIME>(10/20/07 8:59:06 pm)</DATETIME>
<BODY>fooled around stuff</BODY>
<COMMENT></COMMENT>
</POST>
<POST>
<USERNAME>tttia_pet13</USERNAME>
<DATETIME>(10/20/07 8:59:10 pm)</DATETIME>
<BODY>i had a bf b 4</BODY>
<COMMENT></COMMENT>
</POST>
<POST>
<USERNAME>tttia_pet13</USERNAME>
<DATETIME>(10/20/07 8:59:34 pm)</DATETIME>
<BODY>when i live din pikeville</BODY>
<COMMENT></COMMENT>
</POST>
<POST>
<USERNAME>jon_raven2000</USERNAME>
<DATETIME>(10/20/07 8:59:55 pm)</DATETIME>
<BODY>what did u do</BODY>
<COMMENT></COMMENT>
<CODING>
<VERSION>jon_raven2000.emjakubowski.coded.txt</VERSION>
<CATEGORY>600</CATEGORY>
<TONE>2</TONE>
</CODING>
</POST>
<POST>
<USERNAME>tttia_pet13</USERNAME>
<DATETIME>(10/20/07 9:00:06 pm)</DATETIME>
<BODY>we did bf gf stuff u know</BODY>
<COMMENT></COMMENT>
</POST>
<POST>
<USERNAME>jon_raven2000</USERNAME>
<DATETIME>(10/20/07 9:00:19 pm)</DATETIME>
<BODY>did u suck him</BODY>
<COMMENT>(you had to go there didnt you?)</COMMENT>
<CODING>
<VERSION>jon_raven2000.emjakubowski.coded.txt</VERSION>
<CATEGORY>600</CATEGORY>
<TONE>2</TONE>
</CODING>
</POST>
<POST>
<USERNAME>tttia_pet13</USERNAME>
<DATETIME>(10/20/07 9:00:33 pm)</DATETIME>
<BODY>yah</BODY>
<COMMENT></COMMENT>
</POST>
<POST>
<USERNAME>tttia_pet13</USERNAME>
<DATETIME>(10/20/07 9:00:39 pm)</DATETIME>
<BODY>y u wanna know that</BODY>
<COMMENT></COMMENT>
</POST>
<POST>
<USERNAME>jon_raven2000</USERNAME>
<DATETIME>(10/20/07 9:00:43 pm)</DATETIME>
<BODY>i just do</BODY>
<COMMENT></COMMENT>
</POST>
<POST>
<USERNAME>tttia_pet13</USERNAME>
<DATETIME>(10/20/07 9:00:52 pm)</DATETIME>
<BODY>kk</BODY>
<COMMENT></COMMENT>
</POST>
<POST>
<USERNAME>tttia_pet13</USERNAME>
<DATETIME>(10/20/07 9:00:57 pm)</DATETIME>
<BODY>see i aint no baby</BODY>
<COMMENT></COMMENT>
</POST>
<POST>
<USERNAME>jon_raven2000</USERNAME>
<DATETIME>(10/20/07 9:01:06 pm)</DATETIME>
<BODY>would u do it to me</BODY>
<COMMENT></COMMENT>
<CODING>
<VERSION>jon_raven2000.emjakubowski.coded.txt</VERSION>
<CATEGORY>600</CATEGORY>
<TONE>2</TONE>
</CODING>
</POST>
<POST>
<USERNAME>tttia_pet13</USERNAME>
<DATETIME>(10/20/07 9:01:19 pm)</DATETIME>
<BODY>wuld u want me 2</BODY>
<COMMENT></COMMENT>
</POST>
<POST>
<USERNAME>jon_raven2000</USERNAME>
<DATETIME>(10/20/07 9:01:23 pm)</DATETIME>
<BODY>yes</BODY>
<COMMENT></COMMENT>
</POST>
<POST>
<USERNAME>tttia_pet13</USERNAME>
<DATETIME>(10/20/07 9:01:40 pm)</DATETIME>
<BODY>yah it wuld b cool to try stuff out ur cute</BODY>
<COMMENT></COMMENT>
</POST>
<POST>
<USERNAME>jon_raven2000</USERNAME>
<DATETIME>(10/20/07 9:02:04 pm)</DATETIME>
<BODY>i have a big..lol</BODY>
<COMMENT></COMMENT>
<CODING>
<VERSION>jon_raven2000.emjakubowski.coded.txt</VERSION>
<CATEGORY>600</CATEGORY>
<TONE>1</TONE>
</CODING>
</POST>
<POST>
<USERNAME>tttia_pet13</USERNAME>
<DATETIME>(10/20/07 9:02:26 pm)</DATETIME>
<BODY>big wut?</BODY>
<COMMENT></COMMENT>
</POST>
<POST>
<USERNAME>jon_raven2000</USERNAME>
<DATETIME>(10/20/07 9:02:34 pm)</DATETIME>
<BODY>u know</BODY>
<COMMENT></COMMENT>
</POST>
<POST>
<USERNAME>tttia_pet13</USERNAME>
<DATETIME>(10/20/07 9:02:55 pm)</DATETIME>
<BODY>lol</BODY>
<COMMENT></COMMENT>
</POST>
<POST>
<USERNAME>tttia_pet13</USERNAME>
<DATETIME>(10/20/07 9:02:57 pm)</DATETIME>
<BODY>no wut</BODY>
<COMMENT></COMMENT>
</POST>
<POST>
<USERNAME>jon_raven2000</USERNAME>
<DATETIME>(10/20/07 9:03:07 pm)</DATETIME>
<BODY>my 'ick</BODY>
<COMMENT></COMMENT>
<CODING>
<VERSION>jon_raven2000.emjakubowski.coded.txt</VERSION>
<CATEGORY>600</CATEGORY>
<TONE>1</TONE>
</CODING>
</POST>
<POST>
<USERNAME>tttia_pet13</USERNAME>
<DATETIME>(10/20/07 9:03:13 pm)</DATETIME>
<BODY>u have a ick</BODY>
<COMMENT></COMMENT>
</POST>
<POST>
<USERNAME>tttia_pet13</USERNAME>
<DATETIME>(10/20/07 9:03:18 pm)</DATETIME>
<BODY>ick ick ick</BODY>
<COMMENT></COMMENT>
</POST>
<POST>
<USERNAME>jon_raven2000</USERNAME>
<DATETIME>(10/20/07 9:03:21 pm)</DATETIME>
<BODY>dick</BODY>
<COMMENT></COMMENT>
<CODING>
<VERSION>jon_raven2000.emjakubowski.coded.txt</VERSION>
<CATEGORY>600</CATEGORY>
<TONE>1</TONE>
</CODING>
</POST>
<POST>
<USERNAME>jon_raven2000</USERNAME>
<DATETIME>(10/20/07 9:03:24 pm)</DATETIME>
<BODY>crazy</BODY>
<COMMENT></COMMENT>
</POST>
<POST>
<USERNAME>tttia_pet13</USERNAME>
<DATETIME>(10/20/07 9:03:28 pm)</DATETIME>
<BODY>lol</BODY>
<COMMENT></COMMENT>
</POST>
<POST>
<USERNAME>tttia_pet13</USERNAME>
<DATETIME>(10/20/07 9:03:39 pm)</DATETIME>
<BODY>so how is that bad</BODY>
<COMMENT></COMMENT>
</POST>
<POST>
<USERNAME>jon_raven2000</USERNAME>
<DATETIME>(10/20/07 9:03:51 pm)</DATETIME>
<BODY>to big for u</BODY>
<COMMENT></COMMENT>
<CODING>
<VERSION>jon_raven2000.emjakubowski.coded.txt</VERSION>
<CATEGORY>600</CATEGORY>
<TONE>3</TONE>
</CODING>
</POST>
<POST>
<USERNAME>tttia_pet13</USERNAME>
<DATETIME>(10/20/07 9:04:09 pm)</DATETIME>
<BODY>how u know</BODY>
<COMMENT></COMMENT>
</POST>
<POST>
<USERNAME>jon_raven2000</USERNAME>
<DATETIME>(10/20/07 9:04:24 pm)</DATETIME>
<BODY>what u want to do</BODY>
<COMMENT></COMMENT>
<CODING>
<VERSION>jon_raven2000.emjakubowski.coded.txt</VERSION>
<CATEGORY>600</CATEGORY>
<TONE>2</TONE>
</CODING>
</POST>
<POST>
<USERNAME>tttia_pet13</USERNAME>
<DATETIME>(10/20/07 9:04:39 pm)</DATETIME>
<BODY>wut u wanna do</BODY>
<COMMENT></COMMENT>
</POST>
<POST>
<USERNAME>jon_raven2000</USERNAME>
<DATETIME>(10/20/07 9:05:00 pm)</DATETIME>
<BODY>u want me to come there</BODY>
<COMMENT></COMMENT>
<CODING>
<VERSION>jon_raven2000.emjakubowski.coded.txt</VERSION>
<CATEGORY>900</CATEGORY>
<TONE>2</TONE>
</CODING>
</POST>
<POST>
<USERNAME>tttia_pet13</USERNAME>
<DATETIME>(10/20/07 9:05:13 pm)</DATETIME>
<BODY>u relly wanna?</BODY>
<COMMENT></COMMENT>
</POST>
<POST>
<USERNAME>jon_raven2000</USERNAME>
<DATETIME>(10/20/07 9:05:16 pm)</DATETIME>
<BODY>yes</BODY>
<COMMENT></COMMENT>
</POST>
<POST>
<USERNAME>tttia_pet13</USERNAME>
<DATETIME>(10/20/07 9:05:22 pm)</DATETIME>
<BODY>that wuld b cool</BODY>
<COMMENT></COMMENT>
</POST>
<POST>
<USERNAME>tttia_pet13</USERNAME>
<DATETIME>(10/20/07 9:05:25 pm)</DATETIME>
<BODY>u culd do that</BODY>
<COMMENT></COMMENT>
</POST>
<POST>
<USERNAME>tttia_pet13</USERNAME>
<DATETIME>(10/20/07 9:05:38 pm)</DATETIME>
<BODY>u wuld relly drive heere</BODY>
<COMMENT></COMMENT>
</POST>
<POST>
<USERNAME>jon_raven2000</USERNAME>
<DATETIME>(10/20/07 9:05:42 pm)</DATETIME>
<BODY>yes</BODY>
<COMMENT></COMMENT>
</POST>
<POST>
<USERNAME>jon_raven2000</USERNAME>
<DATETIME>(10/20/07 9:05:48 pm)</DATETIME>
<BODY>what city u in</BODY>
<COMMENT></COMMENT>
<CODING>
<VERSION>jon_raven2000.emjakubowski.coded.txt</VERSION>
<CATEGORY>200</CATEGORY>
<TONE>2</TONE>
</CODING>
</POST>
<POST>
<USERNAME>tttia_pet13</USERNAME>
<DATETIME>(10/20/07 9:06:00 pm)</DATETIME>
<BODY>wut city u in</BODY>
<COMMENT></COMMENT>
</POST>
<POST>
<USERNAME>jon_raven2000</USERNAME>
<DATETIME>(10/20/07 9:06:08 pm)</DATETIME>
<BODY>im in indiana</BODY>
<COMMENT></COMMENT>
<CODING>
<VERSION>jon_raven2000.emjakubowski.coded.txt</VERSION>
<CATEGORY>200</CATEGORY>
<TONE>3</TONE>
</CODING>
</POST>
<POST>
<USERNAME>tttia_pet13</USERNAME>
<DATETIME>(10/20/07 9:06:15 pm)</DATETIME>
<BODY>im in ky</BODY>
<COMMENT></COMMENT>
</POST>
<POST>
<USERNAME>jon_raven2000</USERNAME>
<DATETIME>(10/20/07 9:06:21 pm)</DATETIME>
<BODY>what city in ky</BODY>
<COMMENT></COMMENT>
<CODING>
<VERSION>jon_raven2000.emjakubowski.coded.txt</VERSION>
<CATEGORY>200</CATEGORY>
<TONE>2</TONE>
</CODING>
</POST>
<POST>
<USERNAME>jon_raven2000</USERNAME>
<DATETIME>(10/20/07 9:07:07 pm)</DATETIME>
<BODY>?</BODY>
<COMMENT></COMMENT>
</POST>
<POST>
<USERNAME>tttia_pet13</USERNAME>
<DATETIME>(10/20/07 9:07:25 pm)</DATETIME>
<BODY>r u jst messing with me</BODY>
<COMMENT></COMMENT>
</POST>
<POST>
<USERNAME>jon_raven2000</USERNAME>
<DATETIME>(10/20/07 9:07:29 pm)</DATETIME>
<BODY>no</BODY>
<COMMENT></COMMENT>
</POST>
<POST>
<USERNAME>jon_raven2000</USERNAME>
<DATETIME>(10/20/07 9:08:00 pm)</DATETIME>
<BODY>where u live</BODY>
<COMMENT></COMMENT>
<CODING>
<VERSION>jon_raven2000.emjakubowski.coded.txt</VERSION>
<CATEGORY>900</CATEGORY>
<TONE>2</TONE>
</CODING>
</POST>
<POST>
<USERNAME>jon_raven2000</USERNAME>
<DATETIME>(10/20/07 9:08:07 pm)</DATETIME>
<BODY>?</BODY>
<COMMENT></COMMENT>
</POST>
<POST>
<USERNAME>tttia_pet13</USERNAME>
<DATETIME>(10/20/07 9:08:25 pm)</DATETIME>
<BODY>bowling green</BODY>
<COMMENT></COMMENT>
</POST>
<POST>
<USERNAME>jon_raven2000</USERNAME>
<DATETIME>(10/20/07 9:08:36 pm)</DATETIME>
<BODY>"u are far</BODY>
<COMMENT></COMMENT>
</POST>
<POST>
<USERNAME>tttia_pet13</USERNAME>
<DATETIME>(10/20/07 9:08:42 pm)</DATETIME>
<BODY>yah so</BODY>
<COMMENT></COMMENT>
</POST>
<POST>
<USERNAME>tttia_pet13</USERNAME>
<DATETIME>(10/20/07 9:08:44 pm)</DATETIME>
<BODY>i am cute</BODY>
<COMMENT></COMMENT>
</POST>
<POST>
<USERNAME>jon_raven2000</USERNAME>
<DATETIME>(10/20/07 9:08:54 pm)</DATETIME>
<BODY>send some more pics</BODY>
<COMMENT></COMMENT>
<CODING>
<VERSION>jon_raven2000.emjakubowski.coded.txt</VERSION>
<CATEGORY>200</CATEGORY>
<TONE>4</TONE>
</CODING>
</POST>
<POST>
<USERNAME>tttia_pet13</USERNAME>
<DATETIME>(10/20/07 9:08:59 pm)</DATETIME>
<BODY>if i culd drive i wuld meet u</BODY>
<COMMENT></COMMENT>
</POST>
<POST>
<USERNAME>jon_raven2000</USERNAME>
<DATETIME>(10/20/07 9:09:29 pm)</DATETIME>
<BODY>u r 5 hours away</BODY>
<COMMENT></COMMENT>
</POST>
<POST>
<USERNAME>tttia_pet13</USERNAME>
<DATETIME>(10/20/07 9:09:41 pm)</DATETIME>
<BODY>so</BODY>
<COMMENT></COMMENT>
</POST>
<POST>
<USERNAME>jon_raven2000</USERNAME>
<DATETIME>(10/20/07 9:09:47 pm)</DATETIME>
<BODY>damn</BODY>
<COMMENT></COMMENT>
</POST>
<POST>
<USERNAME>tttia_pet13</USERNAME>
<DATETIME>(10/20/07 9:09:50 pm)</DATETIME>
<BODY>wut esle u gonna do</BODY>
<COMMENT></COMMENT>
</POST>
<POST>
<USERNAME>jon_raven2000</USERNAME>
<DATETIME>(10/20/07 9:09:58 pm)</DATETIME>
<BODY>nuthin</BODY>
<COMMENT></COMMENT>
</POST>
<POST>
<USERNAME>tttia_pet13</USERNAME>
<DATETIME>(10/20/07 9:10:03 pm)</DATETIME>
<BODY>ok then</BODY>
<COMMENT></COMMENT>
</POST>
<POST>
<USERNAME>jon_raven2000</USERNAME>
<DATETIME>(10/20/07 9:10:39 pm)</DATETIME>
<BODY>how u going to meet me</BODY>
<COMMENT></COMMENT>
<CODING>
<VERSION>jon_raven2000.emjakubowski.coded.txt</VERSION>
<CATEGORY>900</CATEGORY>
<TONE>2</TONE>
</CODING>
</POST>
<POST>
<USERNAME>tttia_pet13</USERNAME>
<DATETIME>(10/20/07 9:10:57 pm)</DATETIME>
<BODY>u can jst come heer</BODY>
<COMMENT></COMMENT>
</POST>
<POST>
<USERNAME>jon_raven2000</USERNAME>
<DATETIME>(10/20/07 9:11:06 pm)</DATETIME>
<BODY>not to your house</BODY>
<COMMENT></COMMENT>
<CODING>
<VERSION>jon_raven2000.emjakubowski.coded.txt</VERSION>
<CATEGORY>900</CATEGORY>
<TONE>3</TONE>
</CODING>
</POST>
<POST>
<USERNAME>tttia_pet13</USERNAME>
<DATETIME>(10/20/07 9:11:38 pm)</DATETIME>
<BODY>y not</BODY>
<COMMENT></COMMENT>
</POST>
<POST>
<USERNAME>jon_raven2000</USERNAME>
<DATETIME>(10/20/07 9:11:46 pm)</DATETIME>
<BODY>your parents</BODY>
<COMMENT></COMMENT>
<CODING>
<VERSION>jon_raven2000.emjakubowski.coded.txt</VERSION>
<CATEGORY>900</CATEGORY>
<TONE>3</TONE>
</CODING>
</POST>
<POST>
<USERNAME>tttia_pet13</USERNAME>
<DATETIME>(10/20/07 9:11:54 pm)</DATETIME>
<BODY>mymom wnet to nashville till sunday</BODY>
<COMMENT></COMMENT>
</POST>
<POST>
<USERNAME>jon_raven2000</USERNAME>
<DATETIME>(10/20/07 9:12:04 pm)</DATETIME>
<BODY>you r alone</BODY>
<COMMENT></COMMENT>
<CODING>
<VERSION>jon_raven2000.emjakubowski.coded.txt</VERSION>
<CATEGORY>900</CATEGORY>
<TONE>2</TONE>
</CODING>
</POST>
<POST>
<USERNAME>tttia_pet13</USERNAME>
<DATETIME>(10/20/07 9:12:07 pm)</DATETIME>
<BODY>yah</BODY>
<COMMENT></COMMENT>
</POST>
<POST>
<USERNAME>jon_raven2000</USERNAME>
<DATETIME>(10/20/07 9:12:14 pm)</DATETIME>
<BODY>no u are not</BODY>
<COMMENT></COMMENT>
</POST>
<POST>
<USERNAME>tttia_pet13</USERNAME>
<DATETIME>(10/20/07 9:12:15 pm)</DATETIME>
<BODY>y u thnk i bored 2 death</BODY>
<COMMENT></COMMENT>
</POST>
<POST>
<USERNAME>tttia_pet13</USERNAME>
<DATETIME>(10/20/07 9:12:20 pm)</DATETIME>
<BODY>umm yah</BODY>
<COMMENT></COMMENT>
</POST>
<POST>
<USERNAME>tttia_pet13</USERNAME>
<DATETIME>(10/20/07 9:12:22 pm)</DATETIME>
<BODY>i am</BODY>
<COMMENT></COMMENT>
</POST>
<POST>
<USERNAME>tttia_pet13</USERNAME>
<DATETIME>(10/20/07 9:12:26 pm)</DATETIME>
<BODY>who u thnk is heer</BODY>
<COMMENT></COMMENT>
</POST>
<POST>
<USERNAME>tttia_pet13</USERNAME>
<DATETIME>(10/20/07 9:12:46 pm)</DATETIME>
<BODY>ne n umm nobody</BODY>
<COMMENT></COMMENT>
</POST>
<POST>
<USERNAME>jon_raven2000</USERNAME>
<DATETIME>(10/20/07 9:12:47 pm)</DATETIME>
<BODY>that would be a long drive if you are playing with me</BODY>
<COMMENT></COMMENT>
<CODING>
<VERSION>jon_raven2000.emjakubowski.coded.txt</VERSION>
<CATEGORY>900</CATEGORY>
<TONE>1</TONE>
</CODING>
</POST>
<POST>
<USERNAME>tttia_pet13</USERNAME>
<DATETIME>(10/20/07 9:12:54 pm)</DATETIME>
<BODY>i promise i aint</BODY>
<COMMENT></COMMENT>
</POST>
<POST>
<USERNAME>tttia_pet13</USERNAME>
<DATETIME>(10/20/07 9:12:59 pm)</DATETIME>
<BODY>u can call me back</BODY>
<COMMENT></COMMENT>
</POST>
<POST>
<USERNAME>tttia_pet13</USERNAME>
<DATETIME>(10/20/07 9:13:40 pm)</DATETIME>
<BODY>i can call u back</BODY>
<COMMENT></COMMENT>
</POST>
<POST>
<USERNAME>tttia_pet13</USERNAME>
<DATETIME>(10/20/07 9:13:43 pm)</DATETIME>
<BODY>whatever</BODY>
<COMMENT></COMMENT>
</POST>
<POST>
<USERNAME>jon_raven2000</USERNAME>
<DATETIME>(10/20/07 9:13:47 pm)</DATETIME>
<BODY>ok</BODY>
<COMMENT></COMMENT>
</POST>
<POST>
<USERNAME>tttia_pet13</USERNAME>
<DATETIME>(10/20/07 9:13:52 pm)</DATETIME>
<BODY>i promise i not messingw ith u</BODY>
<COMMENT></COMMENT>
</POST>
<POST>
<USERNAME>jon_raven2000</USERNAME>
<DATETIME>(10/20/07 9:14:10 pm)</DATETIME>
<BODY>what is your address</BODY>
<COMMENT></COMMENT>
<CODING>
<VERSION>jon_raven2000.emjakubowski.coded.txt</VERSION>
<CATEGORY>900</CATEGORY>
<TONE>2</TONE>
</CODING>
</POST>
<POST>
<USERNAME>tttia_pet13</USERNAME>
<DATETIME>(10/20/07 9:15:28 pm)</DATETIME>
<BODY>*editted address*</BODY>
<COMMENT></COMMENT>
</POST>
<POST>
<USERNAME>tttia_pet13</USERNAME>
<DATETIME>(10/20/07 9:16:09 pm)</DATETIME>
<BODY>my unlceown the company that buld this house</BODY>
<COMMENT></COMMENT>
</POST>
<POST>
<USERNAME>tttia_pet13</USERNAME>
<DATETIME>(10/20/07 9:16:47 pm)</DATETIME>
<BODY>is a big house</BODY>
<COMMENT></COMMENT>
</POST>
<POST>
<USERNAME>tttia_pet13</USERNAME>
<DATETIME>(10/20/07 9:16:54 pm)</DATETIME>
<BODY>so dont freak out</BODY>
<COMMENT></COMMENT>
</POST>
<POST>
<USERNAME>tttia_pet13</USERNAME>
<DATETIME>(10/20/07 9:16:56 pm)</DATETIME>
<BODY>i aint rich</BODY>
<COMMENT></COMMENT>
</POST>
<POST>
<USERNAME>jon_raven2000</USERNAME>
<DATETIME>(10/20/07 9:17:12 pm)</DATETIME>
<BODY>call me right now</BODY>
<COMMENT></COMMENT>
<CODING>
<VERSION>jon_raven2000.emjakubowski.coded.txt</VERSION>
<CATEGORY>900</CATEGORY>
<TONE>4</TONE>
</CODING>
</POST>
<POST>
<USERNAME>tttia_pet13</USERNAME>
<DATETIME>(10/20/07 9:17:23 pm)</DATETIME>
<BODY>kk</BODY>
<COMMENT></COMMENT>
</POST>
<POST>
<USERNAME>tttia_pet13</USERNAME>
<DATETIME>(10/20/07 9:19:04 pm)</DATETIME>
<BODY>can i go pee first</BODY>
<COMMENT></COMMENT>
</POST>
</CHATLOG>