<!DOCTYPE CHATLOG SYSTEM 'chatlog.dtd'>
<CHATLOG>
<PREDATOR>
<FIRSTNAME>Urmilkumar</FIRSTNAME>
<LASTNAME>Shah</LASTNAME>
<STATEDNAME>Marc</STATEDNAME>
<STATEDAGE>25</STATEDAGE>
<AGE>30</AGE>
<GENDER>Male</GENDER>
<RACE>Other</RACE>
<CITY>Troy</CITY>
<STATE>MI</STATE>
<REPEATOFFENDER>false</REPEATOFFENDER>
<ADMITGUILT>false</ADMITGUILT>
<TRUTHFULNAME>true</TRUTHFULNAME>
<SCREENNAME>
<USERNAME>marc_00_48089</USERNAME>
<HOST></HOST>
</SCREENNAME>
</PREDATOR>
<VICTIM>
<FIRSTNAME>Coco</FIRSTNAME>
<LASTNAME>Lopez</LASTNAME>
<STATEDNAME></STATEDNAME>
<STATEDAGE>13</STATEDAGE>
<GENDER>Female</GENDER>
<RACE></RACE>
<CITY></CITY>
<STATE>MI</STATE>
<PREVIOUSVICTIMIZATION>false</PREVIOUSVICTIMIZATION>
<ADMITGUILT>false</ADMITGUILT>
<SCREENNAME>
<USERNAME>13 yo girl</USERNAME>
<HOST></HOST>
</SCREENNAME>
</VICTIM>
<CODINGVERSION>
<NAME>marc_00_48089.almcbride.coded.txt</NAME>
<CODER>almcbride</CODER>
</CODINGVERSION>
<POST>
<USERNAME>marc_00_48089</USERNAME>
<DATETIME>(03/07/08 7:12:50 pm)</DATETIME>
<BODY>hiya jen</BODY>
<COMMENT></COMMENT>
</POST>
<POST>
<USERNAME>marc_00_48089</USERNAME>
<DATETIME>(03/07/08 7:12:53 pm)</DATETIME>
<BODY>what up</BODY>
<COMMENT></COMMENT>
</POST>
<POST>
<USERNAME>marc_00_48089</USERNAME>
<DATETIME>(03/07/08 7:13:45 pm)</DATETIME>
<BODY>where u from</BODY>
<COMMENT></COMMENT>
<CODING>
<VERSION>marc_00_48089.almcbride.coded.txt</VERSION>
<CATEGORY>200</CATEGORY>
<TONE>2</TONE>
</CODING>
</POST>
<POST>
<USERNAME>13 yo girl</USERNAME>
<DATETIME>(03/07/08 7:14:09 pm)</DATETIME>
<BODY>hi.. over by det... u?</BODY>
<COMMENT></COMMENT>
</POST>
<POST>
<USERNAME>marc_00_48089</USERNAME>
<DATETIME>(03/07/08 7:14:28 pm)</DATETIME>
<BODY>same</BODY>
<COMMENT></COMMENT>
</POST>
<POST>
<USERNAME>marc_00_48089</USERNAME>
<DATETIME>(03/07/08 7:14:32 pm)</DATETIME>
<BODY>do u know where troy is</BODY>
<COMMENT></COMMENT>
</POST>
<POST>
<USERNAME>marc_00_48089</USERNAME>
<DATETIME>(03/07/08 7:15:00 pm)</DATETIME>
<BODY>??</BODY>
<COMMENT></COMMENT>
</POST>
<POST>
<USERNAME>13 yo girl</USERNAME>
<DATETIME>(03/07/08 7:15:34 pm)</DATETIME>
<BODY>yeah.. kinda... on the north side?</BODY>
<COMMENT></COMMENT>
</POST>
<POST>
<USERNAME>13 yo girl</USERNAME>
<DATETIME>(03/07/08 7:15:39 pm)</DATETIME>
<BODY>asl?</BODY>
<COMMENT></COMMENT>
</POST>
<POST>
<USERNAME>marc_00_48089</USERNAME>
<DATETIME>(03/07/08 7:15:44 pm)</DATETIME>
<BODY>yeah , i am 25, m</BODY>
<COMMENT></COMMENT>
<CODING>
<VERSION>marc_00_48089.almcbride.coded.txt</VERSION>
<CATEGORY>200</CATEGORY>
<TONE>31</TONE>
</CODING>
</POST>
<POST>
<USERNAME>marc_00_48089</USERNAME>
<DATETIME>(03/07/08 7:15:44 pm)</DATETIME>
<BODY>u</BODY>
<COMMENT></COMMENT>
<CODING>
<VERSION>marc_00_48089.almcbride.coded.txt</VERSION>
<CATEGORY>200</CATEGORY>
<TONE>2</TONE>
</CODING>
</POST>
<POST>
<USERNAME>13 yo girl</USERNAME>
<DATETIME>(03/07/08 7:15:59 pm)</DATETIME>
<BODY>13/f/se mi</BODY>
<COMMENT></COMMENT>
</POST>
<POST>
<USERNAME>marc_00_48089</USERNAME>
<DATETIME>(03/07/08 7:16:07 pm)</DATETIME>
<BODY>sweet</BODY>
<COMMENT></COMMENT>
</POST>
<POST>
<USERNAME>marc_00_48089</USERNAME>
<DATETIME>(03/07/08 7:16:11 pm)</DATETIME>
<BODY>r u single</BODY>
<COMMENT></COMMENT>
<CODING>
<VERSION>marc_00_48089.almcbride.coded.txt</VERSION>
<CATEGORY>200</CATEGORY>
<TONE>2</TONE>
</CODING>
</POST>
<POST>
<USERNAME>13 yo girl</USERNAME>
<DATETIME>(03/07/08 7:16:29 pm)</DATETIME>
<BODY>yep :)</BODY>
<COMMENT></COMMENT>
</POST>
<POST>
<USERNAME>marc_00_48089</USERNAME>
<DATETIME>(03/07/08 7:16:45 pm)</DATETIME>
<BODY>ur too young i wonder if ur virgin ?</BODY>
<COMMENT></COMMENT>
<CODING>
<VERSION>marc_00_48089.almcbride.coded.txt</VERSION>
<CATEGORY>600</CATEGORY>
<TONE>2</TONE>
</CODING>
</POST>
<POST>
<USERNAME>13 yo girl</USERNAME>
<DATETIME>(03/07/08 7:17:09 pm)</DATETIME>
<BODY>yeah i am... why too young?</BODY>
<COMMENT></COMMENT>
</POST>
<POST>
<USERNAME>marc_00_48089</USERNAME>
<DATETIME>(03/07/08 7:17:45 pm)</DATETIME>
<BODY>i mean have u been with anyone yet</BODY>
<COMMENT></COMMENT>
<CODING>
<VERSION>marc_00_48089.almcbride.coded.txt</VERSION>
<CATEGORY>600</CATEGORY>
<TONE>2</TONE>
</CODING>
</POST>
<POST>
<USERNAME>13 yo girl</USERNAME>
<DATETIME>(03/07/08 7:18:02 pm)</DATETIME>
<BODY>no not yet</BODY>
<COMMENT></COMMENT>
</POST>
<POST>
<USERNAME>marc_00_48089</USERNAME>
<DATETIME>(03/07/08 7:18:30 pm)</DATETIME>
<BODY>interested? :)</BODY>
<COMMENT></COMMENT>
<CODING>
<VERSION>marc_00_48089.almcbride.coded.txt</VERSION>
<CATEGORY>600</CATEGORY>
<TONE>2</TONE>
</CODING>
</POST>
<POST>
<USERNAME>13 yo girl</USERNAME>
<DATETIME>(03/07/08 7:19:17 pm)</DATETIME>
<BODY>in what?</BODY>
<COMMENT></COMMENT>
</POST>
<POST>
<USERNAME>marc_00_48089</USERNAME>
<DATETIME>(03/07/08 7:19:50 pm)</DATETIME>
<BODY>having fun</BODY>
<COMMENT></COMMENT>
<CODING>
<VERSION>marc_00_48089.almcbride.coded.txt</VERSION>
<CATEGORY>600</CATEGORY>
<TONE>3</TONE>
</CODING>
</POST>
<POST>
<USERNAME>marc_00_48089</USERNAME>
<DATETIME>(03/07/08 7:19:51 pm)</DATETIME>
<BODY>lol</BODY>
<COMMENT></COMMENT>
</POST>
<POST>
<USERNAME>13 yo girl</USERNAME>
<DATETIME>(03/07/08 7:20:24 pm)</DATETIME>
<BODY>what do you mean?</BODY>
<COMMENT></COMMENT>
</POST>
<POST>
<USERNAME>marc_00_48089</USERNAME>
<DATETIME>(03/07/08 7:20:44 pm)</DATETIME>
<BODY>wanna kiss :)</BODY>
<COMMENT></COMMENT>
<CODING>
<VERSION>marc_00_48089.almcbride.coded.txt</VERSION>
<CATEGORY>600</CATEGORY>
<TONE>2</TONE>
</CODING>
</POST>
<POST>
<USERNAME>13 yo girl</USERNAME>
<DATETIME>(03/07/08 7:21:30 pm)</DATETIME>
<BODY>hmmmm sure</BODY>
<COMMENT></COMMENT>
</POST>
<POST>
<USERNAME>marc_00_48089</USERNAME>
<DATETIME>(03/07/08 7:22:06 pm)</DATETIME>
<BODY>u got pic?</BODY>
<COMMENT></COMMENT>
<CODING>
<VERSION>marc_00_48089.almcbride.coded.txt</VERSION>
<CATEGORY>200</CATEGORY>
<TONE>2</TONE>
</CODING>
</POST>
<POST>
<USERNAME>13 yo girl</USERNAME>
<DATETIME>(03/07/08 7:22:16 pm)</DATETIME>
<BODY>yeah... u?</BODY>
<COMMENT></COMMENT>
</POST>
<POST>
<USERNAME>marc_00_48089</USERNAME>
<DATETIME>(03/07/08 7:22:27 pm)</DATETIME>
<BODY>yeah may i see</BODY>
<COMMENT></COMMENT>
<CODING>
<VERSION>marc_00_48089.almcbride.coded.txt</VERSION>
<CATEGORY>200</CATEGORY>
<TONE>2</TONE>
</CODING>
</POST>
<POST>
<USERNAME>marc_00_48089</USERNAME>
<DATETIME>(03/07/08 7:24:27 pm)</DATETIME>
<BODY>wanna meet?</BODY>
<COMMENT></COMMENT>
<CODING>
<VERSION>marc_00_48089.almcbride.coded.txt</VERSION>
<CATEGORY>900</CATEGORY>
<TONE>2</TONE>
</CODING>
</POST>
<POST>
<USERNAME>13 yo girl</USERNAME>
<DATETIME>(03/07/08 7:24:46 pm)</DATETIME>
<BODY>you would wanna meet me?</BODY>
<COMMENT></COMMENT>
</POST>
<POST>
<USERNAME>13 yo girl</USERNAME>
<DATETIME>(03/07/08 7:24:50 pm)</DATETIME>
<BODY>for real?</BODY>
<COMMENT></COMMENT>
</POST>
<POST>
<USERNAME>marc_00_48089</USERNAME>
<DATETIME>(03/07/08 7:24:52 pm)</DATETIME>
<BODY>yes</BODY>
<COMMENT></COMMENT>
</POST>
<POST>
<USERNAME>13 yo girl</USERNAME>
<DATETIME>(03/07/08 7:25:59 pm)</DATETIME>
<BODY>no way.. you are jokin with me</BODY>
<COMMENT></COMMENT>
</POST>
<POST>
<USERNAME>marc_00_48089</USERNAME>
<DATETIME>(03/07/08 7:26:15 pm)</DATETIME>
<BODY>why u say that</BODY>
<COMMENT></COMMENT>
</POST>
<POST>
<USERNAME>13 yo girl</USERNAME>
<DATETIME>(03/07/08 7:27:44 pm)</DATETIME>
<BODY>i guess i just can't believe someone would want to meet me... have you done that before ?</BODY>
<COMMENT></COMMENT>
</POST>
<POST>
<USERNAME>marc_00_48089</USERNAME>
<DATETIME>(03/07/08 7:27:54 pm)</DATETIME>
<BODY>yes once</BODY>
<COMMENT></COMMENT>
</POST>
<POST>
<USERNAME>13 yo girl</USERNAME>
<DATETIME>(03/07/08 7:28:04 pm)</DATETIME>
<BODY>really? what was it like?</BODY>
<COMMENT></COMMENT>
</POST>
<POST>
<USERNAME>marc_00_48089</USERNAME>
<DATETIME>(03/07/08 7:28:13 pm)</DATETIME>
<BODY>great we kissed and had fun</BODY>
<COMMENT></COMMENT>
<CODING>
<VERSION>marc_00_48089.almcbride.coded.txt</VERSION>
<CATEGORY>600</CATEGORY>
<TONE>31</TONE>
</CODING>
</POST>
<POST>
<USERNAME>13 yo girl</USERNAME>
<DATETIME>(03/07/08 7:29:58 pm)</DATETIME>
<BODY>wow... but i don't even know you yet?</BODY>
<COMMENT></COMMENT>
</POST>
<POST>
<USERNAME>marc_00_48089</USERNAME>
<DATETIME>(03/07/08 7:30:18 pm)</DATETIME>
<BODY>i know but i am cool cute person and like to have and give good time</BODY>
<COMMENT></COMMENT>
<CODING>
<VERSION>marc_00_48089.almcbride.coded.txt</VERSION>
<CATEGORY>600</CATEGORY>
<TONE>1</TONE>
</CODING>
</POST>
<POST>
<USERNAME>13 yo girl</USERNAME>
<DATETIME>(03/07/08 7:31:34 pm)</DATETIME>
<BODY>huh?</BODY>
<COMMENT></COMMENT>
</POST>
<POST>
<USERNAME>marc_00_48089</USERNAME>
<DATETIME>(03/07/08 7:31:49 pm)</DATETIME>
<BODY>well yes</BODY>
<COMMENT></COMMENT>
</POST>
<POST>
<USERNAME>marc_00_48089</USERNAME>
<DATETIME>(03/07/08 7:32:07 pm)</DATETIME>
<BODY>i mean if you wait too long to know someone here god only knows when can we meet cuz we dont chat often and all that</BODY>
<COMMENT></COMMENT>
</POST>
<POST>
<USERNAME>13 yo girl</USERNAME>
<DATETIME>(03/07/08 7:33:40 pm)</DATETIME>
<BODY>so you meet before you know someone.. aren't you afraid you might meet someone crazy?</BODY>
<COMMENT></COMMENT>
</POST>
<POST>
<USERNAME>marc_00_48089</USERNAME>
<DATETIME>(03/07/08 7:34:09 pm)</DATETIME>
<BODY>no cuz i am confident and we talked here for lil bit i mean i know ur not a weirdo</BODY>
<COMMENT></COMMENT>
</POST>
<POST>
<USERNAME>marc_00_48089</USERNAME>
<DATETIME>(03/07/08 7:34:10 pm)</DATETIME>
<BODY>lol</BODY>
<COMMENT></COMMENT>
</POST>
<POST>
<USERNAME>13 yo girl</USERNAME>
<DATETIME>(03/07/08 7:35:30 pm)</DATETIME>
<BODY>you think so?</BODY>
<COMMENT></COMMENT>
</POST>
<POST>
<USERNAME>marc_00_48089</USERNAME>
<DATETIME>(03/07/08 7:35:46 pm)</DATETIME>
<BODY>yes</BODY>
<COMMENT></COMMENT>
</POST>
<POST>
<USERNAME>13 yo girl</USERNAME>
<DATETIME>(03/07/08 7:36:26 pm)</DATETIME>
<BODY>do you mean like a date?</BODY>
<COMMENT></COMMENT>
</POST>
<POST>
<USERNAME>marc_00_48089</USERNAME>
<DATETIME>(03/07/08 7:36:55 pm)</DATETIME>
<BODY>kinda</BODY>
<COMMENT></COMMENT>
</POST>
<POST>
<USERNAME>13 yo girl</USERNAME>
<DATETIME>(03/07/08 7:37:39 pm)</DATETIME>
<BODY>so where are we going on this kinda date?</BODY>
<COMMENT></COMMENT>
</POST>
<POST>
<USERNAME>marc_00_48089</USERNAME>
<DATETIME>(03/07/08 7:38:05 pm)</DATETIME>
<BODY>we can go to a restaurant and eat good food, i mean what would you like to do</BODY>
<COMMENT></COMMENT>
<CODING>
<VERSION>marc_00_48089.almcbride.coded.txt</VERSION>
<CATEGORY>900</CATEGORY>
<TONE>12</TONE>
</CODING>
</POST>
<POST>
<USERNAME>13 yo girl</USERNAME>
<DATETIME>(03/07/08 7:38:24 pm)</DATETIME>
<BODY>i don't know.. i have only been on one date... and we went bowling</BODY>
<COMMENT></COMMENT>
</POST>
<POST>
<USERNAME>marc_00_48089</USERNAME>
<DATETIME>(03/07/08 7:38:35 pm)</DATETIME>
<BODY>have u ever kissed a guy</BODY>
<COMMENT></COMMENT>
<CODING>
<VERSION>marc_00_48089.almcbride.coded.txt</VERSION>
<CATEGORY>600</CATEGORY>
<TONE>2</TONE>
</CODING>
</POST>
<POST>
<USERNAME>13 yo girl</USERNAME>
<DATETIME>(03/07/08 7:38:41 pm)</DATETIME>
<BODY>oh yeah</BODY>
<COMMENT></COMMENT>
</POST>
<POST>
<USERNAME>marc_00_48089</USERNAME>
<DATETIME>(03/07/08 7:38:47 pm)</DATETIME>
<BODY>have u done more than kissing</BODY>
<COMMENT></COMMENT>
<CODING>
<VERSION>marc_00_48089.almcbride.coded.txt</VERSION>
<CATEGORY>600</CATEGORY>
<TONE>2</TONE>
</CODING>
</POST>
<POST>
<USERNAME>13 yo girl</USERNAME>
<DATETIME>(03/07/08 7:39:02 pm)</DATETIME>
<BODY>yeah... a little</BODY>
<COMMENT></COMMENT>
</POST>
<POST>
<USERNAME>marc_00_48089</USERNAME>
<DATETIME>(03/07/08 7:39:12 pm)</DATETIME>
<BODY>ur cute</BODY>
<COMMENT></COMMENT>
</POST>
<POST>
<USERNAME>marc_00_48089</USERNAME>
<DATETIME>(03/07/08 7:39:59 pm)</DATETIME>
<BODY>:)</BODY>
<COMMENT></COMMENT>
</POST>
<POST>
<USERNAME>13 yo girl</USERNAME>
<DATETIME>(03/07/08 7:40:09 pm)</DATETIME>
<BODY>thanks</BODY>
<COMMENT></COMMENT>
</POST>
<POST>
<USERNAME>13 yo girl</USERNAME>
<DATETIME>(03/07/08 7:40:26 pm)</DATETIME>
<BODY>i didn't see yours yet?</BODY>
<COMMENT></COMMENT>
</POST>
<POST>
<USERNAME>marc_00_48089</USERNAME>
<DATETIME>(03/07/08 7:40:40 pm)</DATETIME>
<BODY>does ur parents let u go out</BODY>
<COMMENT></COMMENT>
</POST>
<POST>
<USERNAME>13 yo girl</USERNAME>
<DATETIME>(03/07/08 7:40:55 pm)</DATETIME>
<BODY>i live with my aunt and uncle</BODY>
<COMMENT></COMMENT>
</POST>
<POST>
<USERNAME>marc_00_48089</USERNAME>
<DATETIME>(03/07/08 7:41:03 pm)</DATETIME>
<BODY>and they dont care if u go out</BODY>
<COMMENT></COMMENT>
</POST>
<POST>
<USERNAME>13 yo girl</USERNAME>
<DATETIME>(03/07/08 7:41:15 pm)</DATETIME>
<BODY>pretty much</BODY>
<COMMENT></COMMENT>
</POST>
<POST>
<USERNAME>marc_00_48089</USERNAME>
<DATETIME>(03/07/08 7:41:35 pm)</DATETIME>
<BODY>so ur lucky they dont question huh</BODY>
<COMMENT></COMMENT>
</POST>
<POST>
<USERNAME>13 yo girl</USERNAME>
<DATETIME>(03/07/08 7:42:05 pm)</DATETIME>
<BODY>yeah you could say that..lol</BODY>
<COMMENT></COMMENT>
</POST>
<POST>
<USERNAME>marc_00_48089</USERNAME>
<DATETIME>(03/07/08 7:42:20 pm)</DATETIME>
<BODY>so hey how tall r u</BODY>
<COMMENT></COMMENT>
</POST>
<POST>
<USERNAME>13 yo girl</USERNAME>
<DATETIME>(03/07/08 7:42:36 pm)</DATETIME>
<BODY>5'4''</BODY>
<COMMENT></COMMENT>
</POST>
<POST>
<USERNAME>marc_00_48089</USERNAME>
<DATETIME>(03/07/08 7:42:47 pm)</DATETIME>
<BODY>do u wear thongs :)</BODY>
<COMMENT></COMMENT>
<CODING>
<VERSION>marc_00_48089.almcbride.coded.txt</VERSION>
<CATEGORY>600</CATEGORY>
<TONE>2</TONE>
</CODING>
</POST>
<POST>
<USERNAME>13 yo girl</USERNAME>
<DATETIME>(03/07/08 7:42:53 pm)</DATETIME>
<BODY>yeah.. who doesn't</BODY>
<COMMENT></COMMENT>
</POST>
<POST>
<USERNAME>marc_00_48089</USERNAME>
<DATETIME>(03/07/08 7:43:15 pm)</DATETIME>
<BODY>what will u wear tonite</BODY>
<COMMENT></COMMENT>
</POST>
<POST>
<USERNAME>marc_00_48089</USERNAME>
<DATETIME>(03/07/08 7:43:47 pm)</DATETIME>
<BODY>:)</BODY>
<COMMENT></COMMENT>
<CODING>
<VERSION>marc_00_48089.almcbride.coded.txt</VERSION>
<CATEGORY></CATEGORY>
<TONE>6</TONE>
</CODING>
</POST>
<POST>
<USERNAME>13 yo girl</USERNAME>
<DATETIME>(03/07/08 7:44:59 pm)</DATETIME>
<BODY>tonight? whats tonight</BODY>
<COMMENT></COMMENT>
</POST>
<POST>
<USERNAME>marc_00_48089</USERNAME>
<DATETIME>(03/07/08 7:45:08 pm)</DATETIME>
<BODY>arent we meeting</BODY>
<COMMENT></COMMENT>
<CODING>
<VERSION>marc_00_48089.almcbride.coded.txt</VERSION>
<CATEGORY>900</CATEGORY>
<TONE>2</TONE>
</CODING>
</POST>
<POST>
<USERNAME>marc_00_48089</USERNAME>
<DATETIME>(03/07/08 7:45:10 pm)</DATETIME>
<BODY>:)</BODY>
<COMMENT></COMMENT>
<CODING>
<VERSION>marc_00_48089.almcbride.coded.txt</VERSION>
<CATEGORY></CATEGORY>
<TONE>6</TONE>
</CODING>
</POST>
<POST>
<USERNAME>13 yo girl</USERNAME>
<DATETIME>(03/07/08 7:45:42 pm)</DATETIME>
<BODY>do you want to?</BODY>
<COMMENT></COMMENT>
</POST>
<POST>
<USERNAME>marc_00_48089</USERNAME>
<DATETIME>(03/07/08 7:45:46 pm)</DATETIME>
<BODY>sure</BODY>
<COMMENT></COMMENT>
</POST>
<POST>
<USERNAME>13 yo girl</USERNAME>
<DATETIME>(03/07/08 7:46:32 pm)</DATETIME>
<BODY>what do you wanna do?</BODY>
<COMMENT></COMMENT>
</POST>
<POST>
<USERNAME>marc_00_48089</USERNAME>
<DATETIME>(03/07/08 7:46:49 pm)</DATETIME>
<BODY>r u good girl or naughty</BODY>
<COMMENT></COMMENT>
<CODING>
<VERSION>marc_00_48089.almcbride.coded.txt</VERSION>
<CATEGORY>600</CATEGORY>
<TONE>2</TONE>
</CODING>
</POST>
<POST>
<USERNAME>marc_00_48089</USERNAME>
<DATETIME>(03/07/08 7:48:18 pm)</DATETIME>
<BODY>?</BODY>
<COMMENT></COMMENT>
</POST>
<POST>
<USERNAME>13 yo girl</USERNAME>
<DATETIME>(03/07/08 7:48:51 pm)</DATETIME>
<BODY>i guess that depends</BODY>
<COMMENT></COMMENT>
</POST>
<POST>
<USERNAME>marc_00_48089</USERNAME>
<DATETIME>(03/07/08 7:49:04 pm)</DATETIME>
<BODY>depends on?</BODY>
<COMMENT></COMMENT>
</POST>
<POST>
<USERNAME>13 yo girl</USERNAME>
<DATETIME>(03/07/08 7:49:21 pm)</DATETIME>
<BODY>how the date goes</BODY>
<COMMENT></COMMENT>
</POST>
<POST>
<USERNAME>marc_00_48089</USERNAME>
<DATETIME>(03/07/08 7:49:33 pm)</DATETIME>
<BODY>right so why u dont live with ur parents? curious</BODY>
<COMMENT></COMMENT>
<CODING>
<VERSION>marc_00_48089.almcbride.coded.txt</VERSION>
<CATEGORY>900</CATEGORY>
<TONE>2</TONE>
</CODING>
</POST>
<POST>
<USERNAME>13 yo girl</USERNAME>
<DATETIME>(03/07/08 7:50:21 pm)</DATETIME>
<BODY>oh mom goes to school and works fulltime so i live with my aunt and uncle</BODY>
<COMMENT></COMMENT>
</POST>
<POST>
<USERNAME>marc_00_48089</USERNAME>
<DATETIME>(03/07/08 7:50:42 pm)</DATETIME>
<BODY>how old is ur mom</BODY>
<COMMENT></COMMENT>
</POST>
<POST>
<USERNAME>13 yo girl</USERNAME>
<DATETIME>(03/07/08 7:50:59 pm)</DATETIME>
<BODY>um like 40 somethin</BODY>
<COMMENT></COMMENT>
</POST>
<POST>
<USERNAME>marc_00_48089</USERNAME>
<DATETIME>(03/07/08 7:51:07 pm)</DATETIME>
<BODY>i c</BODY>
<COMMENT></COMMENT>
</POST>
<POST>
<USERNAME>13 yo girl</USERNAME>
<DATETIME>(03/07/08 7:51:21 pm)</DATETIME>
<BODY>why?</BODY>
<COMMENT></COMMENT>
</POST>
<POST>
<USERNAME>marc_00_48089</USERNAME>
<DATETIME>(03/07/08 7:51:28 pm)</DATETIME>
<BODY>i was curious thats all</BODY>
<COMMENT></COMMENT>
</POST>
<POST>
<USERNAME>13 yo girl</USERNAME>
<DATETIME>(03/07/08 7:51:32 pm)</DATETIME>
<BODY>oh ok</BODY>
<COMMENT></COMMENT>
</POST>
<POST>
<USERNAME>marc_00_48089</USERNAME>
<DATETIME>(03/07/08 7:51:32 pm)</DATETIME>
<BODY>may i ask u something</BODY>
<COMMENT></COMMENT>
</POST>
<POST>
<USERNAME>13 yo girl</USERNAME>
<DATETIME>(03/07/08 7:52:08 pm)</DATETIME>
<BODY>sure</BODY>
<COMMENT></COMMENT>
</POST>
<POST>
<USERNAME>marc_00_48089</USERNAME>
<DATETIME>(03/07/08 7:52:33 pm)</DATETIME>
<BODY>i mean do you get curious of like having sex or something</BODY>
<COMMENT></COMMENT>
<CODING>
<VERSION>marc_00_48089.almcbride.coded.txt</VERSION>
<CATEGORY>600</CATEGORY>
<TONE>2</TONE>
</CODING>
</POST>
<POST>
<USERNAME>marc_00_48089</USERNAME>
<DATETIME>(03/07/08 7:52:38 pm)</DATETIME>
<BODY>i first had sex when i was 15</BODY>
<COMMENT></COMMENT>
<CODING>
<VERSION>marc_00_48089.almcbride.coded.txt</VERSION>
<CATEGORY>600</CATEGORY>
<TONE>1</TONE>
</CODING>
</POST>
<POST>
<USERNAME>13 yo girl</USERNAME>
<DATETIME>(03/07/08 7:52:39 pm)</DATETIME>
<BODY>yeah</BODY>
<COMMENT></COMMENT>
</POST>
<POST>
<USERNAME>13 yo girl</USERNAME>
<DATETIME>(03/07/08 7:52:46 pm)</DATETIME>
<BODY>i always et curious</BODY>
<COMMENT></COMMENT>
</POST>
<POST>
<USERNAME>marc_00_48089</USERNAME>
<DATETIME>(03/07/08 7:53:04 pm)</DATETIME>
<BODY>is ur chest all grown</BODY>
<COMMENT></COMMENT>
<CODING>
<VERSION>marc_00_48089.almcbride.coded.txt</VERSION>
<CATEGORY>600</CATEGORY>
<TONE>2</TONE>
</CODING>
</POST>
<POST>
<USERNAME>13 yo girl</USERNAME>
<DATETIME>(03/07/08 7:53:52 pm)</DATETIME>
<BODY>yea.. it would be nice to have more.. but yeah</BODY>
<COMMENT></COMMENT>
</POST>
<POST>
<USERNAME>marc_00_48089</USERNAME>
<DATETIME>(03/07/08 7:54:19 pm)</DATETIME>
<BODY>so wanna meet then</BODY>
<COMMENT></COMMENT>
<CODING>
<VERSION>marc_00_48089.almcbride.coded.txt</VERSION>
<CATEGORY>900</CATEGORY>
<TONE>2</TONE>
</CODING>
</POST>
<POST>
<USERNAME>marc_00_48089</USERNAME>
<DATETIME>(03/07/08 7:54:22 pm)</DATETIME>
<BODY>it is 8pm already</BODY>
<COMMENT></COMMENT>
</POST>
<POST>
<USERNAME>marc_00_48089</USERNAME>
<DATETIME>(03/07/08 7:55:32 pm)</DATETIME>
<BODY>?</BODY>
<COMMENT></COMMENT>
</POST>
<POST>
<USERNAME>13 yo girl</USERNAME>
<DATETIME>(03/07/08 7:55:41 pm)</DATETIME>
<BODY>well hang on ... ohone ran</BODY>
<COMMENT></COMMENT>
</POST>
<POST>
<USERNAME>13 yo girl</USERNAME>
<DATETIME>(03/07/08 7:55:43 pm)</DATETIME>
<BODY>brb</BODY>
<COMMENT></COMMENT>
</POST>
<POST>
<USERNAME>marc_00_48089</USERNAME>
<DATETIME>(03/07/08 7:55:47 pm)</DATETIME>
<BODY>k</BODY>
<COMMENT></COMMENT>
</POST>
<POST>
<USERNAME>marc_00_48089</USERNAME>
<DATETIME>(03/07/08 7:59:41 pm)</DATETIME>
<BODY>?</BODY>
<COMMENT></COMMENT>
</POST>
<POST>
<USERNAME>13 yo girl</USERNAME>
<DATETIME>(03/07/08 8:00:13 pm)</DATETIME>
<BODY>sorry it was a friend</BODY>
<COMMENT></COMMENT>
</POST>
<POST>
<USERNAME>13 yo girl</USERNAME>
<DATETIME>(03/07/08 8:00:21 pm)</DATETIME>
<BODY>hey.. i never got your pic</BODY>
<COMMENT></COMMENT>
</POST>
<POST>
<USERNAME>marc_00_48089</USERNAME>
<DATETIME>(03/07/08 8:00:33 pm)</DATETIME>
<BODY>hey i am 25 will u be comfortable</BODY>
<COMMENT></COMMENT>
<CODING>
<VERSION>marc_00_48089.almcbride.coded.txt</VERSION>
<CATEGORY>600</CATEGORY>
<TONE>12</TONE>
</CODING>
</POST>
<POST>
<USERNAME>marc_00_48089</USERNAME>
<DATETIME>(03/07/08 8:00:38 pm)</DATETIME>
<BODY>i mean i think i will be</BODY>
<COMMENT></COMMENT>
</POST>
<POST>
<USERNAME>marc_00_48089</USERNAME>
<DATETIME>(03/07/08 8:00:44 pm)</DATETIME>
<BODY>it will be different but cool</BODY>
<COMMENT></COMMENT>
</POST>
<POST>
<USERNAME>13 yo girl</USERNAME>
<DATETIME>(03/07/08 8:00:46 pm)</DATETIME>
<BODY>i don't care about ages</BODY>
<COMMENT></COMMENT>
</POST>
<POST>
<USERNAME>13 yo girl</USERNAME>
<DATETIME>(03/07/08 8:00:58 pm)</DATETIME>
<BODY>why should it be an issue</BODY>
<COMMENT></COMMENT>
</POST>
<POST>
<USERNAME>marc_00_48089</USERNAME>
<DATETIME>(03/07/08 8:01:16 pm)</DATETIME>
<BODY>i m thinking how would u feel if i touch u</BODY>
<COMMENT></COMMENT>
<CODING>
<VERSION>marc_00_48089.almcbride.coded.txt</VERSION>
<CATEGORY>600</CATEGORY>
<TONE>1</TONE>
</CODING>
</POST>
<POST>
<USERNAME>marc_00_48089</USERNAME>
<DATETIME>(03/07/08 8:01:19 pm)</DATETIME>
<BODY>thats all</BODY>
<COMMENT></COMMENT>
</POST>
<POST>
<USERNAME>marc_00_48089</USERNAME>
<DATETIME>(03/07/08 8:01:24 pm)</DATETIME>
<BODY>if ur ok then great</BODY>
<COMMENT></COMMENT>
</POST>
<POST>
<USERNAME>13 yo girl</USERNAME>
<DATETIME>(03/07/08 8:01:57 pm)</DATETIME>
<BODY>if you touch me? what do you mean?</BODY>
<COMMENT></COMMENT>
</POST>
<POST>
<USERNAME>marc_00_48089</USERNAME>
<DATETIME>(03/07/08 8:02:27 pm)</DATETIME>
<BODY>lol i meant like you know how friends hug and caress and all</BODY>
<COMMENT></COMMENT>
<CODING>
<VERSION>marc_00_48089.almcbride.coded.txt</VERSION>
<CATEGORY>600</CATEGORY>
<TONE>12</TONE>
</CODING>
</POST>
<POST>
<USERNAME>marc_00_48089</USERNAME>
<DATETIME>(03/07/08 8:02:31 pm)</DATETIME>
<BODY>i wonder if you will be ok</BODY>
<COMMENT></COMMENT>
</POST>
<POST>
<USERNAME>13 yo girl</USERNAME>
<DATETIME>(03/07/08 8:03:03 pm)</DATETIME>
<BODY>ok.. ok.. as long as you're not oing to hurt me or anything...lol</BODY>
<COMMENT></COMMENT>
</POST>
<POST>
<USERNAME>marc_00_48089</USERNAME>
<DATETIME>(03/07/08 8:03:12 pm)</DATETIME>
<BODY>hurt gosh i am a cool guy</BODY>
<COMMENT></COMMENT>
</POST>
<POST>
<USERNAME>marc_00_48089</USERNAME>
<DATETIME>(03/07/08 8:03:19 pm)</DATETIME>
<BODY>i will never do that dear</BODY>
<COMMENT></COMMENT>
</POST>
<POST>
<USERNAME>13 yo girl</USERNAME>
<DATETIME>(03/07/08 8:03:39 pm)</DATETIME>
<BODY>i didn't think so .. but how will i know who you are.. i havn't seen a pic yet :)</BODY>
<COMMENT></COMMENT>
</POST>
<POST>
<USERNAME>marc_00_48089</USERNAME>
<DATETIME>(03/07/08 8:04:08 pm)</DATETIME>
<BODY>r u up for meeting it is 8 already</BODY>
<COMMENT></COMMENT>
<CODING>
<VERSION>marc_00_48089.almcbride.coded.txt</VERSION>
<CATEGORY>900</CATEGORY>
<TONE>2</TONE>
</CODING>
</POST>
<POST>
<USERNAME>13 yo girl</USERNAME>
<DATETIME>(03/07/08 8:04:54 pm)</DATETIME>
<BODY>well ya i guess... but what do you wanna do?</BODY>
<COMMENT></COMMENT>
</POST>
<POST>
<USERNAME>marc_00_48089</USERNAME>
<DATETIME>(03/07/08 8:05:14 pm)</DATETIME>
<BODY>we can cruise and chat , maybe eat</BODY>
<COMMENT></COMMENT>
</POST>
<POST>
<USERNAME>13 yo girl</USERNAME>
<DATETIME>(03/07/08 8:05:27 pm)</DATETIME>
<BODY>where do you cruise?</BODY>
<COMMENT></COMMENT>
</POST>
<POST>
<USERNAME>marc_00_48089</USERNAME>
<DATETIME>(03/07/08 8:05:33 pm)</DATETIME>
<BODY>which city r u in</BODY>
<COMMENT></COMMENT>
<CODING>
<VERSION>marc_00_48089.almcbride.coded.txt</VERSION>
<CATEGORY>900</CATEGORY>
<TONE>2</TONE>
</CODING>
</POST>
<POST>
<USERNAME>marc_00_48089</USERNAME>
<DATETIME>(03/07/08 8:05:45 pm)</DATETIME>
<BODY>is there like a main road where we can</BODY>
<COMMENT></COMMENT>
<CODING>
<VERSION>marc_00_48089.almcbride.coded.txt</VERSION>
<CATEGORY>900</CATEGORY>
<TONE>2</TONE>
</CODING>
</POST>
<POST>
<USERNAME>marc_00_48089</USERNAME>
<DATETIME>(03/07/08 8:05:52 pm)</DATETIME>
<BODY>i mean r u by *main rd* or *main rd*</BODY>
<COMMENT></COMMENT>
<CODING>
<VERSION>marc_00_48089.almcbride.coded.txt</VERSION>
<CATEGORY>900</CATEGORY>
<TONE>2</TONE>
</CODING>
</POST>
<POST>
<USERNAME>marc_00_48089</USERNAME>
<DATETIME>(03/07/08 8:06:58 pm)</DATETIME>
<BODY>?</BODY>
<COMMENT></COMMENT>
</POST>
<POST>
<USERNAME>13 yo girl</USERNAME>
<DATETIME>(03/07/08 8:07:10 pm)</DATETIME>
<BODY>umm... i'm kinda over by ypsi</BODY>
<COMMENT></COMMENT>
</POST>
<POST>
<USERNAME>marc_00_48089</USERNAME>
<DATETIME>(03/07/08 8:07:32 pm)</DATETIME>
<BODY>so it will take me about 1 hr</BODY>
<COMMENT></COMMENT>
</POST>
<POST>
<USERNAME>marc_00_48089</USERNAME>
<DATETIME>(03/07/08 8:07:40 pm)</DATETIME>
<BODY>but can u hang out till lil late</BODY>
<COMMENT></COMMENT>
<CODING>
<VERSION>marc_00_48089.almcbride.coded.txt</VERSION>
<CATEGORY>900</CATEGORY>
<TONE>2</TONE>
</CODING>
</POST>
<POST>
<USERNAME>marc_00_48089</USERNAME>
<DATETIME>(03/07/08 8:07:53 pm)</DATETIME>
<BODY>we can go to ann arbor downtown</BODY>
<COMMENT></COMMENT>
<CODING>
<VERSION>marc_00_48089.almcbride.coded.txt</VERSION>
<CATEGORY>900</CATEGORY>
<TONE>1</TONE>
</CODING>
</POST>
<POST>
<USERNAME>13 yo girl</USERNAME>
<DATETIME>(03/07/08 8:08:22 pm)</DATETIME>
<BODY>i don't have anyone here so i can hang out till when ever</BODY>
<COMMENT></COMMENT>
</POST>
<POST>
<USERNAME>marc_00_48089</USERNAME>
<DATETIME>(03/07/08 8:08:37 pm)</DATETIME>
<BODY>cool</BODY>
<COMMENT></COMMENT>
</POST>
<POST>
<USERNAME>marc_00_48089</USERNAME>
<DATETIME>(03/07/08 8:08:47 pm)</DATETIME>
<BODY>so shall i great ready and start then</BODY>
<COMMENT></COMMENT>
<CODING>
<VERSION>marc_00_48089.almcbride.coded.txt</VERSION>
<CATEGORY>900</CATEGORY>
<TONE>2</TONE>
</CODING>
</POST>
<POST>
<USERNAME>marc_00_48089</USERNAME>
<DATETIME>(03/07/08 8:08:52 pm)</DATETIME>
<BODY>get ready</BODY>
<COMMENT></COMMENT>
</POST>
<POST>
<USERNAME>13 yo girl</USERNAME>
<DATETIME>(03/07/08 8:09:25 pm)</DATETIME>
<BODY>lol... well i wanna talk a little bit longer if its ok..... not much.. but just so i know whats oin on ..lol</BODY>
<COMMENT></COMMENT>
</POST>
<POST>
<USERNAME>marc_00_48089</USERNAME>
<DATETIME>(03/07/08 8:09:46 pm)</DATETIME>
<BODY>i can call u</BODY>
<COMMENT></COMMENT>
<CODING>
<VERSION>marc_00_48089.almcbride.coded.txt</VERSION>
<CATEGORY>900</CATEGORY>
<TONE>1</TONE>
</CODING>
</POST>
<POST>
<USERNAME>marc_00_48089</USERNAME>
<DATETIME>(03/07/08 8:10:49 pm)</DATETIME>
<BODY>?</BODY>
<COMMENT></COMMENT>
</POST>
<POST>
<USERNAME>13 yo girl</USERNAME>
<DATETIME>(03/07/08 8:10:51 pm)</DATETIME>
<BODY>my aunt has a program that shows all the calls that come in ... :(</BODY>
<COMMENT></COMMENT>
</POST>
<POST>
<USERNAME>marc_00_48089</USERNAME>
<DATETIME>(03/07/08 8:11:08 pm)</DATETIME>
<BODY>but friends can call u or not</BODY>
<COMMENT></COMMENT>
</POST>
<POST>
<USERNAME>13 yo girl</USERNAME>
<DATETIME>(03/07/08 8:11:17 pm)</DATETIME>
<BODY>i have a card.... but i can't find it in the messy room...lol</BODY>
<COMMENT></COMMENT>
</POST>
<POST>
<USERNAME>13 yo girl</USERNAME>
<DATETIME>(03/07/08 8:11:57 pm)</DATETIME>
<BODY>well that was my bff..she's ok aunt knows she will call... but if she sees another number she will et mad</BODY>
<COMMENT></COMMENT>
</POST>
<POST>
<USERNAME>marc_00_48089</USERNAME>
<DATETIME>(03/07/08 8:12:37 pm)</DATETIME>
<BODY>so hun if i drive all the way and could not find out how the heck will i contact u</BODY>
<COMMENT></COMMENT>
<CODING>
<VERSION>marc_00_48089.almcbride.coded.txt</VERSION>
<CATEGORY>900</CATEGORY>
<TONE>12</TONE>
</CODING>
</POST>
<POST>
<USERNAME>13 yo girl</USERNAME>
<DATETIME>(03/07/08 8:12:38 pm)</DATETIME>
<BODY>so wheres that pic??</BODY>
<COMMENT></COMMENT>
</POST>
<POST>
<USERNAME>13 yo girl</USERNAME>
<DATETIME>(03/07/08 8:13:58 pm)</DATETIME>
<BODY>lol.... well when i feel i want to .. i will give you my addy.. then you can come over</BODY>
<COMMENT></COMMENT>
</POST>
<POST>
<USERNAME>13 yo girl</USERNAME>
<DATETIME>(03/07/08 8:14:21 pm)</DATETIME>
<BODY>:p</BODY>
<COMMENT></COMMENT>
</POST>
<POST>
<USERNAME>marc_00_48089</USERNAME>
<DATETIME>(03/07/08 8:14:27 pm)</DATETIME>
<BODY>what did u say</BODY>
<COMMENT></COMMENT>
</POST>
<POST>
<USERNAME>marc_00_48089</USERNAME>
<DATETIME>(03/07/08 8:14:30 pm)</DATETIME>
<BODY>didnt get that</BODY>
<COMMENT></COMMENT>
</POST>
<POST>
<USERNAME>13 yo girl</USERNAME>
<DATETIME>(03/07/08 8:14:46 pm)</DATETIME>
<BODY>i will tell you where i live when i fell like it...lol</BODY>
<COMMENT></COMMENT>
</POST>
<POST>
<USERNAME>13 yo girl</USERNAME>
<DATETIME>(03/07/08 8:15:11 pm)</DATETIME>
<BODY>so what do you do for fun?</BODY>
<COMMENT></COMMENT>
</POST>
<POST>
<USERNAME>marc_00_48089</USERNAME>
<DATETIME>(03/07/08 8:15:29 pm)</DATETIME>
<BODY>huh</BODY>
<COMMENT></COMMENT>
</POST>
<POST>
<USERNAME>13 yo girl</USERNAME>
<DATETIME>(03/07/08 8:15:39 pm)</DATETIME>
<BODY>i'm tryinf to find out more about you</BODY>
<COMMENT></COMMENT>
</POST>
<POST>
<USERNAME>marc_00_48089</USERNAME>
<DATETIME>(03/07/08 8:15:43 pm)</DATETIME>
<BODY>so u will make me drive all the way and may not show up</BODY>
<COMMENT></COMMENT>
<CODING>
<VERSION>marc_00_48089.almcbride.coded.txt</VERSION>
<CATEGORY>900</CATEGORY>
<TONE>1</TONE>
</CODING>
</POST>
<POST>
<USERNAME>13 yo girl</USERNAME>
<DATETIME>(03/07/08 8:16:16 pm)</DATETIME>
<BODY>oh i am here.. i am not oin anywhere</BODY>
<COMMENT></COMMENT>
</POST>
<POST>
<USERNAME>marc_00_48089</USERNAME>
<DATETIME>(03/07/08 8:16:32 pm)</DATETIME>
<BODY>i dont think ur up for meeting</BODY>
<COMMENT></COMMENT>
</POST>
<POST>
<USERNAME>13 yo girl</USERNAME>
<DATETIME>(03/07/08 8:17:18 pm)</DATETIME>
<BODY>well i'm just not sure what you wanna do.. that's all.. i just wanna know before you come over</BODY>
<COMMENT></COMMENT>
</POST>
<POST>
<USERNAME>marc_00_48089</USERNAME>
<DATETIME>(03/07/08 8:17:33 pm)</DATETIME>
<BODY>i told u we can go to ann arbor downtown</BODY>
<COMMENT></COMMENT>
</POST>
<POST>
<USERNAME>marc_00_48089</USERNAME>
<DATETIME>(03/07/08 8:18:41 pm)</DATETIME>
<BODY>?</BODY>
<COMMENT></COMMENT>
</POST>
<POST>
<USERNAME>marc_00_48089</USERNAME>
<DATETIME>(03/07/08 8:19:12 pm)</DATETIME>
<BODY>u there</BODY>
<COMMENT></COMMENT>
</POST>
<POST>
<USERNAME>13 yo girl</USERNAME>
<DATETIME>(03/07/08 8:19:23 pm)</DATETIME>
<BODY>yeah.. just trying to get to know you more</BODY>
<COMMENT></COMMENT>
</POST>
<POST>
<USERNAME>marc_00_48089</USERNAME>
<DATETIME>(03/07/08 8:19:37 pm)</DATETIME>
<BODY>i love to party , i drink at times</BODY>
<COMMENT></COMMENT>
<CODING>
<VERSION>marc_00_48089.almcbride.coded.txt</VERSION>
<CATEGORY>200</CATEGORY>
<TONE>31</TONE>
</CODING>
</POST>
<POST>
<USERNAME>marc_00_48089</USERNAME>
<DATETIME>(03/07/08 8:19:39 pm)</DATETIME>
<BODY>i love sports</BODY>
<COMMENT></COMMENT>
<CODING>
<VERSION>marc_00_48089.almcbride.coded.txt</VERSION>
<CATEGORY>200</CATEGORY>
<TONE>1</TONE>
</CODING>
</POST>
<POST>
<USERNAME>13 yo girl</USERNAME>
<DATETIME>(03/07/08 8:19:46 pm)</DATETIME>
<BODY>what kid of sports</BODY>
<COMMENT></COMMENT>
</POST>
<POST>
<USERNAME>marc_00_48089</USERNAME>
<DATETIME>(03/07/08 8:20:07 pm)</DATETIME>
<BODY>tennis, skiing, rollerblading, i love working out at gym</BODY>
<COMMENT></COMMENT>
<CODING>
<VERSION>marc_00_48089.almcbride.coded.txt</VERSION>
<CATEGORY>200</CATEGORY>
<TONE>3</TONE>
</CODING>
</POST>
<POST>
<USERNAME>13 yo girl</USERNAME>
<DATETIME>(03/07/08 8:20:54 pm)</DATETIME>
<BODY>wow.... you must be in good shape?</BODY>
<COMMENT></COMMENT>
</POST>
<POST>
<USERNAME>13 yo girl</USERNAME>
<DATETIME>(03/07/08 8:21:55 pm)</DATETIME>
<BODY>do you work out every day ?</BODY>
<COMMENT></COMMENT>
</POST>
<POST>
<USERNAME>marc_00_48089</USERNAME>
<DATETIME>(03/07/08 8:22:19 pm)</DATETIME>
<BODY>yes</BODY>
<COMMENT></COMMENT>
</POST>
<POST>
<USERNAME>13 yo girl</USERNAME>
<DATETIME>(03/07/08 8:22:35 pm)</DATETIME>
<BODY>do you work or go to school?</BODY>
<COMMENT></COMMENT>
</POST>
<POST>
<USERNAME>marc_00_48089</USERNAME>
<DATETIME>(03/07/08 8:22:41 pm)</DATETIME>
<BODY>work</BODY>
<COMMENT></COMMENT>
</POST>
<POST>
<USERNAME>13 yo girl</USERNAME>
<DATETIME>(03/07/08 8:22:49 pm)</DATETIME>
<BODY>what kind?</BODY>
<COMMENT></COMMENT>
</POST>
<POST>
<USERNAME>marc_00_48089</USERNAME>
<DATETIME>(03/07/08 8:22:56 pm)</DATETIME>
<BODY>i am a manager</BODY>
<COMMENT></COMMENT>
</POST>
<POST>
<USERNAME>13 yo girl</USERNAME>
<DATETIME>(03/07/08 8:23:11 pm)</DATETIME>
<BODY>cool.. you et to boss people around</BODY>
<COMMENT></COMMENT>
</POST>
<POST>
<USERNAME>marc_00_48089</USERNAME>
<DATETIME>(03/07/08 8:23:25 pm)</DATETIME>
<BODY>haha</BODY>
<COMMENT></COMMENT>
</POST>
<POST>
<USERNAME>marc_00_48089</USERNAME>
<DATETIME>(03/07/08 8:23:27 pm)</DATETIME>
<BODY>yes kinda</BODY>
<COMMENT></COMMENT>
</POST>
<POST>
<USERNAME>13 yo girl</USERNAME>
<DATETIME>(03/07/08 8:23:36 pm)</DATETIME>
<BODY>lol.. you like to do that?</BODY>
<COMMENT></COMMENT>
</POST>
<POST>
<USERNAME>marc_00_48089</USERNAME>
<DATETIME>(03/07/08 8:23:54 pm)</DATETIME>
<BODY>i love my work</BODY>
<COMMENT></COMMENT>
</POST>
<POST>
<USERNAME>13 yo girl</USERNAME>
<DATETIME>(03/07/08 8:24:29 pm)</DATETIME>
<BODY>that's cool... i don't wanna work ... but yet i don't wanna go to school lmao</BODY>
<COMMENT></COMMENT>
</POST>
<POST>
<USERNAME>13 yo girl</USERNAME>
<DATETIME>(03/07/08 8:24:45 pm)</DATETIME>
<BODY>dang... han on brb</BODY>
<COMMENT></COMMENT>
</POST>
<POST>
<USERNAME>marc_00_48089</USERNAME>
<DATETIME>(03/07/08 8:24:56 pm)</DATETIME>
<BODY>k</BODY>
<COMMENT></COMMENT>
</POST>
<POST>
<USERNAME>marc_00_48089</USERNAME>
<DATETIME>(03/07/08 8:27:40 pm)</DATETIME>
<BODY>?</BODY>
<COMMENT></COMMENT>
</POST>
<POST>
<USERNAME>13 yo girl</USERNAME>
<DATETIME>(03/07/08 8:30:17 pm)</DATETIME>
<BODY>sorry.. had to go oee</BODY>
<COMMENT></COMMENT>
</POST>
<POST>
<USERNAME>marc_00_48089</USERNAME>
<DATETIME>(03/07/08 8:30:44 pm)</DATETIME>
<BODY>i</BODY>
<COMMENT></COMMENT>
</POST>
<POST>
<USERNAME>marc_00_48089</USERNAME>
<DATETIME>(03/07/08 8:30:45 pm)</DATETIME>
<BODY>ic</BODY>
<COMMENT></COMMENT>
</POST>
<POST>
<USERNAME>marc_00_48089</USERNAME>
<DATETIME>(03/07/08 8:32:05 pm)</DATETIME>
<BODY>so</BODY>
<COMMENT></COMMENT>
</POST>
<POST>
<USERNAME>marc_00_48089</USERNAME>
<DATETIME>(03/07/08 8:32:43 pm)</DATETIME>
<BODY>??</BODY>
<COMMENT></COMMENT>
</POST>
<POST>
<USERNAME>marc_00_48089</USERNAME>
<DATETIME>(03/07/08 8:33:10 pm)</DATETIME>
<BODY>u there</BODY>
<COMMENT></COMMENT>
</POST>
<POST>
<USERNAME>13 yo girl</USERNAME>
<DATETIME>(03/07/08 8:34:21 pm)</DATETIME>
<BODY>ya... got a drink too..lol</BODY>
<COMMENT></COMMENT>
</POST>
<POST>
<USERNAME>13 yo girl</USERNAME>
<DATETIME>(03/07/08 8:34:51 pm)</DATETIME>
<BODY>what so you like to drink?</BODY>
<COMMENT></COMMENT>
</POST>
<POST>
<USERNAME>marc_00_48089</USERNAME>
<DATETIME>(03/07/08 8:35:09 pm)</DATETIME>
<BODY>vodka, whiskey</BODY>
<COMMENT></COMMENT>
</POST>
<POST>
<USERNAME>13 yo girl</USERNAME>
<DATETIME>(03/07/08 8:35:59 pm)</DATETIME>
<BODY>wow.. i've never had vodka.. what's it like?</BODY>
<COMMENT></COMMENT>
</POST>
<POST>
<USERNAME>marc_00_48089</USERNAME>
<DATETIME>(03/07/08 8:36:28 pm)</DATETIME>
<BODY>lil bitter but taste great with cranberry juicve</BODY>
<COMMENT></COMMENT>
</POST>
<POST>
<USERNAME>marc_00_48089</USERNAME>
<DATETIME>(03/07/08 8:36:31 pm)</DATETIME>
<BODY>juice</BODY>
<COMMENT></COMMENT>
</POST>
<POST>
<USERNAME>13 yo girl</USERNAME>
<DATETIME>(03/07/08 8:36:56 pm)</DATETIME>
<BODY>is that your fav?</BODY>
<COMMENT></COMMENT>
</POST>
<POST>
<USERNAME>marc_00_48089</USERNAME>
<DATETIME>(03/07/08 8:37:16 pm)</DATETIME>
<BODY>one of my fav</BODY>
<COMMENT></COMMENT>
</POST>
<POST>
<USERNAME>13 yo girl</USERNAME>
<DATETIME>(03/07/08 8:37:43 pm)</DATETIME>
<BODY>i've had beer before, but nothing else..lol</BODY>
<COMMENT></COMMENT>
</POST>
<POST>
<USERNAME>marc_00_48089</USERNAME>
<DATETIME>(03/07/08 8:38:08 pm)</DATETIME>
<BODY>lol</BODY>
<COMMENT></COMMENT>
</POST>
<POST>
<USERNAME>marc_00_48089</USERNAME>
<DATETIME>(03/07/08 8:38:13 pm)</DATETIME>
<BODY>u can have my cock too</BODY>
<COMMENT></COMMENT>
<CODING>
<VERSION>marc_00_48089.almcbride.coded.txt</VERSION>
<CATEGORY>600</CATEGORY>
<TONE>1</TONE>
</CODING>
</POST>
<POST>
<USERNAME>marc_00_48089</USERNAME>
<DATETIME>(03/07/08 8:38:14 pm)</DATETIME>
<BODY>haha</BODY>
<COMMENT></COMMENT>
</POST>
<POST>
<USERNAME>marc_00_48089</USERNAME>
<DATETIME>(03/07/08 8:38:16 pm)</DATETIME>
<BODY>kidding</BODY>
<COMMENT></COMMENT>
</POST>
<POST>
<USERNAME>13 yo girl</USERNAME>
<DATETIME>(03/07/08 8:38:19 pm)</DATETIME>
<BODY>what?</BODY>
<COMMENT></COMMENT>
</POST>
<POST>
<USERNAME>13 yo girl</USERNAME>
<DATETIME>(03/07/08 8:38:26 pm)</DATETIME>
<BODY>lol... for a drink??</BODY>
<COMMENT></COMMENT>
</POST>
<POST>
<USERNAME>marc_00_48089</USERNAME>
<DATETIME>(03/07/08 8:38:32 pm)</DATETIME>
<BODY>as a candy</BODY>
<COMMENT></COMMENT>
<CODING>
<VERSION>marc_00_48089.almcbride.coded.txt</VERSION>
<CATEGORY>600</CATEGORY>
<TONE>3</TONE>
</CODING>
</POST>
<POST>
<USERNAME>marc_00_48089</USERNAME>
<DATETIME>(03/07/08 8:38:33 pm)</DATETIME>
<BODY>haha</BODY>
<COMMENT></COMMENT>
</POST>
<POST>
<USERNAME>13 yo girl</USERNAME>
<DATETIME>(03/07/08 8:38:37 pm)</DATETIME>
<BODY>ohhhh lol.</BODY>
<COMMENT></COMMENT>
</POST>
<POST>
<USERNAME>marc_00_48089</USERNAME>
<DATETIME>(03/07/08 8:38:51 pm)</DATETIME>
<BODY>will u have it</BODY>
<COMMENT></COMMENT>
<CODING>
<VERSION>marc_00_48089.almcbride.coded.txt</VERSION>
<CATEGORY>600</CATEGORY>
<TONE>2</TONE>
</CODING>
</POST>
<POST>
<USERNAME>marc_00_48089</USERNAME>
<DATETIME>(03/07/08 8:38:52 pm)</DATETIME>
<BODY>hehe</BODY>
<COMMENT></COMMENT>
</POST>
<POST>
<USERNAME>13 yo girl</USERNAME>
<DATETIME>(03/07/08 8:39:04 pm)</DATETIME>
<BODY>are you serious??</BODY>
<COMMENT></COMMENT>
</POST>
<POST>
<USERNAME>marc_00_48089</USERNAME>
<DATETIME>(03/07/08 8:39:20 pm)</DATETIME>
<BODY>sure</BODY>
<COMMENT></COMMENT>
</POST>
<POST>
<USERNAME>13 yo girl</USERNAME>
<DATETIME>(03/07/08 8:39:46 pm)</DATETIME>
<BODY>no realllyyyy</BODY>
<COMMENT></COMMENT>
</POST>
<POST>
<USERNAME>marc_00_48089</USERNAME>
<DATETIME>(03/07/08 8:39:58 pm)</DATETIME>
<BODY>if u want sure</BODY>
<COMMENT></COMMENT>
</POST>
<POST>
<USERNAME>13 yo girl</USERNAME>
<DATETIME>(03/07/08 8:40:34 pm)</DATETIME>
<BODY>well i don't like to be played and that's the only thing i am worried about tonight</BODY>
<COMMENT></COMMENT>
</POST>
<POST>
<USERNAME>marc_00_48089</USERNAME>
<DATETIME>(03/07/08 8:40:45 pm)</DATETIME>
<BODY>what u mean</BODY>
<COMMENT></COMMENT>
</POST>
<POST>
<USERNAME>13 yo girl</USERNAME>
<DATETIME>(03/07/08 8:42:31 pm)</DATETIME>
<BODY>well i don't want you to say something and not be for real about it</BODY>
<COMMENT></COMMENT>
</POST>
<POST>
<USERNAME>marc_00_48089</USERNAME>
<DATETIME>(03/07/08 8:42:45 pm)</DATETIME>
<BODY>i love my cock sucked</BODY>
<COMMENT></COMMENT>
<CODING>
<VERSION>marc_00_48089.almcbride.coded.txt</VERSION>
<CATEGORY>600</CATEGORY>
<TONE>1</TONE>
</CODING>
</POST>
<POST>
<USERNAME>marc_00_48089</USERNAME>
<DATETIME>(03/07/08 8:42:50 pm)</DATETIME>
<BODY>will u do that for real</BODY>
<COMMENT></COMMENT>
<CODING>
<VERSION>marc_00_48089.almcbride.coded.txt</VERSION>
<CATEGORY>600</CATEGORY>
<TONE>2</TONE>
</CODING>
</POST>
<POST>
<USERNAME>13 yo girl</USERNAME>
<DATETIME>(03/07/08 8:43:11 pm)</DATETIME>
<BODY>you want to?</BODY>
<COMMENT></COMMENT>
</POST>
<POST>
<USERNAME>marc_00_48089</USERNAME>
<DATETIME>(03/07/08 8:43:17 pm)</DATETIME>
<BODY>yes</BODY>
<COMMENT></COMMENT>
</POST>
<POST>
<USERNAME>marc_00_48089</USERNAME>
<DATETIME>(03/07/08 8:43:20 pm)</DATETIME>
<BODY>u?</BODY>
<COMMENT></COMMENT>
</POST>
<POST>
<USERNAME>13 yo girl</USERNAME>
<DATETIME>(03/07/08 8:43:32 pm)</DATETIME>
<BODY>with then as long as you aren't playing me ok</BODY>
<COMMENT></COMMENT>
</POST>
<POST>
<USERNAME>marc_00_48089</USERNAME>
<DATETIME>(03/07/08 8:44:11 pm)</DATETIME>
<BODY>i am not i am asking u will u</BODY>
<COMMENT></COMMENT>
<CODING>
<VERSION>marc_00_48089.almcbride.coded.txt</VERSION>
<CATEGORY>600</CATEGORY>
<TONE>12</TONE>
</CODING>
</POST>
<POST>
<USERNAME>13 yo girl</USERNAME>
<DATETIME>(03/07/08 8:44:25 pm)</DATETIME>
<BODY>yeah</BODY>
<COMMENT></COMMENT>
</POST>
<POST>
<USERNAME>marc_00_48089</USERNAME>
<DATETIME>(03/07/08 8:44:36 pm)</DATETIME>
<BODY>i cant wait</BODY>
<COMMENT></COMMENT>
</POST>
<POST>
<USERNAME>13 yo girl</USERNAME>
<DATETIME>(03/07/08 8:44:44 pm)</DATETIME>
<BODY>why?</BODY>
<COMMENT></COMMENT>
</POST>
<POST>
<USERNAME>marc_00_48089</USERNAME>
<DATETIME>(03/07/08 8:44:57 pm)</DATETIME>
<BODY>cuz ur cute and i want to kiss u</BODY>
<COMMENT></COMMENT>
<CODING>
<VERSION>marc_00_48089.almcbride.coded.txt</VERSION>
<CATEGORY>600</CATEGORY>
<TONE>3</TONE>
</CODING>
</POST>
<POST>
<USERNAME>marc_00_48089</USERNAME>
<DATETIME>(03/07/08 8:44:58 pm)</DATETIME>
<BODY>lol</BODY>
<COMMENT></COMMENT>
</POST>
<POST>
<USERNAME>13 yo girl</USERNAME>
<DATETIME>(03/07/08 8:45:39 pm)</DATETIME>
<BODY>lol... thanks.. but how wil i know it is you?</BODY>
<COMMENT></COMMENT>
</POST>
<POST>
<USERNAME>marc_00_48089</USERNAME>
<DATETIME>(03/07/08 8:45:54 pm)</DATETIME>
<BODY>u will</BODY>
<COMMENT></COMMENT>
</POST>
<POST>
<USERNAME>marc_00_48089</USERNAME>
<DATETIME>(03/07/08 8:46:07 pm)</DATETIME>
<BODY>am i driving to ur house or some other place</BODY>
<COMMENT></COMMENT>
<CODING>
<VERSION>marc_00_48089.almcbride.coded.txt</VERSION>
<CATEGORY>900</CATEGORY>
<TONE>2</TONE>
</CODING>
</POST>
<POST>
<USERNAME>13 yo girl</USERNAME>
<DATETIME>(03/07/08 8:46:24 pm)</DATETIME>
<BODY>my house... what do you drive?</BODY>
<COMMENT></COMMENT>
</POST>
<POST>
<USERNAME>marc_00_48089</USERNAME>
<DATETIME>(03/07/08 8:46:48 pm)</DATETIME>
<BODY>jeep</BODY>
<COMMENT></COMMENT>
</POST>
<POST>
<USERNAME>13 yo girl</USERNAME>
<DATETIME>(03/07/08 8:48:28 pm)</DATETIME>
<BODY>dang han on brb</BODY>
<COMMENT></COMMENT>
</POST>
<POST>
<USERNAME>13 yo girl</USERNAME>
<DATETIME>(03/07/08 8:52:18 pm)</DATETIME>
<BODY>ok... so whats your name??</BODY>
<COMMENT></COMMENT>
</POST>
<POST>
<USERNAME>marc_00_48089</USERNAME>
<DATETIME>(03/07/08 8:52:29 pm)</DATETIME>
<BODY>marc</BODY>
<COMMENT></COMMENT>
<CODING>
<VERSION>marc_00_48089.almcbride.coded.txt</VERSION>
<CATEGORY>200</CATEGORY>
<TONE>3</TONE>
</CODING>
</POST>
<POST>
<USERNAME>13 yo girl</USERNAME>
<DATETIME>(03/07/08 8:52:43 pm)</DATETIME>
<BODY>well i kinda guessed but had to ask..lol</BODY>
<COMMENT></COMMENT>
</POST>
<POST>
<USERNAME>marc_00_48089</USERNAME>
<DATETIME>(03/07/08 8:52:52 pm)</DATETIME>
<BODY>lol</BODY>
<COMMENT></COMMENT>
</POST>
<POST>
<USERNAME>marc_00_48089</USERNAME>
<DATETIME>(03/07/08 8:53:03 pm)</DATETIME>
<BODY>so its 9 too late</BODY>
<COMMENT></COMMENT>
</POST>
<POST>
<USERNAME>13 yo girl</USERNAME>
<DATETIME>(03/07/08 8:53:14 pm)</DATETIME>
<BODY>well it 9 now.. and where do you live?</BODY>
<COMMENT></COMMENT>
</POST>
<POST>
<USERNAME>marc_00_48089</USERNAME>
<DATETIME>(03/07/08 8:53:22 pm)</DATETIME>
<BODY>troy</BODY>
<COMMENT></COMMENT>
<CODING>
<VERSION>marc_00_48089.almcbride.coded.txt</VERSION>
<CATEGORY>200</CATEGORY>
<TONE>3</TONE>
</CODING>
</POST>
<POST>
<USERNAME>marc_00_48089</USERNAME>
<DATETIME>(03/07/08 8:53:25 pm)</DATETIME>
<BODY>more than hr drive</BODY>
<COMMENT></COMMENT>
</POST>
<POST>
<USERNAME>13 yo girl</USERNAME>
<DATETIME>(03/07/08 8:53:47 pm)</DATETIME>
<BODY>well i think 9 is gonna be too fast huh?</BODY>
<COMMENT></COMMENT>
</POST>
<POST>
<USERNAME>marc_00_48089</USERNAME>
<DATETIME>(03/07/08 8:54:05 pm)</DATETIME>
<BODY>what u mean</BODY>
<COMMENT></COMMENT>
</POST>
<POST>
<USERNAME>13 yo girl</USERNAME>
<DATETIME>(03/07/08 8:54:44 pm)</DATETIME>
<BODY>well you can't et here in like 5 min can you?</BODY>
<COMMENT></COMMENT>
</POST>
<POST>
<USERNAME>marc_00_48089</USERNAME>
<DATETIME>(03/07/08 8:54:56 pm)</DATETIME>
<BODY>huh</BODY>
<COMMENT></COMMENT>
</POST>
<POST>
<USERNAME>marc_00_48089</USERNAME>
<DATETIME>(03/07/08 8:55:01 pm)</DATETIME>
<BODY>ur playing onw</BODY>
<COMMENT></COMMENT>
</POST>
<POST>
<USERNAME>13 yo girl</USERNAME>
<DATETIME>(03/07/08 8:55:42 pm)</DATETIME>
<BODY>nooo i mean you said how is 9... well it's almost 9 and i don't think you can make it here before 9 do you?</BODY>
<COMMENT></COMMENT>
</POST>
<POST>
<USERNAME>marc_00_48089</USERNAME>
<DATETIME>(03/07/08 8:56:15 pm)</DATETIME>
<BODY>it is more than hr drive</BODY>
<COMMENT></COMMENT>
<CODING>
<VERSION>marc_00_48089.almcbride.coded.txt</VERSION>
<CATEGORY>900</CATEGORY>
<TONE>1</TONE>
</CODING>
</POST>
<POST>
<USERNAME>13 yo girl</USERNAME>
<DATETIME>(03/07/08 8:57:49 pm)</DATETIME>
<BODY>how long does it take to et to ypsi?</BODY>
<COMMENT></COMMENT>
</POST>
<POST>
<USERNAME>marc_00_48089</USERNAME>
<DATETIME>(03/07/08 8:58:06 pm)</DATETIME>
<BODY>more than 1 hour</BODY>
<COMMENT></COMMENT>
<CODING>
<VERSION>marc_00_48089.almcbride.coded.txt</VERSION>
<CATEGORY>900</CATEGORY>
<TONE>3</TONE>
</CODING>
</POST>
<POST>
<USERNAME>13 yo girl</USERNAME>
<DATETIME>(03/07/08 8:58:15 pm)</DATETIME>
<BODY>well i'm east of that</BODY>
<COMMENT></COMMENT>
</POST>
<POST>
<USERNAME>13 yo girl</USERNAME>
<DATETIME>(03/07/08 8:58:23 pm)</DATETIME>
<BODY>so a little closer</BODY>
<COMMENT></COMMENT>
</POST>
<POST>
<USERNAME>marc_00_48089</USERNAME>
<DATETIME>(03/07/08 8:58:50 pm)</DATETIME>
<BODY>gimme the address so i can run a map</BODY>
<COMMENT></COMMENT>
<CODING>
<VERSION>marc_00_48089.almcbride.coded.txt</VERSION>
<CATEGORY>900</CATEGORY>
<TONE>4</TONE>
</CODING>
</POST>
<POST>
<USERNAME>13 yo girl</USERNAME>
<DATETIME>(03/07/08 8:59:15 pm)</DATETIME>
<BODY>kk</BODY>
<COMMENT></COMMENT>
</POST>
<POST>
<USERNAME>13 yo girl</USERNAME>
<DATETIME>(03/07/08 8:59:50 pm)</DATETIME>
<BODY>damn bots.. hang pn</BODY>
<COMMENT></COMMENT>
</POST>
<POST>
<USERNAME>13 yo girl</USERNAME>
<DATETIME>(03/07/08 9:02:14 pm)</DATETIME>
<BODY>damn it.... ok they are all one.. they always mess my comp up</BODY>
<COMMENT></COMMENT>
</POST>
<POST>
<USERNAME>13 yo girl</USERNAME>
<DATETIME>(03/07/08 9:02:27 pm)</DATETIME>
<BODY>ok... here ya go **house address**</BODY>
<COMMENT></COMMENT>
</POST>
<POST>
<USERNAME>marc_00_48089</USERNAME>
<DATETIME>(03/07/08 9:02:41 pm)</DATETIME>
<BODY>hang on</BODY>
<COMMENT></COMMENT>
</POST>
<POST>
<USERNAME>13 yo girl</USERNAME>
<DATETIME>(03/07/08 9:02:44 pm)</DATETIME>
<BODY>kk</BODY>
<COMMENT></COMMENT>
</POST>
<POST>
<USERNAME>marc_00_48089</USERNAME>
<DATETIME>(03/07/08 9:04:07 pm)</DATETIME>
<BODY>i can be there in 45 min</BODY>
<COMMENT></COMMENT>
<CODING>
<VERSION>marc_00_48089.almcbride.coded.txt</VERSION>
<CATEGORY>900</CATEGORY>
<TONE>1</TONE>
</CODING>
</POST>
<POST>
<USERNAME>13 yo girl</USERNAME>
<DATETIME>(03/07/08 9:04:40 pm)</DATETIME>
<BODY>really??</BODY>
<COMMENT></COMMENT>
</POST>
<POST>
<USERNAME>13 yo girl</USERNAME>
<DATETIME>(03/07/08 9:04:44 pm)</DATETIME>
<BODY>cool...</BODY>
<COMMENT></COMMENT>
</POST>
<POST>
<USERNAME>13 yo girl</USERNAME>
<DATETIME>(03/07/08 9:04:56 pm)</DATETIME>
<BODY>are you sure you're not playing with me??</BODY>
<COMMENT></COMMENT>
</POST>
<POST>
<USERNAME>marc_00_48089</USERNAME>
<DATETIME>(03/07/08 9:05:06 pm)</DATETIME>
<BODY>i should ask u that</BODY>
<COMMENT></COMMENT>
</POST>
<POST>
<USERNAME>marc_00_48089</USERNAME>
<DATETIME>(03/07/08 9:05:11 pm)</DATETIME>
<BODY>gosh i am gonna drive</BODY>
<COMMENT></COMMENT>
<CODING>
<VERSION>marc_00_48089.almcbride.coded.txt</VERSION>
<CATEGORY>900</CATEGORY>
<TONE>1</TONE>
</CODING>
</POST>
<POST>
<USERNAME>marc_00_48089</USERNAME>
<DATETIME>(03/07/08 9:05:19 pm)</DATETIME>
<BODY>what if these address is not right</BODY>
<COMMENT></COMMENT>
<CODING>
<VERSION>marc_00_48089.almcbride.coded.txt</VERSION>
<CATEGORY>900</CATEGORY>
<TONE>2</TONE>
</CODING>
</POST>
<POST>
<USERNAME>marc_00_48089</USERNAME>
<DATETIME>(03/07/08 9:05:23 pm)</DATETIME>
<BODY>all this driving</BODY>
<COMMENT></COMMENT>
</POST>
<POST>
<USERNAME>13 yo girl</USERNAME>
<DATETIME>(03/07/08 9:05:55 pm)</DATETIME>
<BODY>oh geee... i'm the one sitting here in a house by myself... why would i tell someone to come over and then not want then to?</BODY>
<COMMENT></COMMENT>
</POST>
<POST>
<USERNAME>marc_00_48089</USERNAME>
<DATETIME>(03/07/08 9:06:42 pm)</DATETIME>
<BODY>ok i can start in 15 min cuz i need to take quick shower</BODY>
<COMMENT></COMMENT>
<CODING>
<VERSION>marc_00_48089.almcbride.coded.txt</VERSION>
<CATEGORY>900</CATEGORY>
<TONE>31</TONE>
</CODING>
</POST>
<POST>
<USERNAME>13 yo girl</USERNAME>
<DATETIME>(03/07/08 9:07:15 pm)</DATETIME>
<BODY>ok.. about an hour? oh yeah... you gonna have condoms?</BODY>
<COMMENT></COMMENT>
</POST>
<POST>
<USERNAME>marc_00_48089</USERNAME>
<DATETIME>(03/07/08 9:07:29 pm)</DATETIME>
<BODY>yes</BODY>
<COMMENT></COMMENT>
</POST>
<POST>
<USERNAME>13 yo girl</USERNAME>
<DATETIME>(03/07/08 9:07:34 pm)</DATETIME>
<BODY>whew</BODY>
<COMMENT></COMMENT>
</POST>
<POST>
<USERNAME>marc_00_48089</USERNAME>
<DATETIME>(03/07/08 9:07:38 pm)</DATETIME>
<BODY>what</BODY>
<COMMENT></COMMENT>
</POST>
<POST>
<USERNAME>marc_00_48089</USERNAME>
<DATETIME>(03/07/08 9:07:43 pm)</DATETIME>
<BODY>u dont like em</BODY>
<COMMENT></COMMENT>
<CODING>
<VERSION>marc_00_48089.almcbride.coded.txt</VERSION>
<CATEGORY>600</CATEGORY>
<TONE>3</TONE>
</CODING>
</POST>
<POST>
<USERNAME>13 yo girl</USERNAME>
<DATETIME>(03/07/08 9:07:48 pm)</DATETIME>
<BODY>i don't wana get prenant</BODY>
<COMMENT></COMMENT>
</POST>
<POST>
<USERNAME>marc_00_48089</USERNAME>
<DATETIME>(03/07/08 9:07:58 pm)</DATETIME>
<BODY>i always use protection</BODY>
<COMMENT></COMMENT>
<CODING>
<VERSION>marc_00_48089.almcbride.coded.txt</VERSION>
<CATEGORY>600</CATEGORY>
<TONE>1</TONE>
</CODING>
</POST>
<POST>
<USERNAME>13 yo girl</USERNAME>
<DATETIME>(03/07/08 9:08:01 pm)</DATETIME>
<BODY>yes i do.. i want to use them</BODY>
<COMMENT></COMMENT>
</POST>
<POST>
<USERNAME>13 yo girl</USERNAME>
<DATETIME>(03/07/08 9:08:06 pm)</DATETIME>
<BODY>ok good</BODY>
<COMMENT></COMMENT>
</POST>
<POST>
<USERNAME>marc_00_48089</USERNAME>
<DATETIME>(03/07/08 9:08:19 pm)</DATETIME>
<BODY>do u want to give me the # incase</BODY>
<COMMENT></COMMENT>
<CODING>
<VERSION>marc_00_48089.almcbride.coded.txt</VERSION>
<CATEGORY>900</CATEGORY>
<TONE>2</TONE>
</CODING>
</POST>
<POST>
<USERNAME>marc_00_48089</USERNAME>
<DATETIME>(03/07/08 9:08:28 pm)</DATETIME>
<BODY>cuz i am telling u that we will have to talk on phone atleast once</BODY>
<COMMENT></COMMENT>
<CODING>
<VERSION>marc_00_48089.almcbride.coded.txt</VERSION>
<CATEGORY>900</CATEGORY>
<TONE>1</TONE>
</CODING>
</POST>
<POST>
<USERNAME>13 yo girl</USERNAME>
<DATETIME>(03/07/08 9:09:19 pm)</DATETIME>
<BODY>do you have a cell.. i can find my card and call you in about a half hour</BODY>
<COMMENT></COMMENT>
</POST>
<POST>
<USERNAME>marc_00_48089</USERNAME>
<DATETIME>(03/07/08 9:09:36 pm)</DATETIME>
<BODY>yes i have a cell</BODY>
<COMMENT></COMMENT>
</POST>
<POST>
<USERNAME>13 yo girl</USERNAME>
<DATETIME>(03/07/08 9:09:48 pm)</DATETIME>
<BODY>can i call you in about a half hour then?</BODY>
<COMMENT></COMMENT>
</POST>
<POST>
<USERNAME>13 yo girl</USERNAME>
<DATETIME>(03/07/08 9:10:01 pm)</DATETIME>
<BODY>that way you can shower and start over here and then i can call</BODY>
<COMMENT></COMMENT>
</POST>
<POST>
<USERNAME>marc_00_48089</USERNAME>
<DATETIME>(03/07/08 9:10:21 pm)</DATETIME>
<BODY>well call me in 45 min so that way i will be closer to ur place</BODY>
<COMMENT></COMMENT>
<CODING>
<VERSION>marc_00_48089.almcbride.coded.txt</VERSION>
<CATEGORY>900</CATEGORY>
<TONE>41</TONE>
</CODING>
</POST>
<POST>
<USERNAME>13 yo girl</USERNAME>
<DATETIME>(03/07/08 9:10:33 pm)</DATETIME>
<BODY>ok.. whats your number?</BODY>
<COMMENT></COMMENT>
</POST>
<POST>
<USERNAME>marc_00_48089</USERNAME>
<DATETIME>(03/07/08 9:10:44 pm)</DATETIME>
<BODY>what r u going to wear</BODY>
<COMMENT></COMMENT>
</POST>
<POST>
<USERNAME>13 yo girl</USERNAME>
<DATETIME>(03/07/08 9:10:57 pm)</DATETIME>
<BODY>i ot a hoodie and some camo pant on right now</BODY>
<COMMENT></COMMENT>
</POST>
<POST>
<USERNAME>marc_00_48089</USERNAME>
<DATETIME>(03/07/08 9:11:12 pm)</DATETIME>
<BODY>is that what u will wear?</BODY>
<COMMENT></COMMENT>
</POST>
<POST>
<USERNAME>13 yo girl</USERNAME>
<DATETIME>(03/07/08 9:11:23 pm)</DATETIME>
<BODY>probably... why?</BODY>
<COMMENT></COMMENT>
</POST>
<POST>
<USERNAME>13 yo girl</USERNAME>
<DATETIME>(03/07/08 9:11:30 pm)</DATETIME>
<BODY>i can change if you don't like it</BODY>
<COMMENT></COMMENT>
</POST>
<POST>
<USERNAME>marc_00_48089</USERNAME>
<DATETIME>(03/07/08 9:11:40 pm)</DATETIME>
<BODY>upto u</BODY>
<COMMENT></COMMENT>
</POST>
<POST>
<USERNAME>marc_00_48089</USERNAME>
<DATETIME>(03/07/08 9:11:44 pm)</DATETIME>
<BODY>and bra and thong?</BODY>
<COMMENT></COMMENT>
<CODING>
<VERSION>marc_00_48089.almcbride.coded.txt</VERSION>
<CATEGORY>600</CATEGORY>
<TONE>2</TONE>
</CODING>
</POST>
<POST>
<USERNAME>13 yo girl</USERNAME>
<DATETIME>(03/07/08 9:11:52 pm)</DATETIME>
<BODY>um ya.. always</BODY>
<COMMENT></COMMENT>
</POST>
<POST>
<USERNAME>13 yo girl</USERNAME>
<DATETIME>(03/07/08 9:11:57 pm)</DATETIME>
<BODY>lol</BODY>
<COMMENT></COMMENT>
</POST>
<POST>
<USERNAME>marc_00_48089</USERNAME>
<DATETIME>(03/07/08 9:12:21 pm)</DATETIME>
<BODY>when will ur uncle aunt come home or u dont care?</BODY>
<COMMENT></COMMENT>
<CODING>
<VERSION>marc_00_48089.almcbride.coded.txt</VERSION>
<CATEGORY>900</CATEGORY>
<TONE>2</TONE>
</CODING>
</POST>
<POST>
<USERNAME>13 yo girl</USERNAME>
<DATETIME>(03/07/08 9:12:33 pm)</DATETIME>
<BODY>not till sunday night</BODY>
<COMMENT></COMMENT>
</POST>
<POST>
<USERNAME>marc_00_48089</USERNAME>
<DATETIME>(03/07/08 9:12:45 pm)</DATETIME>
<BODY>huh and ur home alone</BODY>
<COMMENT></COMMENT>
<CODING>
<VERSION>marc_00_48089.almcbride.coded.txt</VERSION>
<CATEGORY>900</CATEGORY>
<TONE>2</TONE>
</CODING>
</POST>
<POST>
<USERNAME>13 yo girl</USERNAME>
<DATETIME>(03/07/08 9:13:02 pm)</DATETIME>
<BODY>yeah...they wanted to gamble..lol</BODY>
<COMMENT></COMMENT>
</POST>
<POST>
<USERNAME>marc_00_48089</USERNAME>
<DATETIME>(03/07/08 9:13:21 pm)</DATETIME>
<BODY>so where did they go</BODY>
<COMMENT></COMMENT>
</POST>
<POST>
<USERNAME>13 yo girl</USERNAME>
<DATETIME>(03/07/08 9:13:28 pm)</DATETIME>
<BODY>mt plesant</BODY>
<COMMENT></COMMENT>
</POST>
<POST>
<USERNAME>marc_00_48089</USERNAME>
<DATETIME>(03/07/08 9:13:52 pm)</DATETIME>
<BODY>is ur mom seeing u over the weekend then</BODY>
<COMMENT></COMMENT>
<CODING>
<VERSION>marc_00_48089.almcbride.coded.txt</VERSION>
<CATEGORY>900</CATEGORY>
<TONE>2</TONE>
</CODING>
</POST>
<POST>
<USERNAME>13 yo girl</USERNAME>
<DATETIME>(03/07/08 9:14:23 pm)</DATETIME>
<BODY>no shes with them</BODY>
<COMMENT></COMMENT>
</POST>
<POST>
<USERNAME>13 yo girl</USERNAME>
<DATETIME>(03/07/08 9:14:32 pm)</DATETIME>
<BODY></BODY>
<COMMENT></COMMENT>
</POST>
<POST>
<USERNAME>marc_00_48089</USERNAME>
<DATETIME>(03/07/08 9:14:34 pm)</DATETIME>
<BODY>i c</BODY>
<COMMENT></COMMENT>
</POST>
<POST>
<USERNAME>13 yo girl</USERNAME>
<DATETIME>(03/07/08 9:14:37 pm)</DATETIME>
<BODY>oops... sorrryyy</BODY>
<COMMENT></COMMENT>
</POST>
<POST>
<USERNAME>marc_00_48089</USERNAME>
<DATETIME>(03/07/08 9:14:42 pm)</DATETIME>
<BODY>so u didnt call ur friends over</BODY>
<COMMENT></COMMENT>
</POST>
<POST>
<USERNAME>13 yo girl</USERNAME>
<DATETIME>(03/07/08 9:14:44 pm)</DATETIME>
<BODY>i didn't mean to do that..lol</BODY>
<COMMENT></COMMENT>
</POST>
<POST>
<USERNAME>13 yo girl</USERNAME>
<DATETIME>(03/07/08 9:15:12 pm)</DATETIME>
<BODY>well i was going to.. but the one i wanted to come over was going to her dad's this weekend</BODY>
<COMMENT></COMMENT>
</POST>
<POST>
<USERNAME>marc_00_48089</USERNAME>
<DATETIME>(03/07/08 9:15:49 pm)</DATETIME>
<BODY>gosh u might get bored all weekend</BODY>
<COMMENT></COMMENT>
</POST>
<POST>
<USERNAME>13 yo girl</USERNAME>
<DATETIME>(03/07/08 9:16:14 pm)</DATETIME>
<BODY>yeah.. i didn't think about that when i wanted to do this..lmao</BODY>
<COMMENT></COMMENT>
</POST>
<POST>
<USERNAME>marc_00_48089</USERNAME>
<DATETIME>(03/07/08 9:16:28 pm)</DATETIME>
<BODY>what u mean</BODY>
<COMMENT></COMMENT>
</POST>
<POST>
<USERNAME>13 yo girl</USERNAME>
<DATETIME>(03/07/08 9:16:53 pm)</DATETIME>
<BODY>well i didn't think about if no one came over and being here all weekend and getting bored</BODY>
<COMMENT></COMMENT>
</POST>
<POST>
<USERNAME>13 yo girl</USERNAME>
<DATETIME>(03/07/08 9:16:55 pm)</DATETIME>
<BODY>lol</BODY>
<COMMENT></COMMENT>
</POST>
<POST>
<USERNAME>marc_00_48089</USERNAME>
<DATETIME>(03/07/08 9:17:09 pm)</DATETIME>
<BODY>i c</BODY>
<COMMENT></COMMENT>
</POST>
<POST>
<USERNAME>13 yo girl</USERNAME>
<DATETIME>(03/07/08 9:18:09 pm)</DATETIME>
<BODY>so whats you're number?</BODY>
<COMMENT></COMMENT>
</POST>
<POST>
<USERNAME>marc_00_48089</USERNAME>
<DATETIME>(03/07/08 9:19:10 pm)</DATETIME>
<BODY>so there are lot of houses there?</BODY>
<COMMENT></COMMENT>
</POST>
<POST>
<USERNAME>13 yo girl</USERNAME>
<DATETIME>(03/07/08 9:19:57 pm)</DATETIME>
<BODY>pretty much.. i mean it's not alot.. but it's full</BODY>
<COMMENT></COMMENT>
</POST>
<POST>
<USERNAME>marc_00_48089</USERNAME>
<DATETIME>(03/07/08 9:20:34 pm)</DATETIME>
<BODY>have u sucked cock before</BODY>
<COMMENT></COMMENT>
<CODING>
<VERSION>marc_00_48089.almcbride.coded.txt</VERSION>
<CATEGORY>600</CATEGORY>
<TONE>2</TONE>
</CODING>
</POST>
<POST>
<USERNAME>13 yo girl</USERNAME>
<DATETIME>(03/07/08 9:20:42 pm)</DATETIME>
<BODY>no.. not yet</BODY>
<COMMENT></COMMENT>
</POST>
<POST>
<USERNAME>marc_00_48089</USERNAME>
<DATETIME>(03/07/08 9:20:56 pm)</DATETIME>
<BODY>so u may not enjoy it then</BODY>
<COMMENT></COMMENT>
<CODING>
<VERSION>marc_00_48089.almcbride.coded.txt</VERSION>
<CATEGORY>600</CATEGORY>
<TONE>1</TONE>
</CODING>
</POST>
<POST>
<USERNAME>marc_00_48089</USERNAME>
<DATETIME>(03/07/08 9:20:58 pm)</DATETIME>
<BODY>right?</BODY>
<COMMENT></COMMENT>
<CODING>
<VERSION>marc_00_48089.almcbride.coded.txt</VERSION>
<CATEGORY>600</CATEGORY>
<TONE>2</TONE>
</CODING>
</POST>
<POST>
<USERNAME>13 yo girl</USERNAME>
<DATETIME>(03/07/08 9:21:31 pm)</DATETIME>
<BODY>i have no idea yet... but i can try it if you want :)</BODY>
<COMMENT></COMMENT>
</POST>
<POST>
<USERNAME>marc_00_48089</USERNAME>
<DATETIME>(03/07/08 9:21:47 pm)</DATETIME>
<BODY>have u fucked before</BODY>
<COMMENT></COMMENT>
<CODING>
<VERSION>marc_00_48089.almcbride.coded.txt</VERSION>
<CATEGORY>600</CATEGORY>
<TONE>2</TONE>
</CODING>
</POST>
<POST>
<USERNAME>13 yo girl</USERNAME>
<DATETIME>(03/07/08 9:21:58 pm)</DATETIME>
<BODY>nope</BODY>
<COMMENT></COMMENT>
</POST>
<POST>
<USERNAME>marc_00_48089</USERNAME>
<DATETIME>(03/07/08 9:22:35 pm)</DATETIME>
<BODY>so even that would be ur first time</BODY>
<COMMENT></COMMENT>
<CODING>
<VERSION>marc_00_48089.almcbride.coded.txt</VERSION>
<CATEGORY>600</CATEGORY>
<TONE>1</TONE>
</CODING>
</POST>
<POST>
<USERNAME>13 yo girl</USERNAME>
<DATETIME>(03/07/08 9:22:49 pm)</DATETIME>
<BODY>ya... i guess you could say that</BODY>
<COMMENT></COMMENT>
</POST>
<POST>
<USERNAME>marc_00_48089</USERNAME>
<DATETIME>(03/07/08 9:23:12 pm)</DATETIME>
<BODY>wow</BODY>
<COMMENT></COMMENT>
</POST>
<POST>
<USERNAME>13 yo girl</USERNAME>
<DATETIME>(03/07/08 9:23:34 pm)</DATETIME>
<BODY>wow what?</BODY>
<COMMENT></COMMENT>
</POST>
<POST>
<USERNAME>marc_00_48089</USERNAME>
<DATETIME>(03/07/08 9:23:46 pm)</DATETIME>
<BODY>interesting</BODY>
<COMMENT></COMMENT>
</POST>
<POST>
<USERNAME>marc_00_48089</USERNAME>
<DATETIME>(03/07/08 9:23:52 pm)</DATETIME>
<BODY>so u basically want to try tonite</BODY>
<COMMENT></COMMENT>
<CODING>
<VERSION>marc_00_48089.almcbride.coded.txt</VERSION>
<CATEGORY>600</CATEGORY>
<TONE>1</TONE>
</CODING>
</POST>
<POST>
<USERNAME>13 yo girl</USERNAME>
<DATETIME>(03/07/08 9:24:32 pm)</DATETIME>
<BODY>sure if ya want :)</BODY>
<COMMENT></COMMENT>
</POST>
<POST>
<USERNAME>marc_00_48089</USERNAME>
<DATETIME>(03/07/08 9:24:46 pm)</DATETIME>
<BODY>do u have any pic in bikini?</BODY>
<COMMENT></COMMENT>
<CODING>
<VERSION>marc_00_48089.almcbride.coded.txt</VERSION>
<CATEGORY>600</CATEGORY>
<TONE>2</TONE>
</CODING>
</POST>
<POST>
<USERNAME>13 yo girl</USERNAME>
<DATETIME>(03/07/08 9:25:25 pm)</DATETIME>
<BODY>no not yet</BODY>
<COMMENT></COMMENT>
</POST>
<POST>
<USERNAME>marc_00_48089</USERNAME>
<DATETIME>(03/07/08 9:25:32 pm)</DATETIME>
<BODY>any pic in short clothes?</BODY>
<COMMENT></COMMENT>
<CODING>
<VERSION>marc_00_48089.almcbride.coded.txt</VERSION>
<CATEGORY>600</CATEGORY>
<TONE>2</TONE>
</CODING>
</POST>
<POST>
<USERNAME>13 yo girl</USERNAME>
<DATETIME>(03/07/08 9:25:47 pm)</DATETIME>
<BODY>hmmm lemme look just a sec</BODY>
<COMMENT></COMMENT>
</POST>
<POST>
<USERNAME>marc_00_48089</USERNAME>
<DATETIME>(03/07/08 9:25:56 pm)</DATETIME>
<BODY>k</BODY>
<COMMENT></COMMENT>
</POST>
<POST>
<USERNAME>13 yo girl</USERNAME>
<DATETIME>(03/07/08 9:29:19 pm)</DATETIME>
<BODY>noooo i can't find anything that has me below the waist even</BODY>
<COMMENT></COMMENT>
</POST>
<POST>
<USERNAME>marc_00_48089</USERNAME>
<DATETIME>(03/07/08 9:29:47 pm)</DATETIME>
<BODY>do u have any pic which clearly shows ur breast</BODY>
<COMMENT></COMMENT>
<CODING>
<VERSION>marc_00_48089.almcbride.coded.txt</VERSION>
<CATEGORY>600</CATEGORY>
<TONE>2</TONE>
</CODING>
</POST>
<POST>
<USERNAME>13 yo girl</USERNAME>
<DATETIME>(03/07/08 9:30:16 pm)</DATETIME>
<BODY>just that one lack and white i sent...</BODY>
<COMMENT></COMMENT>
</POST>
<POST>
<USERNAME>marc_00_48089</USERNAME>
<DATETIME>(03/07/08 9:30:28 pm)</DATETIME>
<BODY>do u have tight body</BODY>
<COMMENT></COMMENT>
<CODING>
<VERSION>marc_00_48089.almcbride.coded.txt</VERSION>
<CATEGORY>600</CATEGORY>
<TONE>2</TONE>
</CODING>
</POST>
<POST>
<USERNAME>13 yo girl</USERNAME>
<DATETIME>(03/07/08 9:30:47 pm)</DATETIME>
<BODY>um i guess.... whats that mean?</BODY>
<COMMENT></COMMENT>
</POST>
<POST>
<USERNAME>marc_00_48089</USERNAME>
<DATETIME>(03/07/08 9:30:57 pm)</DATETIME>
<BODY>like ur not fat or anything right</BODY>
<COMMENT></COMMENT>
</POST>
<POST>
<USERNAME>13 yo girl</USERNAME>
<DATETIME>(03/07/08 9:31:13 pm)</DATETIME>
<BODY>oh noooo i am a size 3</BODY>
<COMMENT></COMMENT>
</POST>
<POST>
<USERNAME>marc_00_48089</USERNAME>
<DATETIME>(03/07/08 9:31:22 pm)</DATETIME>
<BODY>can u show me those pics again</BODY>
<COMMENT></COMMENT>
<CODING>
<VERSION>marc_00_48089.almcbride.coded.txt</VERSION>
<CATEGORY>200</CATEGORY>
<TONE>2</TONE>
</CODING>
</POST>
<POST>
<USERNAME>marc_00_48089</USERNAME>
<DATETIME>(03/07/08 9:32:20 pm)</DATETIME>
<BODY>?</BODY>
<COMMENT></COMMENT>
</POST>
<POST>
<USERNAME>13 yo girl</USERNAME>
<DATETIME>(03/07/08 9:32:43 pm)</DATETIME>
<BODY>you have to accept the photo share again</BODY>
<COMMENT></COMMENT>
</POST>
<POST>
<USERNAME>marc_00_48089</USERNAME>
<DATETIME>(03/07/08 9:32:51 pm)</DATETIME>
<BODY>send invite again</BODY>
<COMMENT></COMMENT>
</POST>
<POST>
<USERNAME>marc_00_48089</USERNAME>
<DATETIME>(03/07/08 9:34:26 pm)</DATETIME>
<BODY>watch this video</BODY>
<COMMENT></COMMENT>
</POST>
<POST>
<USERNAME>marc_00_48089</USERNAME>
<DATETIME>(03/07/08 9:34:30 pm)</DATETIME>
<BODY>will u suck like her</BODY>
<COMMENT></COMMENT>
<CODING>
<VERSION>marc_00_48089.almcbride.coded.txt</VERSION>
<CATEGORY>600</CATEGORY>
<TONE>2</TONE>
</CODING>
</POST>
<POST>
<USERNAME>marc_00_48089</USERNAME>
<DATETIME>(03/07/08 9:34:31 pm)</DATETIME>
<BODY>**porn link was sent**</BODY>
<COMMENT></COMMENT>
<CODING>
<VERSION>marc_00_48089.almcbride.coded.txt</VERSION>
<CATEGORY>600</CATEGORY>
<TONE>1</TONE>
</CODING>
</POST>
<POST>
<USERNAME>marc_00_48089</USERNAME>
<DATETIME>(03/07/08 9:35:54 pm)</DATETIME>
<BODY>r u watching</BODY>
<COMMENT></COMMENT>
<CODING>
<VERSION>marc_00_48089.almcbride.coded.txt</VERSION>
<CATEGORY>600</CATEGORY>
<TONE>2</TONE>
</CODING>
</POST>
<POST>
<USERNAME>13 yo girl</USERNAME>
<DATETIME>(03/07/08 9:36:04 pm)</DATETIME>
<BODY>trying han on</BODY>
<COMMENT></COMMENT>
</POST>
<POST>
<USERNAME>marc_00_48089</USERNAME>
<DATETIME>(03/07/08 9:36:10 pm)</DATETIME>
<BODY>k</BODY>
<COMMENT></COMMENT>
</POST>
<POST>
<USERNAME>marc_00_48089</USERNAME>
<DATETIME>(03/07/08 9:39:29 pm)</DATETIME>
<BODY>r u watching</BODY>
<COMMENT></COMMENT>
<CODING>
<VERSION>marc_00_48089.almcbride.coded.txt</VERSION>
<CATEGORY>600</CATEGORY>
<TONE>2</TONE>
</CODING>
</POST>
<POST>
<USERNAME>13 yo girl</USERNAME>
<DATETIME>(03/07/08 9:40:55 pm)</DATETIME>
<BODY>ok... is that what you want?</BODY>
<COMMENT></COMMENT>
</POST>
<POST>
<USERNAME>marc_00_48089</USERNAME>
<DATETIME>(03/07/08 9:41:08 pm)</DATETIME>
<BODY>did u like</BODY>
<COMMENT></COMMENT>
<CODING>
<VERSION>marc_00_48089.almcbride.coded.txt</VERSION>
<CATEGORY>600</CATEGORY>
<TONE>2</TONE>
</CODING>
</POST>
<POST>
<USERNAME>13 yo girl</USERNAME>
<DATETIME>(03/07/08 9:41:25 pm)</DATETIME>
<BODY>it was interestin</BODY>
<COMMENT></COMMENT>
</POST>
<POST>
<USERNAME>13 yo girl</USERNAME>
<DATETIME>(03/07/08 9:41:30 pm)</DATETIME>
<BODY>g</BODY>
<COMMENT></COMMENT>
</POST>
<POST>
<USERNAME>marc_00_48089</USERNAME>
<DATETIME>(03/07/08 9:41:39 pm)</DATETIME>
<BODY>did u get wet</BODY>
<COMMENT></COMMENT>
<CODING>
<VERSION>marc_00_48089.almcbride.coded.txt</VERSION>
<CATEGORY>600</CATEGORY>
<TONE>2</TONE>
</CODING>
</POST>
<POST>
<USERNAME>13 yo girl</USERNAME>
<DATETIME>(03/07/08 9:42:24 pm)</DATETIME>
<BODY>i just felt weird.... but i've never watched that stuff before</BODY>
<COMMENT></COMMENT>
</POST>
<POST>
<USERNAME>marc_00_48089</USERNAME>
<DATETIME>(03/07/08 9:43:12 pm)</DATETIME>
<BODY>i c thats fine if u didnt like</BODY>
<COMMENT></COMMENT>
<CODING>
<VERSION>marc_00_48089.almcbride.coded.txt</VERSION>
<CATEGORY>600</CATEGORY>
<TONE>31</TONE>
</CODING>
</POST>
<POST>
<USERNAME>13 yo girl</USERNAME>
<DATETIME>(03/07/08 9:44:39 pm)</DATETIME>
<BODY>so are you just messing with me?</BODY>
<COMMENT></COMMENT>
</POST>
<POST>
<USERNAME>marc_00_48089</USERNAME>
<DATETIME>(03/07/08 9:45:09 pm)</DATETIME>
<BODY>what u mean</BODY>
<COMMENT></COMMENT>
</POST>
<POST>
<USERNAME>13 yo girl</USERNAME>
<DATETIME>(03/07/08 9:45:40 pm)</DATETIME>
<BODY>well you said you were gonna take a shower and come over and that was 45 min ago...</BODY>
<COMMENT></COMMENT>
</POST>
<POST>
<USERNAME>marc_00_48089</USERNAME>
<DATETIME>(03/07/08 9:46:00 pm)</DATETIME>
<BODY>we kept talking though</BODY>
<COMMENT></COMMENT>
</POST>
<POST>
<USERNAME>13 yo girl</USERNAME>
<DATETIME>(03/07/08 9:46:33 pm)</DATETIME>
<BODY>yeah...but we can talk later too</BODY>
<COMMENT></COMMENT>
</POST>
<POST>
<USERNAME>marc_00_48089</USERNAME>
<DATETIME>(03/07/08 9:47:30 pm)</DATETIME>
<BODY>do u have nice ass</BODY>
<COMMENT></COMMENT>
<CODING>
<VERSION>marc_00_48089.almcbride.coded.txt</VERSION>
<CATEGORY>600</CATEGORY>
<TONE>2</TONE>
</CODING>
</POST>
<POST>
<USERNAME>13 yo girl</USERNAME>
<DATETIME>(03/07/08 9:48:15 pm)</DATETIME>
<BODY>i guess... i don't look at it much</BODY>
<COMMENT></COMMENT>
</POST>
<POST>
<USERNAME>marc_00_48089</USERNAME>
<DATETIME>(03/07/08 9:48:55 pm)</DATETIME>
<BODY>will u suck me good</BODY>
<COMMENT></COMMENT>
<CODING>
<VERSION>marc_00_48089.almcbride.coded.txt</VERSION>
<CATEGORY>600</CATEGORY>
<TONE>2</TONE>
</CODING>
</POST>
<POST>
<USERNAME>13 yo girl</USERNAME>
<DATETIME>(03/07/08 9:49:04 pm)</DATETIME>
<BODY>if you want me too</BODY>
<COMMENT></COMMENT>
</POST>
<POST>
<USERNAME>marc_00_48089</USERNAME>
<DATETIME>(03/07/08 9:49:20 pm)</DATETIME>
<BODY>u like callin names when having sex</BODY>
<COMMENT></COMMENT>
<CODING>
<VERSION>marc_00_48089.almcbride.coded.txt</VERSION>
<CATEGORY>600</CATEGORY>
<TONE>2</TONE>
</CODING>
</POST>
<POST>
<USERNAME>13 yo girl</USERNAME>
<DATETIME>(03/07/08 9:49:35 pm)</DATETIME>
<BODY>i don't know... never have</BODY>
<COMMENT></COMMENT>
</POST>
<POST>
<USERNAME>marc_00_48089</USERNAME>
<DATETIME>(03/07/08 9:50:21 pm)</DATETIME>
<BODY>what if i call u names</BODY>
<COMMENT></COMMENT>
<CODING>
<VERSION>marc_00_48089.almcbride.coded.txt</VERSION>
<CATEGORY>600</CATEGORY>
<TONE>2</TONE>
</CODING>
</POST>
<POST>
<USERNAME>13 yo girl</USERNAME>
<DATETIME>(03/07/08 9:50:46 pm)</DATETIME>
<BODY>no problem</BODY>
<COMMENT></COMMENT>
</POST>
<POST>
<USERNAME>marc_00_48089</USERNAME>
<DATETIME>(03/07/08 9:51:48 pm)</DATETIME>
<BODY>let me take shower and i will im u</BODY>
<COMMENT></COMMENT>
</POST>
<POST>
<USERNAME>marc_00_48089</USERNAME>
<DATETIME>(03/07/08 9:51:53 pm)</DATETIME>
<BODY>u can get ready if u want</BODY>
<COMMENT></COMMENT>
</POST>
<POST>
<USERNAME>13 yo girl</USERNAME>
<DATETIME>(03/07/08 9:52:26 pm)</DATETIME>
<BODY>ok.... you wanna give me your number and i can call you?</BODY>
<COMMENT></COMMENT>
</POST>
<POST>
<USERNAME>marc_00_48089</USERNAME>
<DATETIME>(03/07/08 9:52:51 pm)</DATETIME>
<BODY>yes but i will be back in 15 min after gettin ready and will im u</BODY>
<COMMENT></COMMENT>
</POST>
<POST>
<USERNAME>13 yo girl</USERNAME>
<DATETIME>(03/07/08 9:53:05 pm)</DATETIME>
<BODY>ok... talk to you in 15</BODY>
<COMMENT></COMMENT>
</POST>
<POST>
<USERNAME>marc_00_48089</USERNAME>
<DATETIME>(03/07/08 9:53:09 pm)</DATETIME>
<BODY>k</BODY>
<COMMENT></COMMENT>
</POST>
<POST>
<USERNAME>marc_00_48089</USERNAME>
<DATETIME>(03/07/08 10:18:11 pm)</DATETIME>
<BODY>u there</BODY>
<COMMENT></COMMENT>
</POST>
<POST>
<USERNAME>13 yo girl</USERNAME>
<DATETIME>(03/07/08 10:18:23 pm)</DATETIME>
<BODY>yeah</BODY>
<COMMENT></COMMENT>
</POST>
<POST>
<USERNAME>13 yo girl</USERNAME>
<DATETIME>(03/07/08 10:18:24 pm)</DATETIME>
<BODY>:)</BODY>
<COMMENT></COMMENT>
</POST>
<POST>
<USERNAME>marc_00_48089</USERNAME>
<DATETIME>(03/07/08 10:18:41 pm)</DATETIME>
<BODY>so hey r u really looking forward for some fun</BODY>
<COMMENT></COMMENT>
<CODING>
<VERSION>marc_00_48089.almcbride.coded.txt</VERSION>
<CATEGORY>600</CATEGORY>
<TONE>1</TONE>
</CODING>
</POST>
<POST>
<USERNAME>13 yo girl</USERNAME>
<DATETIME>(03/07/08 10:18:51 pm)</DATETIME>
<BODY>yeah i think it will be</BODY>
<COMMENT></COMMENT>
</POST>
<POST>
<USERNAME>marc_00_48089</USERNAME>
<DATETIME>(03/07/08 10:18:59 pm)</DATETIME>
<BODY>u think?</BODY>
<COMMENT></COMMENT>
</POST>
<POST>
<USERNAME>13 yo girl</USERNAME>
<DATETIME>(03/07/08 10:19:30 pm)</DATETIME>
<BODY>well i don't know you alot so i can't know for sure right ?</BODY>
<COMMENT></COMMENT>
</POST>
<POST>
<USERNAME>13 yo girl</USERNAME>
<DATETIME>(03/07/08 10:19:37 pm)</DATETIME>
<BODY>lol</BODY>
<COMMENT></COMMENT>
</POST>
<POST>
<USERNAME>marc_00_48089</USERNAME>
<DATETIME>(03/07/08 10:20:36 pm)</DATETIME>
<BODY>hey r u beautiful or cute in real life</BODY>
<COMMENT></COMMENT>
</POST>
<POST>
<USERNAME>marc_00_48089</USERNAME>
<DATETIME>(03/07/08 10:20:40 pm)</DATETIME>
<BODY>curious</BODY>
<COMMENT></COMMENT>
</POST>
<POST>
<USERNAME>13 yo girl</USERNAME>
<DATETIME>(03/07/08 10:21:05 pm)</DATETIME>
<BODY>i guess that depends on what you concider beatiful or cute</BODY>
<COMMENT></COMMENT>
</POST>
<POST>
<USERNAME>13 yo girl</USERNAME>
<DATETIME>(03/07/08 10:21:12 pm)</DATETIME>
<BODY>i look like the pics</BODY>
<COMMENT></COMMENT>
</POST>
<POST>
<USERNAME>marc_00_48089</USERNAME>
<DATETIME>(03/07/08 10:21:52 pm)</DATETIME>
<BODY>but i mean do guys hit on u a lot</BODY>
<COMMENT></COMMENT>
</POST>
<POST>
<USERNAME>13 yo girl</USERNAME>
<DATETIME>(03/07/08 10:22:00 pm)</DATETIME>
<BODY>yeah...</BODY>
<COMMENT></COMMENT>
</POST>
<POST>
<USERNAME>13 yo girl</USERNAME>
<DATETIME>(03/07/08 10:22:04 pm)</DATETIME>
<BODY>alot</BODY>
<COMMENT></COMMENT>
</POST>
<POST>
<USERNAME>marc_00_48089</USERNAME>
<DATETIME>(03/07/08 10:22:19 pm)</DATETIME>
<BODY>lol</BODY>
<COMMENT></COMMENT>
</POST>
<POST>
<USERNAME>marc_00_48089</USERNAME>
<DATETIME>(03/07/08 10:22:24 pm)</DATETIME>
<BODY>i am starting now</BODY>
<COMMENT></COMMENT>
<CODING>
<VERSION>marc_00_48089.almcbride.coded.txt</VERSION>
<CATEGORY>900</CATEGORY>
<TONE>1</TONE>
</CODING>
</POST>
<POST>
<USERNAME>13 yo girl</USERNAME>
<DATETIME>(03/07/08 10:22:41 pm)</DATETIME>
<BODY>kk.... do you want me to call while you are driving?</BODY>
<COMMENT></COMMENT>
</POST>
<POST>
<USERNAME>marc_00_48089</USERNAME>
<DATETIME>(03/07/08 10:22:54 pm)</DATETIME>
<BODY>will u be able to talk for long?</BODY>
<COMMENT></COMMENT>
<CODING>
<VERSION>marc_00_48089.almcbride.coded.txt</VERSION>
<CATEGORY>900</CATEGORY>
<TONE>2</TONE>
</CODING>
</POST>
<POST>
<USERNAME>marc_00_48089</USERNAME>
<DATETIME>(03/07/08 10:22:57 pm)</DATETIME>
<BODY>when u call</BODY>
<COMMENT></COMMENT>
<CODING>
<VERSION>marc_00_48089.almcbride.coded.txt</VERSION>
<CATEGORY>900</CATEGORY>
<TONE>1</TONE>
</CODING>
</POST>
<POST>
<USERNAME>13 yo girl</USERNAME>
<DATETIME>(03/07/08 10:23:05 pm)</DATETIME>
<BODY>for a few</BODY>
<COMMENT></COMMENT>
</POST>
<POST>
<USERNAME>marc_00_48089</USERNAME>
<DATETIME>(03/07/08 10:23:34 pm)</DATETIME>
<BODY>did u find ur card</BODY>
<COMMENT></COMMENT>
</POST>
<POST>
<USERNAME>13 yo girl</USERNAME>
<DATETIME>(03/07/08 10:23:59 pm)</DATETIME>
<BODY>yep... it toolk alot of moving stuff all over</BODY>
<COMMENT></COMMENT>
</POST>
<POST>
<USERNAME>13 yo girl</USERNAME>
<DATETIME>(03/07/08 10:24:11 pm)</DATETIME>
<BODY>but yep i did,,,lol</BODY>
<COMMENT></COMMENT>
</POST>
<POST>
<USERNAME>marc_00_48089</USERNAME>
<DATETIME>(03/07/08 10:24:35 pm)</DATETIME>
<BODY>so ur aunt dont know u have calling card?</BODY>
<COMMENT></COMMENT>
</POST>
<POST>
<USERNAME>13 yo girl</USERNAME>
<DATETIME>(03/07/08 10:25:00 pm)</DATETIME>
<BODY>noo i bouht it when i went to the mall one day</BODY>
<COMMENT></COMMENT>
</POST>
<POST>
<USERNAME>marc_00_48089</USERNAME>
<DATETIME>(03/07/08 10:25:27 pm)</DATETIME>
<BODY>and u call guys with it?</BODY>
<COMMENT></COMMENT>
</POST>
<POST>
<USERNAME>13 yo girl</USERNAME>
<DATETIME>(03/07/08 10:26:15 pm)</DATETIME>
<BODY>well i wanted to call my bf that i had then... but then he broke up with me.. so i have never used it</BODY>
<COMMENT></COMMENT>
</POST>
<POST>
<USERNAME>marc_00_48089</USERNAME>
<DATETIME>(03/07/08 10:26:56 pm)</DATETIME>
<BODY>oh ic, so hey which street is the closest to ur house</BODY>
<COMMENT></COMMENT>
<CODING>
<VERSION>marc_00_48089.almcbride.coded.txt</VERSION>
<CATEGORY>900</CATEGORY>
<TONE>32</TONE>
</CODING>
</POST>
<POST>
<USERNAME>13 yo girl</USERNAME>
<DATETIME>(03/07/08 10:28:07 pm)</DATETIME>
<BODY>what street do you mean ... like the major pnes?</BODY>
<COMMENT></COMMENT>
</POST>
<POST>
<USERNAME>marc_00_48089</USERNAME>
<DATETIME>(03/07/08 10:29:06 pm)</DATETIME>
<BODY>the immediate close street to ur house</BODY>
<COMMENT></COMMENT>
<CODING>
<VERSION>marc_00_48089.almcbride.coded.txt</VERSION>
<CATEGORY>900</CATEGORY>
<TONE>3</TONE>
</CODING>
</POST>
<POST>
<USERNAME>marc_00_48089</USERNAME>
<DATETIME>(03/07/08 10:29:12 pm)</DATETIME>
<BODY>like before *house rd*</BODY>
<COMMENT></COMMENT>
<CODING>
<VERSION>marc_00_48089.almcbride.coded.txt</VERSION>
<CATEGORY>900</CATEGORY>
<TONE>2</TONE>
</CODING>
</POST>
<POST>
<USERNAME>13 yo girl</USERNAME>
<DATETIME>(03/07/08 10:29:42 pm)</DATETIME>
<BODY>theres *side* rd</BODY>
<COMMENT></COMMENT>
</POST>
<POST>
<USERNAME>13 yo girl</USERNAME>
<DATETIME>(03/07/08 10:30:24 pm)</DATETIME>
<BODY>or *side* somthing rd</BODY>
<COMMENT></COMMENT>
</POST>
<POST>
<USERNAME>13 yo girl</USERNAME>
<DATETIME>(03/07/08 10:30:37 pm)</DATETIME>
<BODY>i cant rmemebr the name</BODY>
<COMMENT></COMMENT>
</POST>
<POST>
<USERNAME>marc_00_48089</USERNAME>
<DATETIME>(03/07/08 10:30:39 pm)</DATETIME>
<BODY>is *main rd* anywhere close?</BODY>
<COMMENT></COMMENT>
<CODING>
<VERSION>marc_00_48089.almcbride.coded.txt</VERSION>
<CATEGORY>900</CATEGORY>
<TONE>2</TONE>
</CODING>
</POST>
<POST>
<USERNAME>13 yo girl</USERNAME>
<DATETIME>(03/07/08 10:30:49 pm)</DATETIME>
<BODY>yeah... a few streets down</BODY>
<COMMENT></COMMENT>
</POST>
<POST>
<USERNAME>13 yo girl</USERNAME>
<DATETIME>(03/07/08 10:30:56 pm)</DATETIME>
<BODY>so is ecorse</BODY>
<COMMENT></COMMENT>
</POST>
<POST>
<USERNAME>marc_00_48089</USERNAME>
<DATETIME>(03/07/08 10:31:38 pm)</DATETIME>
<BODY>is *side* there too</BODY>
<COMMENT></COMMENT>
<CODING>
<VERSION>marc_00_48089.almcbride.coded.txt</VERSION>
<CATEGORY>900</CATEGORY>
<TONE>2</TONE>
</CODING>
</POST>
<POST>
<USERNAME>marc_00_48089</USERNAME>
<DATETIME>(03/07/08 10:31:42 pm)</DATETIME>
<BODY>*side* rd?</BODY>
<COMMENT></COMMENT>
<CODING>
<VERSION>marc_00_48089.almcbride.coded.txt</VERSION>
<CATEGORY>900</CATEGORY>
<TONE>2</TONE>
</CODING>
</POST>
<POST>
<USERNAME>13 yo girl</USERNAME>
<DATETIME>(03/07/08 10:32:04 pm)</DATETIME>
<BODY>yeah that's closer than *main rd*... i can walk to that one</BODY>
<COMMENT></COMMENT>
</POST>
<POST>
<USERNAME>marc_00_48089</USERNAME>
<DATETIME>(03/07/08 10:32:46 pm)</DATETIME>
<BODY>so how about if we do this, call me in exactly 50 min and maybe meet me near *main rd* and *main rd* is that cool?</BODY>
<COMMENT></COMMENT>
<CODING>
<VERSION>marc_00_48089.almcbride.coded.txt</VERSION>
<CATEGORY>900</CATEGORY>
<TONE>4</TONE>
</CODING>
</POST>
<POST>
<USERNAME>13 yo girl</USERNAME>
<DATETIME>(03/07/08 10:33:32 pm)</DATETIME>
<BODY>i gotta walk in the dark???</BODY>
<COMMENT></COMMENT>
</POST>
<POST>
<USERNAME>13 yo girl</USERNAME>
<DATETIME>(03/07/08 10:33:35 pm)</DATETIME>
<BODY>no way</BODY>
<COMMENT></COMMENT>
</POST>
<POST>
<USERNAME>13 yo girl</USERNAME>
<DATETIME>(03/07/08 10:33:40 pm)</DATETIME>
<BODY>it's tooo cold out</BODY>
<COMMENT></COMMENT>
</POST>
<POST>
<USERNAME>marc_00_48089</USERNAME>
<DATETIME>(03/07/08 10:33:52 pm)</DATETIME>
<BODY>oh ok is it too quite near ur house?</BODY>
<COMMENT></COMMENT>
</POST>
<POST>
<USERNAME>marc_00_48089</USERNAME>
<DATETIME>(03/07/08 10:33:57 pm)</DATETIME>
<BODY>like at this time</BODY>
<COMMENT></COMMENT>
</POST>
<POST>
<USERNAME>13 yo girl</USERNAME>
<DATETIME>(03/07/08 10:34:40 pm)</DATETIME>
<BODY>what do you mean</BODY>
<COMMENT></COMMENT>
</POST>
<POST>
<USERNAME>marc_00_48089</USERNAME>
<DATETIME>(03/07/08 10:34:55 pm)</DATETIME>
<BODY>i mean at this is it too quiet around ur house, not much traffice or something?</BODY>
<COMMENT></COMMENT>
</POST>
<POST>
<USERNAME>13 yo girl</USERNAME>
<DATETIME>(03/07/08 10:35:53 pm)</DATETIME>
<BODY>oh we are in a like group of houses but there's alot of them.. we get cars throuh here though</BODY>
<COMMENT></COMMENT>
</POST>
<POST>
<USERNAME>13 yo girl</USERNAME>
<DATETIME>(03/07/08 10:35:59 pm)</DATETIME>
<BODY>is that what you mean</BODY>
<COMMENT></COMMENT>
</POST>
<POST>
<USERNAME>marc_00_48089</USERNAME>
<DATETIME>(03/07/08 10:36:18 pm)</DATETIME>
<BODY>yes and i was asking that will ppl watch u come out of the house, i dont want u to get in trouble</BODY>
<COMMENT></COMMENT>
<CODING>
<VERSION>marc_00_48089.almcbride.coded.txt</VERSION>
<CATEGORY>900</CATEGORY>
<TONE>32</TONE>
</CODING>
</POST>
<POST>
<USERNAME>13 yo girl</USERNAME>
<DATETIME>(03/07/08 10:36:57 pm)</DATETIME>
<BODY>ohhhh no.. the neighbors don't really talk to us or anything,,</BODY>
<COMMENT></COMMENT>
</POST>
<POST>
<USERNAME>marc_00_48089</USERNAME>
<DATETIME>(03/07/08 10:37:18 pm)</DATETIME>
<BODY>ok what will u have under ur hoodie</BODY>
<COMMENT></COMMENT>
<CODING>
<VERSION>marc_00_48089.almcbride.coded.txt</VERSION>
<CATEGORY>600</CATEGORY>
<TONE>2</TONE>
</CODING>
</POST>
<POST>
<USERNAME>marc_00_48089</USERNAME>
<DATETIME>(03/07/08 10:37:22 pm)</DATETIME>
<BODY>u said u will wear hoodie</BODY>
<COMMENT></COMMENT>
</POST>
<POST>
<USERNAME>13 yo girl</USERNAME>
<DATETIME>(03/07/08 10:37:48 pm)</DATETIME>
<BODY>yep :)</BODY>
<COMMENT></COMMENT>
</POST>
<POST>
<USERNAME>13 yo girl</USERNAME>
<DATETIME>(03/07/08 10:37:52 pm)</DATETIME>
<BODY>it's black</BODY>
<COMMENT></COMMENT>
</POST>
<POST>
<USERNAME>marc_00_48089</USERNAME>
<DATETIME>(03/07/08 10:38:06 pm)</DATETIME>
<BODY>so what will u wear under ur hoodie</BODY>
<COMMENT></COMMENT>
<CODING>
<VERSION>marc_00_48089.almcbride.coded.txt</VERSION>
<CATEGORY>600</CATEGORY>
<TONE>2</TONE>
</CODING>
</POST>
<POST>
<USERNAME>13 yo girl</USERNAME>
<DATETIME>(03/07/08 10:38:32 pm)</DATETIME>
<BODY>don't know .. you can tell me that later ..lol</BODY>
<COMMENT></COMMENT>
</POST>
<POST>
<USERNAME>marc_00_48089</USERNAME>
<DATETIME>(03/07/08 10:39:19 pm)</DATETIME>
<BODY>ic and hope it is not a crime place or anything right, u know how in some place cops cars are out on the weekend and way too many of those</BODY>
<COMMENT></COMMENT>
<CODING>
<VERSION>marc_00_48089.almcbride.coded.txt</VERSION>
<CATEGORY>900</CATEGORY>
<TONE>1</TONE>
</CODING>
</POST>
<POST>
<USERNAME>13 yo girl</USERNAME>
<DATETIME>(03/07/08 10:39:37 pm)</DATETIME>
<BODY>what?</BODY>
<COMMENT></COMMENT>
</POST>
<POST>
<USERNAME>marc_00_48089</USERNAME>
<DATETIME>(03/07/08 10:40:11 pm)</DATETIME>
<BODY>you know like in detroit and places like such, there are many cops on the road waiting for drunk drivers and all, that way is your place safe</BODY>
<COMMENT></COMMENT>
</POST>
<POST>
<USERNAME>13 yo girl</USERNAME>
<DATETIME>(03/07/08 10:40:40 pm)</DATETIME>
<BODY>oh yeah we don't have that around here</BODY>
<COMMENT></COMMENT>
</POST>
<POST>
<USERNAME>13 yo girl</USERNAME>
<DATETIME>(03/07/08 10:40:54 pm)</DATETIME>
<BODY>we're not on those main roads</BODY>
<COMMENT></COMMENT>
</POST>
<POST>
<USERNAME>marc_00_48089</USERNAME>
<DATETIME>(03/07/08 10:41:07 pm)</DATETIME>
<BODY>ic</BODY>
<COMMENT></COMMENT>
</POST>
<POST>
<USERNAME>13 yo girl</USERNAME>
<DATETIME>(03/07/08 10:41:28 pm)</DATETIME>
<BODY>my house is a 2 story house... it has brick on the bottom and it is tan on top</BODY>
<COMMENT></COMMENT>
</POST>
<POST>
<USERNAME>marc_00_48089</USERNAME>
<DATETIME>(03/07/08 10:41:56 pm)</DATETIME>
<BODY>do u wear cologne on a date</BODY>
<COMMENT></COMMENT>
</POST>
<POST>
<USERNAME>13 yo girl</USERNAME>
<DATETIME>(03/07/08 10:42:09 pm)</DATETIME>
<BODY>no</BODY>
<COMMENT></COMMENT>
</POST>
<POST>
<USERNAME>13 yo girl</USERNAME>
<DATETIME>(03/07/08 10:42:17 pm)</DATETIME>
<BODY>i have lotion</BODY>
<COMMENT></COMMENT>
</POST>
<POST>
<USERNAME>marc_00_48089</USERNAME>
<DATETIME>(03/07/08 10:42:33 pm)</DATETIME>
<BODY>smells good? :)</BODY>
<COMMENT></COMMENT>
</POST>
<POST>
<USERNAME>13 yo girl</USERNAME>
<DATETIME>(03/07/08 10:42:38 pm)</DATETIME>
<BODY>i like it :)</BODY>
<COMMENT></COMMENT>
</POST>
<POST>
<USERNAME>marc_00_48089</USERNAME>
<DATETIME>(03/07/08 10:42:48 pm)</DATETIME>
<BODY>r ur armpits shaved?</BODY>
<COMMENT></COMMENT>
</POST>
<POST>
<USERNAME>13 yo girl</USERNAME>
<DATETIME>(03/07/08 10:42:54 pm)</DATETIME>
<BODY>uhhh yeah</BODY>
<COMMENT></COMMENT>
</POST>
<POST>
<USERNAME>13 yo girl</USERNAME>
<DATETIME>(03/07/08 10:42:58 pm)</DATETIME>
<BODY>that would be ross</BODY>
<COMMENT></COMMENT>
</POST>
<POST>
<USERNAME>marc_00_48089</USERNAME>
<DATETIME>(03/07/08 10:43:05 pm)</DATETIME>
<BODY>and pussy?</BODY>
<COMMENT></COMMENT>
<CODING>
<VERSION>marc_00_48089.almcbride.coded.txt</VERSION>
<CATEGORY>600</CATEGORY>
<TONE>2</TONE>
</CODING>
</POST>
<POST>
<USERNAME>marc_00_48089</USERNAME>
<DATETIME>(03/07/08 10:43:14 pm)</DATETIME>
<BODY>:)</BODY>
<COMMENT></COMMENT>
<CODING>
<VERSION>marc_00_48089.almcbride.coded.txt</VERSION>
<CATEGORY></CATEGORY>
<TONE>6</TONE>
</CODING>
</POST>
<POST>
<USERNAME>13 yo girl</USERNAME>
<DATETIME>(03/07/08 10:43:36 pm)</DATETIME>
<BODY>nooo that itches..lol</BODY>
<COMMENT></COMMENT>
</POST>
<POST>
<USERNAME>marc_00_48089</USERNAME>
<DATETIME>(03/07/08 10:43:48 pm)</DATETIME>
<BODY>lol</BODY>
<COMMENT></COMMENT>
</POST>
<POST>
<USERNAME>marc_00_48089</USERNAME>
<DATETIME>(03/07/08 10:44:01 pm)</DATETIME>
<BODY>ok i am leaving</BODY>
<COMMENT></COMMENT>
<CODING>
<VERSION>marc_00_48089.almcbride.coded.txt</VERSION>
<CATEGORY>900</CATEGORY>
<TONE>1</TONE>
</CODING>
</POST>
<POST>
<USERNAME>13 yo girl</USERNAME>
<DATETIME>(03/07/08 10:44:22 pm)</DATETIME>
<BODY>so you're number</BODY>
<COMMENT></COMMENT>
</POST>
<POST>
<USERNAME>marc_00_48089</USERNAME>
<DATETIME>(03/07/08 10:44:36 pm)</DATETIME>
<BODY>248-249-0170</BODY>
<COMMENT></COMMENT>
<CODING>
<VERSION>marc_00_48089.almcbride.coded.txt</VERSION>
<CATEGORY>900</CATEGORY>
<TONE>3</TONE>
</CODING>
</POST>
<POST>
<USERNAME>13 yo girl</USERNAME>
<DATETIME>(03/07/08 10:44:58 pm)</DATETIME>
<BODY>ok.. call you in 50 min right?</BODY>
<COMMENT></COMMENT>
</POST>
<POST>
<USERNAME>marc_00_48089</USERNAME>
<DATETIME>(03/07/08 10:45:04 pm)</DATETIME>
<BODY>yes</BODY>
<COMMENT></COMMENT>
</POST>
<POST>
<USERNAME>13 yo girl</USERNAME>
<DATETIME>(03/07/08 10:45:16 pm)</DATETIME>
<BODY>ok... i'm really excited :)</BODY>
<COMMENT></COMMENT>
</POST>
<POST>
<USERNAME>13 yo girl</USERNAME>
<DATETIME>(03/07/08 10:45:22 pm)</DATETIME>
<BODY>well nervouse</BODY>
<COMMENT></COMMENT>
</POST>
<POST>
<USERNAME>marc_00_48089</USERNAME>
<DATETIME>(03/07/08 10:45:24 pm)</DATETIME>
<BODY>me too</BODY>
<COMMENT></COMMENT>
</POST>
<POST>
<USERNAME>marc_00_48089</USERNAME>
<DATETIME>(03/07/08 10:45:27 pm)</DATETIME>
<BODY>dont be</BODY>
<COMMENT></COMMENT>
</POST>
<POST>
<USERNAME>marc_00_48089</USERNAME>
<DATETIME>(03/07/08 10:45:29 pm)</DATETIME>
<BODY>we both are cool</BODY>
<COMMENT></COMMENT>
</POST>
<POST>
<USERNAME>13 yo girl</USERNAME>
<DATETIME>(03/07/08 10:45:35 pm)</DATETIME>
<BODY>true :d</BODY>
<COMMENT></COMMENT>
</POST>
<POST>
<USERNAME>13 yo girl</USERNAME>
<DATETIME>(03/07/08 10:45:47 pm)</DATETIME>
<BODY>ok.. well i will see you in about an hour</BODY>
<COMMENT></COMMENT>
</POST>
<POST>
<USERNAME>marc_00_48089</USERNAME>
<DATETIME>(03/07/08 10:45:53 pm)</DATETIME>
<BODY>ok dear</BODY>
<COMMENT></COMMENT>
</POST>
<POST>
<USERNAME>marc_00_48089</USERNAME>
<DATETIME>(03/07/08 10:45:55 pm)</DATETIME>
<BODY>leaving now</BODY>
<COMMENT></COMMENT>
<CODING>
<VERSION>marc_00_48089.almcbride.coded.txt</VERSION>
<CATEGORY>900</CATEGORY>
<TONE>1</TONE>
</CODING>
</POST>
<POST>
<USERNAME>marc_00_48089</USERNAME>
<DATETIME>(03/07/08 10:45:56 pm)</DATETIME>
<BODY>bye</BODY>
<COMMENT></COMMENT>
</POST>
<POST>
<USERNAME>marc_00_48089</USERNAME>
<DATETIME>(03/07/08 10:45:57 pm)</DATETIME>
<BODY>cu</BODY>
<COMMENT></COMMENT>
</POST>
<POST>
<USERNAME>13 yo girl</USERNAME>
<DATETIME>(03/07/08 10:46:01 pm)</DATETIME>
<BODY>byyeeee</BODY>
<COMMENT></COMMENT>
</POST>
</CHATLOG>