<!DOCTYPE CHATLOG SYSTEM 'chatlog.dtd'>
<CHATLOG>
<PREDATOR>
<FIRSTNAME>Robert</FIRSTNAME>
<LASTNAME>Lyons</LASTNAME>
<STATEDNAME>Kevin</STATEDNAME>
<STATEDAGE>28</STATEDAGE>
<AGE>69</AGE>
<GENDER>Male</GENDER>
<RACE>White</RACE>
<CITY>Ontario</CITY>
<STATE>CA</STATE>
<REPEATOFFENDER>true</REPEATOFFENDER>
<ADMITGUILT>true</ADMITGUILT>
<TRUTHFULNAME>false</TRUTHFULNAME>
<SCREENNAME>
<USERNAME>pavlov1234</USERNAME>
<HOST></HOST>
</SCREENNAME>
</PREDATOR>
<VICTIM>
<FIRSTNAME>Jay</FIRSTNAME>
<LASTNAME>Alternative</LASTNAME>
<STATEDNAME>David</STATEDNAME>
<STATEDAGE>13</STATEDAGE>
<GENDER>Male</GENDER>
<RACE></RACE>
<CITY>Riverside</CITY>
<STATE>CA</STATE>
<PREVIOUSVICTIMIZATION>false</PREVIOUSVICTIMIZATION>
<ADMITGUILT>false</ADMITGUILT>
<SCREENNAME>
<USERNAME>david 91752</USERNAME>
<HOST></HOST>
</SCREENNAME>
</VICTIM>
<CODINGVERSION>
<NAME>Pavlov1234.emjakubowski.coded.txt</NAME>
<CODER>emjakubowski</CODER>
</CODINGVERSION>
<POST>
<USERNAME></USERNAME>
<DATETIME></DATETIME>
<BODY>12/17/05 est</BODY>
<COMMENT></COMMENT>
</POST>
<POST>
<USERNAME>pavlov1234</USERNAME>
<DATETIME>[3:31 pm]</DATETIME>
<BODY>u down 4 getin hed? im me if u is---$$$---:-p</BODY>
<COMMENT></COMMENT>
<CODING>
<VERSION>Pavlov1234.emjakubowski.coded.txt</VERSION>
<CATEGORY>600</CATEGORY>
<TONE>21</TONE>
</CODING>
</POST>
<POST>
<USERNAME>david 91752</USERNAME>
<DATETIME>[3:32 pm]</DATETIME>
<BODY>i wanna boyf</BODY>
<COMMENT></COMMENT>
</POST>
<POST>
<USERNAME>pavlov1234</USERNAME>
<DATETIME>[3:32 pm]</DATETIME>
<BODY>coo-me2--:-p</BODY>
<COMMENT></COMMENT>
<CODING>
<VERSION>Pavlov1234.emjakubowski.coded.txt</VERSION>
<CATEGORY>200</CATEGORY>
<TONE>3</TONE>
</CODING>
</POST>
<POST>
<USERNAME>david 91752</USERNAME>
<DATETIME>[3:32 pm]</DATETIME>
<BODY>how old ru?</BODY>
<COMMENT></COMMENT>
</POST>
<POST>
<USERNAME>pavlov1234</USERNAME>
<DATETIME>[3:33 pm]</DATETIME>
<BODY>28</BODY>
<COMMENT></COMMENT>
<CODING>
<VERSION>Pavlov1234.emjakubowski.coded.txt</VERSION>
<CATEGORY>200</CATEGORY>
<TONE>3</TONE>
</CODING>
</POST>
<POST>
<USERNAME>david 91752</USERNAME>
<DATETIME>[3:33 pm]</DATETIME>
<BODY><----13 riverside</BODY>
<COMMENT></COMMENT>
</POST>
<POST>
<USERNAME>david 91752</USERNAME>
<DATETIME>[3:33 pm]</DATETIME>
<BODY>where u?</BODY>
<COMMENT></COMMENT>
</POST>
<POST>
<USERNAME>pavlov1234</USERNAME>
<DATETIME>[3:33 pm]</DATETIME>
<BODY>ontario</BODY>
<COMMENT></COMMENT>
<CODING>
<VERSION>Pavlov1234.emjakubowski.coded.txt</VERSION>
<CATEGORY>200</CATEGORY>
<TONE>3</TONE>
</CODING>
</POST>
<POST>
<USERNAME>david 91752</USERNAME>
<DATETIME>[3:33 pm]</DATETIME>
<BODY>that far?</BODY>
<COMMENT></COMMENT>
</POST>
<POST>
<USERNAME>pavlov1234</USERNAME>
<DATETIME>[3:33 pm]</DATETIME>
<BODY>mmmm nah</BODY>
<COMMENT></COMMENT>
</POST>
<POST>
<USERNAME>david 91752</USERNAME>
<DATETIME>[3:33 pm]</DATETIME>
<BODY>what does $$$ mean?</BODY>
<COMMENT></COMMENT>
</POST>
<POST>
<USERNAME>pavlov1234</USERNAME>
<DATETIME>[3:34 pm]</DATETIME>
<BODY>o it means i give $$ to blo</BODY>
<COMMENT></COMMENT>
<CODING>
<VERSION>Pavlov1234.emjakubowski.coded.txt</VERSION>
<CATEGORY>600</CATEGORY>
<TONE>3</TONE>
</CODING>
</POST>
<POST>
<USERNAME>david 91752</USERNAME>
<DATETIME>[3:34 pm]</DATETIME>
<BODY>pay?</BODY>
<COMMENT></COMMENT>
</POST>
<POST>
<USERNAME>pavlov1234</USERNAME>
<DATETIME>[3:34 pm]</DATETIME>
<BODY>ya</BODY>
<COMMENT></COMMENT>
</POST>
<POST>
<USERNAME>david 91752</USERNAME>
<DATETIME>[3:34 pm]</DATETIME>
<BODY>why?</BODY>
<COMMENT></COMMENT>
</POST>
<POST>
<USERNAME>pavlov1234</USERNAME>
<DATETIME>[3:34 pm]</DATETIME>
<BODY>cuz i got da $$- n i dont mind</BODY>
<COMMENT></COMMENT>
</POST>
<POST>
<USERNAME>david 91752</USERNAME>
<DATETIME>[3:35 pm]</DATETIME>
<BODY>im not hot tho</BODY>
<COMMENT></COMMENT>
</POST>
<POST>
<USERNAME>pavlov1234</USERNAME>
<DATETIME>[3:35 pm]</DATETIME>
<BODY>wut y a mean man?</BODY>
<COMMENT></COMMENT>
</POST>
<POST>
<USERNAME>pavlov1234</USERNAME>
<DATETIME>[3:35 pm]</DATETIME>
<BODY>everybody got some cool qualities</BODY>
<COMMENT></COMMENT>
</POST>
<POST>
<USERNAME>david 91752</USERNAME>
<DATETIME>[3:35 pm]</DATETIME>
<BODY>u gotta pic?</BODY>
<COMMENT></COMMENT>
</POST>
<POST>
<USERNAME>pavlov1234</USERNAME>
<DATETIME>[3:35 pm]</DATETIME>
<BODY>ya</BODY>
<COMMENT></COMMENT>
<CODING>
<VERSION>Pavlov1234.emjakubowski.coded.txt</VERSION>
<CATEGORY>200</CATEGORY>
<TONE>3</TONE>
</CODING>
</POST>
<POST>
<USERNAME>david 91752</USERNAME>
<DATETIME>[3:36 pm]</DATETIME>
<BODY>trade?</BODY>
<COMMENT></COMMENT>
</POST>
<POST>
<USERNAME>pavlov1234</USERNAME>
<DATETIME>[3:36 pm]</DATETIME>
<BODY>ya sur</BODY>
<COMMENT></COMMENT>
<CODING>
<VERSION>Pavlov1234.emjakubowski.coded.txt</VERSION>
<CATEGORY>200</CATEGORY>
<TONE>3</TONE>
</CODING>
</POST>
<POST>
<USERNAME>david 91752</USERNAME>
<DATETIME>[3:37 pm]</DATETIME>
<BODY>ur turn</BODY>
<COMMENT></COMMENT>
</POST>
<POST>
<USERNAME>pavlov1234</USERNAME>
<DATETIME>[3:37 pm]</DATETIME>
<BODY>ok</BODY>
<COMMENT></COMMENT>
</POST>
<POST>
<USERNAME>david 91752</USERNAME>
<DATETIME>[3:38 pm]</DATETIME>
<BODY>that ur house?????</BODY>
<COMMENT></COMMENT>
</POST>
<POST>
<USERNAME>pavlov1234</USERNAME>
<DATETIME>[3:38 pm]</DATETIME>
<BODY>nah i wish--dat ws in las vegas</BODY>
<COMMENT></COMMENT>
</POST>
<POST>
<USERNAME>david 91752</USERNAME>
<DATETIME>[3:38 pm]</DATETIME>
<BODY>u luk like a rock dude</BODY>
<COMMENT></COMMENT>
</POST>
<POST>
<USERNAME>pavlov1234</USERNAME>
<DATETIME>[3:39 pm]</DATETIME>
<BODY>lol-- thnx foo</BODY>
<COMMENT></COMMENT>
</POST>
<POST>
<USERNAME>pavlov1234</USERNAME>
<DATETIME>[3:39 pm]</DATETIME>
<BODY>i like yo pic</BODY>
<COMMENT></COMMENT>
</POST>
<POST>
<USERNAME>david 91752</USERNAME>
<DATETIME>[3:39 pm]</DATETIME>
<BODY>ur just sayin that</BODY>
<COMMENT></COMMENT>
</POST>
<POST>
<USERNAME>pavlov1234</USERNAME>
<DATETIME>[3:39 pm]</DATETIME>
<BODY>nah im not</BODY>
<COMMENT></COMMENT>
</POST>
<POST>
<USERNAME>pavlov1234</USERNAME>
<DATETIME>[3:39 pm]</DATETIME>
<BODY>i do like it</BODY>
<COMMENT></COMMENT>
</POST>
<POST>
<USERNAME>david 91752</USERNAME>
<DATETIME>[3:39 pm]</DATETIME>
<BODY>i want to be a doctor what u do?</BODY>
<COMMENT></COMMENT>
</POST>
<POST>
<USERNAME>pavlov1234</USERNAME>
<DATETIME>[3:39 pm]</DATETIME>
<BODY>ya u look like a doctor llol</BODY>
<COMMENT></COMMENT>
</POST>
<POST>
<USERNAME>david 91752</USERNAME>
<DATETIME>[3:40 pm]</DATETIME>
<BODY>no then i can cure aids</BODY>
<COMMENT></COMMENT>
</POST>
<POST>
<USERNAME>pavlov1234</USERNAME>
<DATETIME>[3:40 pm]</DATETIME>
<BODY>u look smart n cute</BODY>
<COMMENT></COMMENT>
</POST>
<POST>
<USERNAME>pavlov1234</USERNAME>
<DATETIME>[3:40 pm]</DATETIME>
<BODY>das sooo coo man</BODY>
<COMMENT></COMMENT>
</POST>
<POST>
<USERNAME>pavlov1234</USERNAME>
<DATETIME>[3:40 pm]</DATETIME>
<BODY>i dont have aids- n im not gettin it</BODY>
<COMMENT></COMMENT>
</POST>
<POST>
<USERNAME>david 91752</USERNAME>
<DATETIME>[3:41 pm]</DATETIME>
<BODY>what u do?</BODY>
<COMMENT></COMMENT>
</POST>
<POST>
<USERNAME>pavlov1234</USERNAME>
<DATETIME>[3:41 pm]</DATETIME>
<BODY>im a building engineer</BODY>
<COMMENT></COMMENT>
</POST>
<POST>
<USERNAME>pavlov1234</USERNAME>
<DATETIME>[3:41 pm]</DATETIME>
<BODY>i do property management for alot of big companies</BODY>
<COMMENT></COMMENT>
</POST>
<POST>
<USERNAME>david 91752</USERNAME>
<DATETIME>[3:41 pm]</DATETIME>
<BODY>so u went to college</BODY>
<COMMENT></COMMENT>
</POST>
<POST>
<USERNAME>pavlov1234</USERNAME>
<DATETIME>[3:42 pm]</DATETIME>
<BODY>ya i grad from cal state</BODY>
<COMMENT></COMMENT>
</POST>
<POST>
<USERNAME>pavlov1234</USERNAME>
<DATETIME>[3:42 pm]</DATETIME>
<BODY>i hope you go to college</BODY>
<COMMENT></COMMENT>
</POST>
<POST>
<USERNAME>david 91752</USERNAME>
<DATETIME>[3:42 pm]</DATETIME>
<BODY>i will i get all a's but dont no where now because i wanted u of m but now we live here</BODY>
<COMMENT></COMMENT>
</POST>
<POST>
<USERNAME>pavlov1234</USERNAME>
<DATETIME>[3:42 pm]</DATETIME>
<BODY>i was like average student</BODY>
<COMMENT></COMMENT>
</POST>
<POST>
<USERNAME>pavlov1234</USERNAME>
<DATETIME>[3:43 pm]</DATETIME>
<BODY>o dont wory bout dat man--</BODY>
<COMMENT></COMMENT>
</POST>
<POST>
<USERNAME>david 91752</USERNAME>
<DATETIME>[3:43 pm]</DATETIME>
<BODY>they wanted me to go to high school here up a grade but i said no</BODY>
<COMMENT></COMMENT>
</POST>
<POST>
<USERNAME>pavlov1234</USERNAME>
<DATETIME>[3:43 pm]</DATETIME>
<BODY>you gona do good wherevr u at</BODY>
<COMMENT></COMMENT>
</POST>
<POST>
<USERNAME>pavlov1234</USERNAME>
<DATETIME>[3:44 pm]</DATETIME>
<BODY>well if you smart enough you can go to a special school</BODY>
<COMMENT></COMMENT>
</POST>
<POST>
<USERNAME>david 91752</USERNAME>
<DATETIME>[3:44 pm]</DATETIME>
<BODY>dunno we just moved here and no private school because is more money here but went to private school at home</BODY>
<COMMENT></COMMENT>
</POST>
<POST>
<USERNAME>pavlov1234</USERNAME>
<DATETIME>[3:45 pm]</DATETIME>
<BODY>realy- wher u move from?</BODY>
<COMMENT></COMMENT>
</POST>
<POST>
<USERNAME>david 91752</USERNAME>
<DATETIME>[3:45 pm]</DATETIME>
<BODY>michigan</BODY>
<COMMENT></COMMENT>
</POST>
<POST>
<USERNAME>pavlov1234</USERNAME>
<DATETIME>[3:45 pm]</DATETIME>
<BODY>o wow-</BODY>
<COMMENT></COMMENT>
</POST>
<POST>
<USERNAME>pavlov1234</USERNAME>
<DATETIME>[3:45 pm]</DATETIME>
<BODY>ya but its coo man-- you gona do good</BODY>
<COMMENT></COMMENT>
</POST>
<POST>
<USERNAME>david 91752</USERNAME>
<DATETIME>[3:45 pm]</DATETIME>
<BODY>no one likes me but i dont care</BODY>
<COMMENT></COMMENT>
</POST>
<POST>
<USERNAME>pavlov1234</USERNAME>
<DATETIME>[3:45 pm]</DATETIME>
<BODY>ya got to be positive</BODY>
<COMMENT></COMMENT>
</POST>
<POST>
<USERNAME>david 91752</USERNAME>
<DATETIME>[3:45 pm]</DATETIME>
<BODY>i just wanna boyf who likes me lots</BODY>
<COMMENT></COMMENT>
</POST>
<POST>
<USERNAME>pavlov1234</USERNAME>
<DATETIME>[3:46 pm]</DATETIME>
<BODY>awww-- dont fell bad man</BODY>
<COMMENT></COMMENT>
</POST>
<POST>
<USERNAME>david 91752</USERNAME>
<DATETIME>[3:46 pm]</DATETIME>
<BODY>no if my boyf likes me that is all i care</BODY>
<COMMENT></COMMENT>
</POST>
<POST>
<USERNAME>pavlov1234</USERNAME>
<DATETIME>[3:46 pm]</DATETIME>
<BODY>u gota concentrate on bein a doctor first</BODY>
<COMMENT></COMMENT>
</POST>
<POST>
<USERNAME>david 91752</USERNAME>
<DATETIME>[3:46 pm]</DATETIME>
<BODY>is easy to get grades</BODY>
<COMMENT></COMMENT>
</POST>
<POST>
<USERNAME>david 91752</USERNAME>
<DATETIME>[3:46 pm]</DATETIME>
<BODY>i read lots</BODY>
<COMMENT></COMMENT>
</POST>
<POST>
<USERNAME>pavlov1234</USERNAME>
<DATETIME>[3:47 pm]</DATETIME>
<BODY>well i like ya man-</BODY>
<COMMENT></COMMENT>
</POST>
<POST>
<USERNAME>david 91752</USERNAME>
<DATETIME>[3:47 pm]</DATETIME>
<BODY>im david</BODY>
<COMMENT></COMMENT>
</POST>
<POST>
<USERNAME>pavlov1234</USERNAME>
<DATETIME>[3:47 pm]</DATETIME>
<BODY>im kevin-- coo to meet ya david</BODY>
<COMMENT></COMMENT>
<CODING>
<VERSION>Pavlov1234.emjakubowski.coded.txt</VERSION>
<CATEGORY>200</CATEGORY>
<TONE>31</TONE>
</CODING>
</POST>
<POST>
<USERNAME>david 91752</USERNAME>
<DATETIME>[3:47 pm]</DATETIME>
<BODY>ur hot wy dont u gotta boyf?</BODY>
<COMMENT></COMMENT>
</POST>
<POST>
<USERNAME>pavlov1234</USERNAME>
<DATETIME>[3:48 pm]</DATETIME>
<BODY>dont got time man--busy- i travel all over so cal</BODY>
<COMMENT></COMMENT>
</POST>
<POST>
<USERNAME>david 91752</USERNAME>
<DATETIME>[3:48 pm]</DATETIME>
<BODY>so u just pay for sex?</BODY>
<COMMENT></COMMENT>
</POST>
<POST>
<USERNAME>pavlov1234</USERNAME>
<DATETIME>[3:48 pm]</DATETIME>
<BODY>u pretty hot yuself--</BODY>
<COMMENT></COMMENT>
</POST>
<POST>
<USERNAME>david 91752</USERNAME>
<DATETIME>[3:48 pm]</DATETIME>
<BODY>am not</BODY>
<COMMENT></COMMENT>
</POST>
<POST>
<USERNAME>pavlov1234</USERNAME>
<DATETIME>[3:48 pm]</DATETIME>
<BODY>mmmm -somtimes but not all datime</BODY>
<COMMENT></COMMENT>
</POST>
<POST>
<USERNAME>pavlov1234</USERNAME>
<DATETIME>[3:49 pm]</DATETIME>
<BODY>i think so</BODY>
<COMMENT></COMMENT>
</POST>
<POST>
<USERNAME>pavlov1234</USERNAME>
<DATETIME>[3:49 pm]</DATETIME>
<BODY>i like guys wid glases</BODY>
<COMMENT></COMMENT>
</POST>
<POST>
<USERNAME>pavlov1234</USERNAME>
<DATETIME>[3:49 pm]</DATETIME>
<BODY>they look intellectual--lol</BODY>
<COMMENT></COMMENT>
</POST>
<POST>
<USERNAME>pavlov1234</USERNAME>
<DATETIME>[3:49 pm]</DATETIME>
<BODY>wus ure height n weight</BODY>
<COMMENT></COMMENT>
<CODING>
<VERSION>Pavlov1234.emjakubowski.coded.txt</VERSION>
<CATEGORY>200</CATEGORY>
<TONE>2</TONE>
</CODING>
</POST>
<POST>
<USERNAME>david 91752</USERNAME>
<DATETIME>[3:51 pm]</DATETIME>
<BODY>im 5-8 140</BODY>
<COMMENT></COMMENT>
</POST>
<POST>
<USERNAME>pavlov1234</USERNAME>
<DATETIME>[3:51 pm]</DATETIME>
<BODY>nice</BODY>
<COMMENT></COMMENT>
</POST>
<POST>
<USERNAME>david 91752</USERNAME>
<DATETIME>[3:51 pm]</DATETIME>
<BODY>u got more pic?</BODY>
<COMMENT></COMMENT>
</POST>
<POST>
<USERNAME>pavlov1234</USERNAME>
<DATETIME>[3:52 pm]</DATETIME>
<BODY>naw i dont david--sory man-- but iwill send when i get new ones-- wut bout you</BODY>
<COMMENT></COMMENT>
<CODING>
<VERSION>Pavlov1234.emjakubowski.coded.txt</VERSION>
<CATEGORY>200</CATEGORY>
<TONE>32</TONE>
</CODING>
</POST>
<POST>
<USERNAME>david 91752</USERNAME>
<DATETIME>[3:52 pm]</DATETIME>
<BODY>i got 1 more</BODY>
<COMMENT></COMMENT>
</POST>
<POST>
<USERNAME>pavlov1234</USERNAME>
<DATETIME>[3:53 pm]</DATETIME>
<BODY>coo- can i see ya</BODY>
<COMMENT></COMMENT>
<CODING>
<VERSION>Pavlov1234.emjakubowski.coded.txt</VERSION>
<CATEGORY>200</CATEGORY>
<TONE>2</TONE>
</CODING>
</POST>
<POST>
<USERNAME>david 91752</USERNAME>
<DATETIME>[3:57 pm]</DATETIME>
<BODY>k</BODY>
<COMMENT></COMMENT>
</POST>
<POST>
<USERNAME>pavlov1234</USERNAME>
<DATETIME>[3:58 pm]</DATETIME>
<BODY>:-p</BODY>
<COMMENT></COMMENT>
</POST>
<POST>
<USERNAME>pavlov1234</USERNAME>
<DATETIME>[4:01 pm]</DATETIME>
<BODY>u sooo cute foo</BODY>
<COMMENT></COMMENT>
</POST>
<POST>
<USERNAME>david 91752</USERNAME>
<DATETIME>[4:01 pm]</DATETIME>
<BODY>u dont got no more?</BODY>
<COMMENT></COMMENT>
</POST>
<POST>
<USERNAME>pavlov1234</USERNAME>
<DATETIME>[4:02 pm]</DATETIME>
<BODY>lemme chek hang on</BODY>
<COMMENT></COMMENT>
</POST>
<POST>
<USERNAME>david 91752</USERNAME>
<DATETIME>[4:02 pm]</DATETIME>
<BODY>:-)</BODY>
<COMMENT></COMMENT>
</POST>
<POST>
<USERNAME>pavlov1234</USERNAME>
<DATETIME>[4:03 pm]</DATETIME>
<BODY>ok</BODY>
<COMMENT></COMMENT>
</POST>
<POST>
<USERNAME>david 91752</USERNAME>
<DATETIME>[4:04 pm]</DATETIME>
<BODY>wow ur so hot i got like boned cuz it look like at first ur nekid</BODY>
<COMMENT></COMMENT>
</POST>
<POST>
<USERNAME>pavlov1234</USERNAME>
<DATETIME>[4:05 pm]</DATETIME>
<BODY>he he-- u got boned--wow-i wish i saw it-he he</BODY>
<COMMENT></COMMENT>
<CODING>
<VERSION>Pavlov1234.emjakubowski.coded.txt</VERSION>
<CATEGORY>600</CATEGORY>
<TONE>31</TONE>
</CODING>
</POST>
<POST>
<USERNAME>david 91752</USERNAME>
<DATETIME>[4:05 pm]</DATETIME>
<BODY>as it open look like u might be nekid</BODY>
<COMMENT></COMMENT>
</POST>
<POST>
<USERNAME>david 91752</USERNAME>
<DATETIME>[4:05 pm]</DATETIME>
<BODY>:-p</BODY>
<COMMENT></COMMENT>
</POST>
<POST>
<USERNAME>pavlov1234</USERNAME>
<DATETIME>[4:06 pm]</DATETIME>
<BODY>:-p</BODY>
<COMMENT></COMMENT>
</POST>
<POST>
<USERNAME>pavlov1234</USERNAME>
<DATETIME>[4:06 pm]</DATETIME>
<BODY>i dont like sendin nekid pics -i get embarsd</BODY>
<COMMENT></COMMENT>
<CODING>
<VERSION>Pavlov1234.emjakubowski.coded.txt</VERSION>
<CATEGORY>600</CATEGORY>
<TONE>1</TONE>
</CODING>
</POST>
<POST>
<USERNAME>david 91752</USERNAME>
<DATETIME>[4:06 pm]</DATETIME>
<BODY>i wish i had some</BODY>
<COMMENT></COMMENT>
</POST>
<POST>
<USERNAME>pavlov1234</USERNAME>
<DATETIME>[4:06 pm]</DATETIME>
<BODY>mmm sory for the bad spelln</BODY>
<COMMENT></COMMENT>
</POST>
<POST>
<USERNAME>pavlov1234</USERNAME>
<DATETIME>[4:07 pm]</DATETIME>
<BODY>naw man- u mite get in trubl foo</BODY>
<COMMENT></COMMENT>
<CODING>
<VERSION>Pavlov1234.emjakubowski.coded.txt</VERSION>
<CATEGORY>900</CATEGORY>
<TONE>31</TONE>
</CODING>
</POST>
<POST>
<USERNAME>david 91752</USERNAME>
<DATETIME>[4:07 pm]</DATETIME>
<BODY>no i swear i wont</BODY>
<COMMENT></COMMENT>
</POST>
<POST>
<USERNAME>pavlov1234</USERNAME>
<DATETIME>[4:08 pm]</DATETIME>
<BODY>if anyone got on ur comp</BODY>
<COMMENT></COMMENT>
</POST>
<POST>
<USERNAME>david 91752</USERNAME>
<DATETIME>[4:08 pm]</DATETIME>
<BODY>i delete and got washer</BODY>
<COMMENT></COMMENT>
</POST>
<POST>
<USERNAME>pavlov1234</USERNAME>
<DATETIME>[4:08 pm]</DATETIME>
<BODY>wus washer?</BODY>
<COMMENT></COMMENT>
</POST>
<POST>
<USERNAME>david 91752</USERNAME>
<DATETIME>[4:08 pm]</DATETIME>
<BODY>it takes stuff off for good u dont want no one to see</BODY>
<COMMENT></COMMENT>
</POST>
<POST>
<USERNAME>pavlov1234</USERNAME>
<DATETIME>[4:09 pm]</DATETIME>
<BODY>eally- wuts the softwear for that man-i need it on mine lol</BODY>
<COMMENT></COMMENT>
</POST>
<POST>
<USERNAME>david 91752</USERNAME>
<DATETIME>[4:09 pm]</DATETIME>
<BODY>my cuz gave it to me</BODY>
<COMMENT></COMMENT>
</POST>
<POST>
<USERNAME>david 91752</USERNAME>
<DATETIME>[4:09 pm]</DATETIME>
<BODY>so can i see?</BODY>
<COMMENT></COMMENT>
</POST>
<POST>
<USERNAME>pavlov1234</USERNAME>
<DATETIME>[4:10 pm]</DATETIME>
<BODY>i dont got it on dis comp- i got to send it on my home comp-- its on ly me wid my naked ass-lol</BODY>
<COMMENT></COMMENT>
<CODING>
<VERSION>Pavlov1234.emjakubowski.coded.txt</VERSION>
<CATEGORY>600</CATEGORY>
<TONE>31</TONE>
</CODING>
</POST>
<POST>
<USERNAME>david 91752</USERNAME>
<DATETIME>[4:11 pm]</DATETIME>
<BODY>so we can be liek bf or u pay me to?</BODY>
<COMMENT></COMMENT>
</POST>
<POST>
<USERNAME>pavlov1234</USERNAME>
<DATETIME>[4:11 pm]</DATETIME>
<BODY>ya if ya wan to das coo</BODY>
<COMMENT></COMMENT>
</POST>
<POST>
<USERNAME>david 91752</USERNAME>
<DATETIME>[4:12 pm]</DATETIME>
<BODY>how much u pay peeps?</BODY>
<COMMENT></COMMENT>
</POST>
<POST>
<USERNAME>pavlov1234</USERNAME>
<DATETIME>[4:12 pm]</DATETIME>
<BODY>im like a botom guy</BODY>
<COMMENT></COMMENT>
<CODING>
<VERSION>Pavlov1234.emjakubowski.coded.txt</VERSION>
<CATEGORY>600</CATEGORY>
<TONE>1</TONE>
</CODING>
</POST>
<POST>
<USERNAME>pavlov1234</USERNAME>
<DATETIME>[4:12 pm]</DATETIME>
<BODY>80</BODY>
<COMMENT></COMMENT>
</POST>
<POST>
<USERNAME>david 91752</USERNAME>
<DATETIME>[4:12 pm]</DATETIME>
<BODY>i wait till i get boyf for that</BODY>
<COMMENT></COMMENT>
</POST>
<POST>
<USERNAME>david 91752</USERNAME>
<DATETIME>[4:12 pm]</DATETIME>
<BODY>80????? thats a ton</BODY>
<COMMENT></COMMENT>
</POST>
<POST>
<USERNAME>pavlov1234</USERNAME>
<DATETIME>[4:12 pm]</DATETIME>
<BODY>ya but is coo- i don mind</BODY>
<COMMENT></COMMENT>
</POST>
<POST>
<USERNAME>david 91752</USERNAME>
<DATETIME>[4:13 pm]</DATETIME>
<BODY>can i call u?</BODY>
<COMMENT></COMMENT>
</POST>
<POST>
<USERNAME>pavlov1234</USERNAME>
<DATETIME>[4:13 pm]</DATETIME>
<BODY>o dam i g2g man ya- 626-419-2813</BODY>
<COMMENT></COMMENT>
<CODING>
<VERSION>Pavlov1234.emjakubowski.coded.txt</VERSION>
<CATEGORY>200</CATEGORY>
<TONE>3</TONE>
</CODING>
</POST>
<POST>
<USERNAME>pavlov1234</USERNAME>
<DATETIME>[4:14 pm]</DATETIME>
<BODY>i g2g shoppin</BODY>
<COMMENT></COMMENT>
</POST>
<POST>
<USERNAME>david 91752</USERNAME>
<DATETIME>[4:14 pm]</DATETIME>
<BODY>kevin ?</BODY>
<COMMENT></COMMENT>
</POST>
<POST>
<USERNAME>pavlov1234</USERNAME>
<DATETIME>[4:14 pm]</DATETIME>
<BODY>ya david?</BODY>
<COMMENT></COMMENT>
</POST>
<POST>
<USERNAME>david 91752</USERNAME>
<DATETIME>[4:14 pm]</DATETIME>
<BODY>yip</BODY>
<COMMENT></COMMENT>
</POST>
<POST>
<USERNAME>pavlov1234</USERNAME>
<DATETIME>[4:14 pm]</DATETIME>
<BODY>ok</BODY>
<COMMENT></COMMENT>
</POST>
<POST>
<USERNAME>david 91752</USERNAME>
<DATETIME>[4:14 pm]</DATETIME>
<BODY>that ur cell?</BODY>
<COMMENT></COMMENT>
</POST>
<POST>
<USERNAME>pavlov1234</USERNAME>
<DATETIME>[4:14 pm]</DATETIME>
<BODY>tya</BODY>
<COMMENT></COMMENT>
</POST>
<POST>
<USERNAME>pavlov1234</USERNAME>
<DATETIME>[4:14 pm]</DATETIME>
<BODY>ya</BODY>
<COMMENT></COMMENT>
</POST>
<POST>
<USERNAME>david 91752</USERNAME>
<DATETIME>[4:14 pm]</DATETIME>
<BODY>k</BODY>
<COMMENT></COMMENT>
</POST>
<POST>
<USERNAME>pavlov1234</USERNAME>
<DATETIME>[4:15 pm]</DATETIME>
<BODY>ttyl-- coo chattin wid ya man--</BODY>
<COMMENT></COMMENT>
</POST>
<POST>
<USERNAME>pavlov1234</USERNAME>
<DATETIME>[4:15 pm]</DATETIME>
<BODY>:-p</BODY>
<COMMENT></COMMENT>
</POST>
<POST>
<USERNAME></USERNAME>
<DATETIME></DATETIME>
<BODY>12/18/05</BODY>
<COMMENT></COMMENT>
</POST>
<POST>
<USERNAME>david 91752</USERNAME>
<DATETIME>[3:17 p.m.]</DATETIME>
<BODY>hi</BODY>
<COMMENT></COMMENT>
</POST>
<POST>
<USERNAME>pavlov1234</USERNAME>
<DATETIME>[3:17 p.m.]</DATETIME>
<BODY>hi</BODY>
<COMMENT></COMMENT>
</POST>
<POST>
<USERNAME>david 91752</USERNAME>
<DATETIME>[3:17 p.m.]</DATETIME>
<BODY>srry i didnt talk long time</BODY>
<COMMENT></COMMENT>
</POST>
<POST>
<USERNAME>pavlov1234</USERNAME>
<DATETIME>[3:17 p.m.]</DATETIME>
<BODY>its coo-david--so watch up2</BODY>
<COMMENT></COMMENT>
</POST>
<POST>
<USERNAME>david 91752</USERNAME>
<DATETIME>[3:18 p.m.]</DATETIME>
<BODY>bored</BODY>
<COMMENT></COMMENT>
</POST>
<POST>
<USERNAME>pavlov1234</USERNAME>
<DATETIME>[3:18 p.m.]</DATETIME>
<BODY>ya i kno its kinda borin day</BODY>
<COMMENT></COMMENT>
</POST>
<POST>
<USERNAME>pavlov1234</USERNAME>
<DATETIME>[3:18 p.m.]</DATETIME>
<BODY>i just got up a little</BODY>
<COMMENT></COMMENT>
</POST>
<POST>
<USERNAME>pavlov1234</USERNAME>
<DATETIME>[3:18 p.m.]</DATETIME>
<BODY>while ago</BODY>
<COMMENT></COMMENT>
</POST>
<POST>
<USERNAME>david 91752</USERNAME>
<DATETIME>[3:18 p.m.]</DATETIME>
<BODY>k</BODY>
<COMMENT></COMMENT>
</POST>
<POST>
<USERNAME>pavlov1234</USERNAME>
<DATETIME>[3:19 p.m.]</DATETIME>
<BODY>im not much of a phone talker myself</BODY>
<COMMENT></COMMENT>
</POST>
<POST>
<USERNAME>david 91752</USERNAME>
<DATETIME>[3:19 p.m.]</DATETIME>
<BODY>i dont like it think i sound gay</BODY>
<COMMENT></COMMENT>
</POST>
<POST>
<USERNAME>pavlov1234</USERNAME>
<DATETIME>[3:19 p.m.]</DATETIME>
<BODY>im actually kinda shy</BODY>
<COMMENT></COMMENT>
</POST>
<POST>
<USERNAME>david 91752</USERNAME>
<DATETIME>[3:19 p.m.]</DATETIME>
<BODY>u got more pics?</BODY>
<COMMENT></COMMENT>
</POST>
<POST>
<USERNAME>pavlov1234</USERNAME>
<DATETIME>[3:19 p.m.]</DATETIME>
<BODY>naw you dont man-honest- but i probly do</BODY>
<COMMENT></COMMENT>
</POST>
<POST>
<USERNAME>david 91752</USERNAME>
<DATETIME>[3:20 p.m.]</DATETIME>
<BODY>no u dont</BODY>
<COMMENT></COMMENT>
</POST>
<POST>
<USERNAME>david 91752</USERNAME>
<DATETIME>[3:20 p.m.]</DATETIME>
<BODY>u sound nice not like the guys here who just want tu use me for sex</BODY>
<COMMENT></COMMENT>
</POST>
<POST>
<USERNAME>pavlov1234</USERNAME>
<DATETIME>[3:20 p.m.]</DATETIME>
<BODY>naw sory man i dont- but ill send as soon as i get- i promise</BODY>
<COMMENT></COMMENT>
<CODING>
<VERSION>Pavlov1234.emjakubowski.coded.txt</VERSION>
<CATEGORY>200</CATEGORY>
<TONE>31</TONE>
</CODING>
</POST>
<POST>
<USERNAME>david 91752</USERNAME>
<DATETIME>[3:21 p.m.]</DATETIME>
<BODY>o thot u said you had some at home</BODY>
<COMMENT></COMMENT>
</POST>
<POST>
<USERNAME>pavlov1234</USERNAME>
<DATETIME>[3:21 p.m.]</DATETIME>
<BODY>i did but my sis deleted everything on it</BODY>
<COMMENT></COMMENT>
</POST>
<POST>
<USERNAME>pavlov1234</USERNAME>
<DATETIME>[3:21 p.m.]</DATETIME>
<BODY>iw was soo pisd</BODY>
<COMMENT></COMMENT>
</POST>
<POST>
<USERNAME>david 91752</USERNAME>
<DATETIME>[3:21 p.m.]</DATETIME>
<BODY>id ont let no one touch my puter</BODY>
<COMMENT></COMMENT>
</POST>
<POST>
<USERNAME>david 91752</USERNAME>
<DATETIME>[3:21 p.m.]</DATETIME>
<BODY>its locked</BODY>
<COMMENT></COMMENT>
</POST>
<POST>
<USERNAME>pavlov1234</USERNAME>
<DATETIME>[3:22 p.m.]</DATETIME>
<BODY>o u lucky man</BODY>
<COMMENT></COMMENT>
</POST>
<POST>
<USERNAME>pavlov1234</USERNAME>
<DATETIME>[3:22 p.m.]</DATETIME>
<BODY>i was thinkin bout ya las nite</BODY>
<COMMENT></COMMENT>
</POST>
<POST>
<USERNAME>david 91752</USERNAME>
<DATETIME>[3:22 p.m.]</DATETIME>
<BODY>reall?</BODY>
<COMMENT></COMMENT>
</POST>
<POST>
<USERNAME>pavlov1234</USERNAME>
<DATETIME>[3:23 p.m.]</DATETIME>
<BODY>ya</BODY>
<COMMENT></COMMENT>
</POST>
<POST>
<USERNAME>pavlov1234</USERNAME>
<DATETIME>[3:24 p.m.]</DATETIME>
<BODY>in a coo way tho</BODY>
<COMMENT></COMMENT>
</POST>
<POST>
<USERNAME>david 91752</USERNAME>
<DATETIME>[3:25 p.m.]</DATETIME>
<BODY>like what u mean?</BODY>
<COMMENT></COMMENT>
</POST>
<POST>
<USERNAME>pavlov1234</USERNAME>
<DATETIME>[3:25 p.m.]</DATETIME>
<BODY>like when u aked if u can be my b/f--:-p</BODY>
<COMMENT></COMMENT>
<CODING>
<VERSION>Pavlov1234.emjakubowski.coded.txt</VERSION>
<CATEGORY>200</CATEGORY>
<TONE>3</TONE>
</CODING>
</POST>
<POST>
<USERNAME>david 91752</USERNAME>
<DATETIME>[3:26 p.m.]</DATETIME>
<BODY>u mean u really want 2?</BODY>
<COMMENT></COMMENT>
</POST>
<POST>
<USERNAME>pavlov1234</USERNAME>
<DATETIME>[3:26 p.m.]</DATETIME>
<BODY>ya- i think id like</BODY>
<COMMENT></COMMENT>
<CODING>
<VERSION>Pavlov1234.emjakubowski.coded.txt</VERSION>
<CATEGORY>200</CATEGORY>
<TONE>31</TONE>
</CODING>
</POST>
<POST>
<USERNAME>david 91752</USERNAME>
<DATETIME>[3:26 p.m.]</DATETIME>
<BODY>i think u just wanted to give me money am confused</BODY>
<COMMENT></COMMENT>
</POST>
<POST>
<USERNAME>pavlov1234</USERNAME>
<DATETIME>[3:26 p.m.]</DATETIME>
<BODY>das ok- i can do that to</BODY>
<COMMENT></COMMENT>
</POST>
<POST>
<USERNAME>david 91752</USERNAME>
<DATETIME>[3:27 p.m.]</DATETIME>
<BODY>i dont care</BODY>
<COMMENT></COMMENT>
</POST>
<POST>
<USERNAME>pavlov1234</USERNAME>
<DATETIME>[3:27 p.m.]</DATETIME>
<BODY>but i want to- cuz i dont mind</BODY>
<COMMENT></COMMENT>
</POST>
<POST>
<USERNAME>david 91752</USERNAME>
<DATETIME>[3:27 p.m.]</DATETIME>
<BODY>huh?</BODY>
<COMMENT></COMMENT>
</POST>
<POST>
<USERNAME>pavlov1234</USERNAME>
<DATETIME>[3:28 p.m.]</DATETIME>
<BODY>i mean bout da $$</BODY>
<COMMENT></COMMENT>
</POST>
<POST>
<USERNAME>pavlov1234</USERNAME>
<DATETIME>[3:28 p.m.]</DATETIME>
<BODY>but if ya dont want to its coo wid me</BODY>
<COMMENT></COMMENT>
</POST>
<POST>
<USERNAME>david 91752</USERNAME>
<DATETIME>[3:29 p.m.]</DATETIME>
<BODY>now im lost</BODY>
<COMMENT></COMMENT>
</POST>
<POST>
<USERNAME>pavlov1234</USERNAME>
<DATETIME>[3:30 p.m.]</DATETIME>
<BODY>ok-- i wud like you to be my b/f-if ya want to- but i also would like to pay you if ya want to-</BODY>
<COMMENT></COMMENT>
<CODING>
<VERSION>Pavlov1234.emjakubowski.coded.txt</VERSION>
<CATEGORY>200</CATEGORY>
<TONE>31</TONE>
</CODING>
</POST>
<POST>
<USERNAME>david 91752</USERNAME>
<DATETIME>[3:30 p.m.]</DATETIME>
<BODY>but then thats not like real love is it?</BODY>
<COMMENT></COMMENT>
</POST>
<POST>
<USERNAME>pavlov1234</USERNAME>
<DATETIME>[3:31 p.m.]</DATETIME>
<BODY>?</BODY>
<COMMENT></COMMENT>
</POST>
<POST>
<USERNAME>david 91752</USERNAME>
<DATETIME>[3:31 p.m.]</DATETIME>
<BODY>if i take money</BODY>
<COMMENT></COMMENT>
</POST>
<POST>
<USERNAME>pavlov1234</USERNAME>
<DATETIME>[3:32 p.m.]</DATETIME>
<BODY>real love is not measurd by $$--its measured by the kindness and caring of each other</BODY>
<COMMENT></COMMENT>
</POST>
<POST>
<USERNAME>david 91752</USERNAME>
<DATETIME>[3:32 p.m.]</DATETIME>
<BODY>thats what i mean</BODY>
<COMMENT></COMMENT>
</POST>
<POST>
<USERNAME>pavlov1234</USERNAME>
<DATETIME>[3:32 p.m.]</DATETIME>
<BODY>ok ill use the $;-) to buy you cool stuff--</BODY>
<COMMENT></COMMENT>
</POST>
<POST>
<USERNAME>pavlov1234</USERNAME>
<DATETIME>[3:33 p.m.]</DATETIME>
<BODY>on specal occasions</BODY>
<COMMENT></COMMENT>
</POST>
<POST>
<USERNAME>david 91752</USERNAME>
<DATETIME>[3:33 p.m.]</DATETIME>
<BODY>u got a pool?</BODY>
<COMMENT></COMMENT>
</POST>
<POST>
<USERNAME>pavlov1234</USERNAME>
<DATETIME>[3:33 p.m.]</DATETIME>
<BODY>nah i dont -sory</BODY>
<COMMENT></COMMENT>
</POST>
<POST>
<USERNAME>david 91752</USERNAME>
<DATETIME>[3:34 p.m.]</DATETIME>
<BODY>u gotta house?</BODY>
<COMMENT></COMMENT>
</POST>
<POST>
<USERNAME>pavlov1234</USERNAME>
<DATETIME>[3:34 p.m.]</DATETIME>
<BODY>yah but is not mine -it belongs to my sis</BODY>
<COMMENT></COMMENT>
</POST>
<POST>
<USERNAME>david 91752</USERNAME>
<DATETIME>[3:34 p.m.]</DATETIME>
<BODY>is she there/</BODY>
<COMMENT></COMMENT>
</POST>
<POST>
<USERNAME>pavlov1234</USERNAME>
<DATETIME>[3:34 p.m.]</DATETIME>
<BODY>why u ask?</BODY>
<COMMENT></COMMENT>
</POST>
<POST>
<USERNAME>david 91752</USERNAME>
<DATETIME>[3:34 p.m.]</DATETIME>
<BODY>just if we are boyf</BODY>
<COMMENT></COMMENT>
</POST>
<POST>
<USERNAME>pavlov1234</USERNAME>
<DATETIME>[3:34 p.m.]</DATETIME>
<BODY>ya-- but im at work now anyway</BODY>
<COMMENT></COMMENT>
</POST>
<POST>
<USERNAME>pavlov1234</USERNAME>
<DATETIME>[3:35 p.m.]</DATETIME>
<BODY>oh - well wecan go to different places</BODY>
<COMMENT></COMMENT>
</POST>
<POST>
<USERNAME>david 91752</USERNAME>
<DATETIME>[3:36 p.m.]</DATETIME>
<BODY>like where?</BODY>
<COMMENT></COMMENT>
</POST>
<POST>
<USERNAME>pavlov1234</USERNAME>
<DATETIME>[3:36 p.m.]</DATETIME>
<BODY>i don kno-wut wud ya like to do anywayz-?:-p</BODY>
<COMMENT></COMMENT>
</POST>
<POST>
<USERNAME>david 91752</USERNAME>
<DATETIME>[3:36 p.m.]</DATETIME>
<BODY>i dunno</BODY>
<COMMENT></COMMENT>
</POST>
<POST>
<USERNAME>david 91752</USERNAME>
<DATETIME>[3:36 p.m.]</DATETIME>
<BODY>i am making christmas cards now</BODY>
<COMMENT></COMMENT>
</POST>
<POST>
<USERNAME>pavlov1234</USERNAME>
<DATETIME>[3:37 p.m.]</DATETIME>
<BODY>coo- send me one ya</BODY>
<COMMENT></COMMENT>
</POST>
<POST>
<USERNAME>pavlov1234</USERNAME>
<DATETIME>[3:37 p.m.]</DATETIME>
<BODY>like e mail</BODY>
<COMMENT></COMMENT>
</POST>
<POST>
<USERNAME>david 91752</USERNAME>
<DATETIME>[3:37 p.m.]</DATETIME>
<BODY>whats ur address?</BODY>
<COMMENT></COMMENT>
</POST>
<POST>
<USERNAME>pavlov1234</USERNAME>
<DATETIME>[3:37 p.m.]</DATETIME>
<BODY>naw just e mail me one id like dat betta</BODY>
<COMMENT></COMMENT>
</POST>
<POST>
<USERNAME>david 91752</USERNAME>
<DATETIME>[3:38 p.m.]</DATETIME>
<BODY>o these i buy at the store and put in mail</BODY>
<COMMENT></COMMENT>
</POST>
<POST>
<USERNAME>pavlov1234</USERNAME>
<DATETIME>[3:38 p.m.]</DATETIME>
<BODY>dis way is easier and more personal</BODY>
<COMMENT></COMMENT>
</POST>
<POST>
<USERNAME>david 91752</USERNAME>
<DATETIME>[3:38 p.m.]</DATETIME>
<BODY>no i write in all them i dont got many to send like just my mom and grandparents</BODY>
<COMMENT></COMMENT>
</POST>
<POST>
<USERNAME>pavlov1234</USERNAME>
<DATETIME>[3:38 p.m.]</DATETIME>
<BODY>ok</BODY>
<COMMENT></COMMENT>
</POST>
<POST>
<USERNAME>pavlov1234</USERNAME>
<DATETIME>[3:38 p.m.]</DATETIME>
<BODY>ur so coo</BODY>
<COMMENT></COMMENT>
</POST>
<POST>
<USERNAME>david 91752</USERNAME>
<DATETIME>[3:39 p.m.]</DATETIME>
<BODY>u want me to mail u one they r funny</BODY>
<COMMENT></COMMENT>
</POST>
<POST>
<USERNAME>pavlov1234</USERNAME>
<DATETIME>[3:39 p.m.]</DATETIME>
<BODY>ur very special</BODY>
<COMMENT></COMMENT>
</POST>
<POST>
<USERNAME>pavlov1234</USERNAME>
<DATETIME>[3:40 p.m.]</DATETIME>
<BODY>lol- naw is coo- alota times i never get my mail anyway --i think someone steals it</BODY>
<COMMENT></COMMENT>
</POST>
<POST>
<USERNAME>david 91752</USERNAME>
<DATETIME>[3:40 p.m.]</DATETIME>
<BODY>thats not kewl</BODY>
<COMMENT></COMMENT>
</POST>
<POST>
<USERNAME>pavlov1234</USERNAME>
<DATETIME>[3:40 p.m.]</DATETIME>
<BODY>i kno</BODY>
<COMMENT></COMMENT>
</POST>
<POST>
<USERNAME>pavlov1234</USERNAME>
<DATETIME>[3:41 p.m.]</DATETIME>
<BODY>im gettin a p.o.box-dis way i wont miss</BODY>
<COMMENT></COMMENT>
</POST>
<POST>
<USERNAME>pavlov1234</USERNAME>
<DATETIME>[3:41 p.m.]</DATETIME>
<BODY>ill let ya kno when i get</BODY>
<COMMENT></COMMENT>
</POST>
<POST>
<USERNAME>david 91752</USERNAME>
<DATETIME>[3:41 p.m.]</DATETIME>
<BODY>whats that</BODY>
<COMMENT></COMMENT>
</POST>
<POST>
<USERNAME>pavlov1234</USERNAME>
<DATETIME>[3:41 p.m.]</DATETIME>
<BODY>its like a address for mail only</BODY>
<COMMENT></COMMENT>
</POST>
<POST>
<USERNAME>pavlov1234</USERNAME>
<DATETIME>[3:41 p.m.]</DATETIME>
<BODY>i mean we can mess around in it -lol</BODY>
<COMMENT></COMMENT>
<CODING>
<VERSION>Pavlov1234.emjakubowski.coded.txt</VERSION>
<CATEGORY>600</CATEGORY>
<TONE>1</TONE>
</CODING>
</POST>
<POST>
<USERNAME>pavlov1234</USERNAME>
<DATETIME>[3:42 p.m.]</DATETIME>
<BODY>i mean we cant</BODY>
<COMMENT></COMMENT>
</POST>
<POST>
<USERNAME>david 91752</USERNAME>
<DATETIME>[3:42 p.m.]</DATETIME>
<BODY>huh?</BODY>
<COMMENT></COMMENT>
</POST>
<POST>
<USERNAME>pavlov1234</USERNAME>
<DATETIME>[3:42 p.m.]</DATETIME>
<BODY>i mean its like box in the post office- you go there and open up da box fo yo mail</BODY>
<COMMENT></COMMENT>
</POST>
<POST>
<USERNAME>david 91752</USERNAME>
<DATETIME>[3:43 p.m.]</DATETIME>
<BODY>o ok</BODY>
<COMMENT></COMMENT>
</POST>
<POST>
<USERNAME>pavlov1234</USERNAME>
<DATETIME>[3:43 p.m.]</DATETIME>
<BODY>its open 24 hrs</BODY>
<COMMENT></COMMENT>
</POST>
<POST>
<USERNAME>pavlov1234</USERNAME>
<DATETIME>[3:43 p.m.]</DATETIME>
<BODY>ya</BODY>
<COMMENT></COMMENT>
</POST>
<POST>
<USERNAME>david 91752</USERNAME>
<DATETIME>[3:44 p.m.]</DATETIME>
<BODY>i keep lukin at ur pics</BODY>
<COMMENT></COMMENT>
</POST>
<POST>
<USERNAME>pavlov1234</USERNAME>
<DATETIME>[3:44 p.m.]</DATETIME>
<BODY>thnx david-ur specal</BODY>
<COMMENT></COMMENT>
</POST>
<POST>
<USERNAME>david 91752</USERNAME>
<DATETIME>[3:44 p.m.]</DATETIME>
<BODY>and now u really want to be boyf</BODY>
<COMMENT></COMMENT>
</POST>
<POST>
<USERNAME>pavlov1234</USERNAME>
<DATETIME>[3:45 p.m.]</DATETIME>
<BODY>ya i really do</BODY>
<COMMENT></COMMENT>
<CODING>
<VERSION>Pavlov1234.emjakubowski.coded.txt</VERSION>
<CATEGORY>200</CATEGORY>
<TONE>3</TONE>
</CODING>
</POST>
<POST>
<USERNAME>pavlov1234</USERNAME>
<DATETIME>[3:45 p.m.]</DATETIME>
<BODY>ill be ure g/f and u be my b/f-:-p</BODY>
<COMMENT></COMMENT>
<CODING>
<VERSION>Pavlov1234.emjakubowski.coded.txt</VERSION>
<CATEGORY>200</CATEGORY>
<TONE>1</TONE>
</CODING>
</POST>
<POST>
<USERNAME>david 91752</USERNAME>
<DATETIME>[3:45 p.m.]</DATETIME>
<BODY>huh?</BODY>
<COMMENT></COMMENT>
</POST>
<POST>
<USERNAME>pavlov1234</USERNAME>
<DATETIME>[3:46 p.m.]</DATETIME>
<BODY>lol neva min-is coo-</BODY>
<COMMENT></COMMENT>
</POST>
<POST>
<USERNAME>david 91752</USERNAME>
<DATETIME>[3:46 p.m.]</DATETIME>
<BODY>r u a girl?</BODY>
<COMMENT></COMMENT>
</POST>
<POST>
<USERNAME>pavlov1234</USERNAME>
<DATETIME>[3:46 p.m.]</DATETIME>
<BODY>naw- somtimes i wish i was</BODY>
<COMMENT></COMMENT>
</POST>
<POST>
<USERNAME>david 91752</USERNAME>
<DATETIME>[3:46 p.m.]</DATETIME>
<BODY>really?</BODY>
<COMMENT></COMMENT>
</POST>
<POST>
<USERNAME>pavlov1234</USERNAME>
<DATETIME>[3:46 p.m.]</DATETIME>
<BODY>ya-pleaz dont tell anybody ok</BODY>
<COMMENT></COMMENT>
</POST>
<POST>
<USERNAME>david 91752</USERNAME>
<DATETIME>[3:47 p.m.]</DATETIME>
<BODY>i dont no no one</BODY>
<COMMENT></COMMENT>
</POST>
<POST>
<USERNAME>pavlov1234</USERNAME>
<DATETIME>[3:47 p.m.]</DATETIME>
<BODY>but not all da time</BODY>
<COMMENT></COMMENT>
</POST>
<POST>
<USERNAME>david 91752</USERNAME>
<DATETIME>[3:47 p.m.]</DATETIME>
<BODY>why u want to be a girl?</BODY>
<COMMENT></COMMENT>
</POST>
<POST>
<USERNAME>pavlov1234</USERNAME>
<DATETIME>[3:47 p.m.]</DATETIME>
<BODY>only somtimes</BODY>
<COMMENT></COMMENT>
</POST>
<POST>
<USERNAME>david 91752</USERNAME>
<DATETIME>[3:47 p.m.]</DATETIME>
<BODY>but y?</BODY>
<COMMENT></COMMENT>
</POST>
<POST>
<USERNAME>pavlov1234</USERNAME>
<DATETIME>[3:47 p.m.]</DATETIME>
<BODY>when im with a guy</BODY>
<COMMENT></COMMENT>
<CODING>
<VERSION>Pavlov1234.emjakubowski.coded.txt</VERSION>
<CATEGORY>600</CATEGORY>
<TONE>3</TONE>
</CODING>
</POST>
<POST>
<USERNAME>pavlov1234</USERNAME>
<DATETIME>[3:48 p.m.]</DATETIME>
<BODY>i dont act like a girl</BODY>
<COMMENT></COMMENT>
</POST>
<POST>
<USERNAME>david 91752</USERNAME>
<DATETIME>[3:48 p.m.]</DATETIME>
<BODY>i see lots of pics here of guys in girls stuff</BODY>
<COMMENT></COMMENT>
</POST>
<POST>
<USERNAME>pavlov1234</USERNAME>
<DATETIME>[3:48 p.m.]</DATETIME>
<BODY>lol-</BODY>
<COMMENT></COMMENT>
</POST>
<POST>
<USERNAME>david 91752</USERNAME>
<DATETIME>[3:49 p.m.]</DATETIME>
<BODY>u do that?</BODY>
<COMMENT></COMMENT>
</POST>
<POST>
<USERNAME>pavlov1234</USERNAME>
<DATETIME>[3:49 p.m.]</DATETIME>
<BODY>mmmm im embarasd</BODY>
<COMMENT></COMMENT>
</POST>
<POST>
<USERNAME>pavlov1234</USERNAME>
<DATETIME>[3:49 p.m.]</DATETIME>
<BODY>somtimes</BODY>
<COMMENT></COMMENT>
</POST>
<POST>
<USERNAME>david 91752</USERNAME>
<DATETIME>[3:49 p.m.]</DATETIME>
<BODY>u like it?</BODY>
<COMMENT></COMMENT>
</POST>
<POST>
<USERNAME>pavlov1234</USERNAME>
<DATETIME>[3:49 p.m.]</DATETIME>
<BODY>i don kno</BODY>
<COMMENT></COMMENT>
</POST>
<POST>
<USERNAME>pavlov1234</USERNAME>
<DATETIME>[3:49 p.m.]</DATETIME>
<BODY>wud u like me to wear them</BODY>
<COMMENT></COMMENT>
</POST>
<POST>
<USERNAME>david 91752</USERNAME>
<DATETIME>[3:50 p.m.]</DATETIME>
<BODY>i never tried it</BODY>
<COMMENT></COMMENT>
</POST>
<POST>
<USERNAME>pavlov1234</USERNAME>
<DATETIME>[3:50 p.m.]</DATETIME>
<BODY>it feels weird</BODY>
<COMMENT></COMMENT>
</POST>
<POST>
<USERNAME>david 91752</USERNAME>
<DATETIME>[3:50 p.m.]</DATETIME>
<BODY>what u wear?</BODY>
<COMMENT></COMMENT>
</POST>
<POST>
<USERNAME>pavlov1234</USERNAME>
<DATETIME>[3:50 p.m.]</DATETIME>
<BODY>pantes-bra</BODY>
<COMMENT></COMMENT>
<CODING>
<VERSION>Pavlov1234.emjakubowski.coded.txt</VERSION>
<CATEGORY>600</CATEGORY>
<TONE>3</TONE>
</CODING>
</POST>
<POST>
<USERNAME>david 91752</USERNAME>
<DATETIME>[3:51 p.m.]</DATETIME>
<BODY>so not like a dress</BODY>
<COMMENT></COMMENT>
</POST>
<POST>
<USERNAME>pavlov1234</USERNAME>
<DATETIME>[3:51 p.m.]</DATETIME>
<BODY>naw</BODY>
<COMMENT></COMMENT>
</POST>
<POST>
<USERNAME>pavlov1234</USERNAME>
<DATETIME>[3:51 p.m.]</DATETIME>
<BODY>u hate me dont ya</BODY>
<COMMENT></COMMENT>
</POST>
<POST>
<USERNAME>david 91752</USERNAME>
<DATETIME>[3:51 p.m.]</DATETIME>
<BODY>no i like u lots</BODY>
<COMMENT></COMMENT>
</POST>
<POST>
<USERNAME>pavlov1234</USERNAME>
<DATETIME>[3:51 p.m.]</DATETIME>
<BODY>ok</BODY>
<COMMENT></COMMENT>
</POST>
<POST>
<USERNAME>pavlov1234</USERNAME>
<DATETIME>[3:52 p.m.]</DATETIME>
<BODY>thnx david</BODY>
<COMMENT></COMMENT>
</POST>
<POST>
<USERNAME>pavlov1234</USERNAME>
<DATETIME>[3:52 p.m.]</DATETIME>
<BODY>i dont have many frends</BODY>
<COMMENT></COMMENT>
</POST>
<POST>
<USERNAME>david 91752</USERNAME>
<DATETIME>[3:52 p.m.]</DATETIME>
<BODY>i dont got any</BODY>
<COMMENT></COMMENT>
</POST>
<POST>
<USERNAME>pavlov1234</USERNAME>
<DATETIME>[3:52 p.m.]</DATETIME>
<BODY>ya u do</BODY>
<COMMENT></COMMENT>
</POST>
<POST>
<USERNAME>pavlov1234</USERNAME>
<DATETIME>[3:53 p.m.]</DATETIME>
<BODY>u got me foo</BODY>
<COMMENT></COMMENT>
</POST>
<POST>
<USERNAME>david 91752</USERNAME>
<DATETIME>[3:53 p.m.]</DATETIME>
<BODY>really?</BODY>
<COMMENT></COMMENT>
</POST>
<POST>
<USERNAME>pavlov1234</USERNAME>
<DATETIME>[3:53 p.m.]</DATETIME>
<BODY>ya</BODY>
<COMMENT></COMMENT>
</POST>
<POST>
<USERNAME>david 91752</USERNAME>
<DATETIME>[3:53 p.m.]</DATETIME>
<BODY>i like that</BODY>
<COMMENT></COMMENT>
</POST>
<POST>
<USERNAME>pavlov1234</USERNAME>
<DATETIME>[3:53 p.m.]</DATETIME>
<BODY>me2</BODY>
<COMMENT></COMMENT>
</POST>
<POST>
<USERNAME>david 91752</USERNAME>
<DATETIME>[3:53 p.m.]</DATETIME>
<BODY>u got pics in girl stuff?</BODY>
<COMMENT></COMMENT>
</POST>
<POST>
<USERNAME>pavlov1234</USERNAME>
<DATETIME>[3:54 p.m.]</DATETIME>
<BODY>lol no man</BODY>
<COMMENT></COMMENT>
</POST>
<POST>
<USERNAME>david 91752</USERNAME>
<DATETIME>[3:54 p.m.]</DATETIME>
<BODY>i just see guys in dress thats it</BODY>
<COMMENT></COMMENT>
</POST>
<POST>
<USERNAME>pavlov1234</USERNAME>
<DATETIME>[3:54 p.m.]</DATETIME>
<BODY>wud u go to bed with me if i was wearin panties</BODY>
<COMMENT></COMMENT>
<CODING>
<VERSION>Pavlov1234.emjakubowski.coded.txt</VERSION>
<CATEGORY>600</CATEGORY>
<TONE>2</TONE>
</CODING>
</POST>
<POST>
<USERNAME>pavlov1234</USERNAME>
<DATETIME>[3:54 p.m.]</DATETIME>
<BODY>j/k</BODY>
<COMMENT></COMMENT>
</POST>
<POST>
<USERNAME>david 91752</USERNAME>
<DATETIME>[3:54 p.m.]</DATETIME>
<BODY>you really want me to go to bed with u like ur boyf?</BODY>
<COMMENT></COMMENT>
</POST>
<POST>
<USERNAME>pavlov1234</USERNAME>
<DATETIME>[3:55 p.m.]</DATETIME>
<BODY>i don kno-</BODY>
<COMMENT></COMMENT>
</POST>
<POST>
<USERNAME>pavlov1234</USERNAME>
<DATETIME>[3:55 p.m.]</DATETIME>
<BODY>do you</BODY>
<COMMENT></COMMENT>
</POST>
<POST>
<USERNAME>david 91752</USERNAME>
<DATETIME>[3:55 p.m.]</DATETIME>
<BODY>i dont care if u wear girl stuff</BODY>
<COMMENT></COMMENT>
</POST>
<POST>
<USERNAME>pavlov1234</USERNAME>
<DATETIME>[3:55 p.m.]</DATETIME>
<BODY>no i wont</BODY>
<COMMENT></COMMENT>
</POST>
<POST>
<USERNAME>david 91752</USERNAME>
<DATETIME>[3:55 p.m.]</DATETIME>
<BODY>but u like it</BODY>
<COMMENT></COMMENT>
</POST>
<POST>
<USERNAME>pavlov1234</USERNAME>
<DATETIME>[3:56 p.m.]</DATETIME>
<BODY>loll- not all da time</BODY>
<COMMENT></COMMENT>
</POST>
<POST>
<USERNAME>david 91752</USERNAME>
<DATETIME>[3:56 p.m.]</DATETIME>
<BODY>i do what u want</BODY>
<COMMENT></COMMENT>
</POST>
<POST>
<USERNAME>pavlov1234</USERNAME>
<DATETIME>[3:56 p.m.]</DATETIME>
<BODY>u shud do wut you want to do</BODY>
<COMMENT></COMMENT>
</POST>
<POST>
<USERNAME>david 91752</USERNAME>
<DATETIME>[3:56 p.m.]</DATETIME>
<BODY>i dont no what to do</BODY>
<COMMENT></COMMENT>
</POST>
<POST>
<USERNAME>pavlov1234</USERNAME>
<DATETIME>[3:57 p.m.]</DATETIME>
<BODY>oh well itll happen</BODY>
<COMMENT></COMMENT>
</POST>
<POST>
<USERNAME>pavlov1234</USERNAME>
<DATETIME>[3:57 p.m.]</DATETIME>
<BODY>:-p</BODY>
<COMMENT></COMMENT>
</POST>
<POST>
<USERNAME>david 91752</USERNAME>
<DATETIME>[3:59 p.m.]</DATETIME>
<BODY>i gtg</BODY>
<COMMENT></COMMENT>
</POST>
<POST>
<USERNAME>pavlov1234</USERNAME>
<DATETIME>[3:59 p.m.]</DATETIME>
<BODY>ok</BODY>
<COMMENT></COMMENT>
</POST>
<POST>
<USERNAME>david 91752</USERNAME>
<DATETIME>[4:00 p.m.]</DATETIME>
<BODY>u be here laytar</BODY>
<COMMENT></COMMENT>
</POST>
<POST>
<USERNAME>pavlov1234</USERNAME>
<DATETIME>[4:00 p.m.]</DATETIME>
<BODY>like wut time</BODY>
<COMMENT></COMMENT>
</POST>
<POST>
<USERNAME>pavlov1234</USERNAME>
<DATETIME>[4:00 p.m.]</DATETIME>
<BODY>probly</BODY>
<COMMENT></COMMENT>
</POST>
<POST>
<USERNAME>pavlov1234</USERNAME>
<DATETIME>[4:00 p.m.]</DATETIME>
<BODY>i got to go shoppin</BODY>
<COMMENT></COMMENT>
</POST>
<POST>
<USERNAME>david 91752</USERNAME>
<DATETIME>[4:00 p.m.]</DATETIME>
<BODY>k i see u laytar</BODY>
<COMMENT></COMMENT>
</POST>
<POST>
<USERNAME>pavlov1234</USERNAME>
<DATETIME>[4:00 p.m.]</DATETIME>
<BODY>ok david -peace-</BODY>
<COMMENT></COMMENT>
</POST>
<POST>
<USERNAME>david 91752</USERNAME>
<DATETIME>[4:00 p.m.]</DATETIME>
<BODY>buy a dress</BODY>
<COMMENT></COMMENT>
</POST>
<POST>
<USERNAME>pavlov1234</USERNAME>
<DATETIME>[4:00 p.m.]</DATETIME>
<BODY>lol</BODY>
<COMMENT></COMMENT>
</POST>
<POST>
<USERNAME>david 91752</USERNAME>
<DATETIME>[4:00 p.m.]</DATETIME>
<BODY>no really</BODY>
<COMMENT></COMMENT>
</POST>
<POST>
<USERNAME>david 91752</USERNAME>
<DATETIME>[4:00 p.m.]</DATETIME>
<BODY>i want to see</BODY>
<COMMENT></COMMENT>
</POST>
<POST>
<USERNAME>pavlov1234</USERNAME>
<DATETIME>[4:00 p.m.]</DATETIME>
<BODY>omg</BODY>
<COMMENT></COMMENT>
</POST>
<POST>
<USERNAME>david 91752</USERNAME>
<DATETIME>[4:01 p.m.]</DATETIME>
<BODY>ru mad?</BODY>
<COMMENT></COMMENT>
</POST>
<POST>
<USERNAME>pavlov1234</USERNAME>
<DATETIME>[4:01 p.m.]</DATETIME>
<BODY>inaw- i dont get mad</BODY>
<COMMENT></COMMENT>
</POST>
<POST>
<USERNAME>pavlov1234</USERNAME>
<DATETIME>[4:01 p.m.]</DATETIME>
<BODY>xx</BODY>
<COMMENT></COMMENT>
</POST>
<POST>
<USERNAME>david 91752</USERNAME>
<DATETIME>[4:01 p.m.]</DATETIME>
<BODY>bye</BODY>
<COMMENT></COMMENT>
</POST>
<POST>
<USERNAME>pavlov1234</USERNAME>
<DATETIME>[4:01 p.m.]</DATETIME>
<BODY>bye</BODY>
<COMMENT></COMMENT>
</POST>
<POST>
<USERNAME></USERNAME>
<DATETIME></DATETIME>
<BODY>01/02/06</BODY>
<COMMENT></COMMENT>
</POST>
<POST>
<USERNAME>pavlov1234</USERNAME>
<DATETIME>[6:52 p.m.]</DATETIME>
<BODY>hi-:-p</BODY>
<COMMENT></COMMENT>
</POST>
<POST>
<USERNAME>david 91752</USERNAME>
<DATETIME>[7:01 p.m.]</DATETIME>
<BODY>ur here!!!!!!!!!!!!!</BODY>
<COMMENT></COMMENT>
</POST>
<POST>
<USERNAME>pavlov1234</USERNAME>
<DATETIME>[7:01 p.m.]</DATETIME>
<BODY>hi</BODY>
<COMMENT></COMMENT>
</POST>
<POST>
<USERNAME>pavlov1234</USERNAME>
<DATETIME>[7:01 p.m.]</DATETIME>
<BODY>:-p</BODY>
<COMMENT></COMMENT>
</POST>
<POST>
<USERNAME>david 91752</USERNAME>
<DATETIME>[7:01 p.m.]</DATETIME>
<BODY>i miss nmot talkin</BODY>
<COMMENT></COMMENT>
</POST>
<POST>
<USERNAME>pavlov1234</USERNAME>
<DATETIME>[7:01 p.m.]</DATETIME>
<BODY>i been soooo busy -- im sory- i been thinkin of you</BODY>
<COMMENT></COMMENT>
</POST>
<POST>
<USERNAME>pavlov1234</USERNAME>
<DATETIME>[7:02 p.m.]</DATETIME>
<BODY>i kno</BODY>
<COMMENT></COMMENT>
</POST>
<POST>
<USERNAME>pavlov1234</USERNAME>
<DATETIME>[7:02 p.m.]</DATETIME>
<BODY>i like talkin to u</BODY>
<COMMENT></COMMENT>
</POST>
<POST>
<USERNAME>david 91752</USERNAME>
<DATETIME>[7:02 p.m.]</DATETIME>
<BODY>i luk at ur pics all the time</BODY>
<COMMENT></COMMENT>
</POST>
<POST>
<USERNAME>pavlov1234</USERNAME>
<DATETIME>[7:02 p.m.]</DATETIME>
<BODY>really?</BODY>
<COMMENT></COMMENT>
</POST>
<POST>
<USERNAME>pavlov1234</USERNAME>
<DATETIME>[7:02 p.m.]</DATETIME>
<BODY>ure sooo swet david</BODY>
<COMMENT></COMMENT>
</POST>
<POST>
<USERNAME>pavlov1234</USERNAME>
<DATETIME>[7:02 p.m.]</DATETIME>
<BODY>swet</BODY>
<COMMENT></COMMENT>
</POST>
<POST>
<USERNAME>pavlov1234</USERNAME>
<DATETIME>[7:02 p.m.]</DATETIME>
<BODY>sweet</BODY>
<COMMENT></COMMENT>
</POST>
<POST>
<USERNAME>pavlov1234</USERNAME>
<DATETIME>[7:03 p.m.]</DATETIME>
<BODY>;-)</BODY>
<COMMENT></COMMENT>
</POST>
<POST>
<USERNAME>pavlov1234</USERNAME>
<DATETIME>[7:03 p.m.]</DATETIME>
<BODY>hope u had a cool xmas</BODY>
<COMMENT></COMMENT>
</POST>
<POST>
<USERNAME>david 91752</USERNAME>
<DATETIME>[7:03 p.m.]</DATETIME>
<BODY>was boring</BODY>
<COMMENT></COMMENT>
</POST>
<POST>
<USERNAME>pavlov1234</USERNAME>
<DATETIME>[7:03 p.m.]</DATETIME>
<BODY>aww really</BODY>
<COMMENT></COMMENT>
</POST>
<POST>
<USERNAME>david 91752</USERNAME>
<DATETIME>[7:03 p.m.]</DATETIME>
<BODY>what u do?</BODY>
<COMMENT></COMMENT>
</POST>
<POST>
<USERNAME>pavlov1234</USERNAME>
<DATETIME>[7:03 p.m.]</DATETIME>
<BODY>ohhhh david</BODY>
<COMMENT></COMMENT>
</POST>
<POST>
<USERNAME>pavlov1234</USERNAME>
<DATETIME>[7:03 p.m.]</DATETIME>
<BODY>mmm- nuthin went to my cuzins house for dinn</BODY>
<COMMENT></COMMENT>
</POST>
<POST>
<USERNAME>david 91752</USERNAME>
<DATETIME>[7:04 p.m.]</DATETIME>
<BODY>why u so busy?</BODY>
<COMMENT></COMMENT>
</POST>
<POST>
<USERNAME>pavlov1234</USERNAME>
<DATETIME>[7:04 p.m.]</DATETIME>
<BODY>opend presents and stuff</BODY>
<COMMENT></COMMENT>
</POST>
<POST>
<USERNAME>pavlov1234</USERNAME>
<DATETIME>[7:04 p.m.]</DATETIME>
<BODY>at work</BODY>
<COMMENT></COMMENT>
</POST>
<POST>
<USERNAME>pavlov1234</USERNAME>
<DATETIME>[7:04 p.m.]</DATETIME>
<BODY>ther sendin me all over the place-lol</BODY>
<COMMENT></COMMENT>
</POST>
<POST>
<USERNAME>pavlov1234</USERNAME>
<DATETIME>[7:05 p.m.]</DATETIME>
<BODY>i dont mind -it gets me outa da office</BODY>
<COMMENT></COMMENT>
</POST>
<POST>
<USERNAME>pavlov1234</USERNAME>
<DATETIME>[7:05 p.m.]</DATETIME>
<BODY>so how u been</BODY>
<COMMENT></COMMENT>
</POST>
<POST>
<USERNAME>david 91752</USERNAME>
<DATETIME>[7:05 p.m.]</DATETIME>
<BODY>just bored</BODY>
<COMMENT></COMMENT>
</POST>
<POST>
<USERNAME>pavlov1234</USERNAME>
<DATETIME>[7:05 p.m.]</DATETIME>
<BODY>me 2 kinda</BODY>
<COMMENT></COMMENT>
</POST>
<POST>
<USERNAME>david 91752</USERNAME>
<DATETIME>[7:06 p.m.]</DATETIME>
<BODY>did u buy a dress</BODY>
<COMMENT></COMMENT>
</POST>
<POST>
<USERNAME>pavlov1234</USERNAME>
<DATETIME>[7:06 p.m.]</DATETIME>
<BODY>no i didnt- manlol</BODY>
<COMMENT></COMMENT>
</POST>
<POST>
<USERNAME>pavlov1234</USERNAME>
<DATETIME>[7:06 p.m.]</DATETIME>
<BODY>i changd my mind</BODY>
<COMMENT></COMMENT>
</POST>
<POST>
<USERNAME>david 91752</USERNAME>
<DATETIME>[7:06 p.m.]</DATETIME>
<BODY>i been thinkin and i want to try it with u</BODY>
<COMMENT></COMMENT>
</POST>
<POST>
<USERNAME>pavlov1234</USERNAME>
<DATETIME>[7:06 p.m.]</DATETIME>
<BODY>try wut?</BODY>
<COMMENT></COMMENT>
</POST>
<POST>
<USERNAME>david 91752</USERNAME>
<DATETIME>[7:07 p.m.]</DATETIME>
<BODY>like girl clothes</BODY>
<COMMENT></COMMENT>
</POST>
<POST>
<USERNAME>pavlov1234</USERNAME>
<DATETIME>[7:07 p.m.]</DATETIME>
<BODY>o lol</BODY>
<COMMENT></COMMENT>
</POST>
<POST>
<USERNAME>pavlov1234</USERNAME>
<DATETIME>[7:07 p.m.]</DATETIME>
<BODY>no dont- i was jus mesin man</BODY>
<COMMENT></COMMENT>
</POST>
<POST>
<USERNAME>david 91752</USERNAME>
<DATETIME>[7:07 p.m.]</DATETIME>
<BODY>really?</BODY>
<COMMENT></COMMENT>
</POST>
<POST>
<USERNAME>pavlov1234</USERNAME>
<DATETIME>[7:07 p.m.]</DATETIME>
<BODY>ya--i usd to think bout it but not any mor</BODY>
<COMMENT></COMMENT>
</POST>
<POST>
<USERNAME>david 91752</USERNAME>
<DATETIME>[7:08 p.m.]</DATETIME>
<BODY>oh i just wanted u to like me</BODY>
<COMMENT></COMMENT>
</POST>
<POST>
<USERNAME>pavlov1234</USERNAME>
<DATETIME>[7:08 p.m.]</DATETIME>
<BODY>really- oh david im gona cry</BODY>
<COMMENT></COMMENT>
</POST>
<POST>
<USERNAME>pavlov1234</USERNAME>
<DATETIME>[7:08 p.m.]</DATETIME>
<BODY>ur sooo sweet</BODY>
<COMMENT></COMMENT>
</POST>
<POST>
<USERNAME>pavlov1234</USERNAME>
<DATETIME>[7:09 p.m.]</DATETIME>
<BODY>n i do like you</BODY>
<COMMENT></COMMENT>
<CODING>
<VERSION>Pavlov1234.emjakubowski.coded.txt</VERSION>
<CATEGORY>200</CATEGORY>
<TONE>1</TONE>
</CODING>
</POST>
<POST>
<USERNAME>pavlov1234</USERNAME>
<DATETIME>[7:09 p.m.]</DATETIME>
<BODY>i really do</BODY>
<COMMENT></COMMENT>
<CODING>
<VERSION>Pavlov1234.emjakubowski.coded.txt</VERSION>
<CATEGORY>200</CATEGORY>
<TONE>1</TONE>
</CODING>
</POST>
<POST>
<USERNAME>pavlov1234</USERNAME>
<DATETIME>[7:09 p.m.]</DATETIME>
<BODY>u like to kiss</BODY>
<COMMENT></COMMENT>
<CODING>
<VERSION>Pavlov1234.emjakubowski.coded.txt</VERSION>
<CATEGORY>600</CATEGORY>
<TONE>2</TONE>
</CODING>
</POST>
<POST>
<USERNAME>david 91752</USERNAME>
<DATETIME>[7:09 p.m.]</DATETIME>
<BODY>i never done it</BODY>
<COMMENT></COMMENT>
</POST>
<POST>
<USERNAME>pavlov1234</USERNAME>
<DATETIME>[7:09 p.m.]</DATETIME>
<BODY>its good</BODY>
<COMMENT></COMMENT>
</POST>
<POST>
<USERNAME>pavlov1234</USERNAME>
<DATETIME>[7:10 p.m.]</DATETIME>
<BODY>ill show ya how to french-lol</BODY>
<COMMENT></COMMENT>
<CODING>
<VERSION>Pavlov1234.emjakubowski.coded.txt</VERSION>
<CATEGORY>600</CATEGORY>
<TONE>1</TONE>
</CODING>
</POST>
<POST>
<USERNAME>david 91752</USERNAME>
<DATETIME>[7:10 p.m.]</DATETIME>
<BODY>i want to totally</BODY>
<COMMENT></COMMENT>
</POST>
<POST>
<USERNAME>pavlov1234</USERNAME>
<DATETIME>[7:10 p.m.]</DATETIME>
<BODY>ok</BODY>
<COMMENT></COMMENT>
</POST>
<POST>
<USERNAME>pavlov1234</USERNAME>
<DATETIME>[7:10 p.m.]</DATETIME>
<BODY>i will</BODY>
<COMMENT></COMMENT>
</POST>
<POST>
<USERNAME>david 91752</USERNAME>
<DATETIME>[7:11 p.m.]</DATETIME>
<BODY>i cant wait</BODY>
<COMMENT></COMMENT>
</POST>
<POST>
<USERNAME>pavlov1234</USERNAME>
<DATETIME>[7:11 p.m.]</DATETIME>
<BODY>when</BODY>
<COMMENT></COMMENT>
<CODING>
<VERSION>Pavlov1234.emjakubowski.coded.txt</VERSION>
<CATEGORY>900</CATEGORY>
<TONE>2</TONE>
</CODING>
</POST>
<POST>
<USERNAME>pavlov1234</USERNAME>
<DATETIME>[7:11 p.m.]</DATETIME>
<BODY>is good</BODY>
<COMMENT></COMMENT>
</POST>
<POST>
<USERNAME>david 91752</USERNAME>
<DATETIME>[7:11 p.m.]</DATETIME>
<BODY>my dad goes friday to sunday nite</BODY>
<COMMENT></COMMENT>
</POST>
<POST>
<USERNAME>pavlov1234</USERNAME>
<DATETIME>[7:12 p.m.]</DATETIME>
<BODY>u mean u gona be alone?</BODY>
<COMMENT></COMMENT>
<CODING>
<VERSION>Pavlov1234.emjakubowski.coded.txt</VERSION>
<CATEGORY>900</CATEGORY>
<TONE>2</TONE>
</CODING>
</POST>
<POST>
<USERNAME>david 91752</USERNAME>
<DATETIME>[7:12 p.m.]</DATETIME>
<BODY>yea he let me stay alone now but calls</BODY>
<COMMENT></COMMENT>
</POST>
<POST>
<USERNAME>pavlov1234</USERNAME>
<DATETIME>[7:12 p.m.]</DATETIME>
<BODY>ok das coo</BODY>
<COMMENT></COMMENT>
</POST>
<POST>
<USERNAME>david 91752</USERNAME>
<DATETIME>[7:13 p.m.]</DATETIME>
<BODY>do we need rubbers do they hurt?</BODY>
<COMMENT></COMMENT>
</POST>
<POST>
<USERNAME>pavlov1234</USERNAME>
<DATETIME>[7:14 p.m.]</DATETIME>
<BODY>mmmm i don kno--i dont fuk guys- but if ya wan you can do me -</BODY>
<COMMENT></COMMENT>
<CODING>
<VERSION>Pavlov1234.emjakubowski.coded.txt</VERSION>
<CATEGORY>600</CATEGORY>
<TONE>31</TONE>
</CODING>
</POST>
<POST>
<USERNAME>pavlov1234</USERNAME>
<DATETIME>[7:14 p.m.]</DATETIME>
<BODY>i got some</BODY>
<COMMENT></COMMENT>
</POST>
<POST>
<USERNAME>david 91752</USERNAME>
<DATETIME>[7:14 p.m.]</DATETIME>
<BODY>i never done it</BODY>
<COMMENT></COMMENT>
</POST>
<POST>
<USERNAME>pavlov1234</USERNAME>
<DATETIME>[7:14 p.m.]</DATETIME>
<BODY>how big r u?</BODY>
<COMMENT></COMMENT>
<CODING>
<VERSION>Pavlov1234.emjakubowski.coded.txt</VERSION>
<CATEGORY>600</CATEGORY>
<TONE>2</TONE>
</CODING>
</POST>
<POST>
<USERNAME>david 91752</USERNAME>
<DATETIME>[7:15 p.m.]</DATETIME>
<BODY>5 but still growin</BODY>
<COMMENT></COMMENT>
</POST>
<POST>
<USERNAME>pavlov1234</USERNAME>
<DATETIME>[7:15 p.m.]</DATETIME>
<BODY>u can do me doggy style if ya wan</BODY>
<COMMENT></COMMENT>
<CODING>
<VERSION>Pavlov1234.emjakubowski.coded.txt</VERSION>
<CATEGORY>600</CATEGORY>
<TONE>1</TONE>
</CODING>
</POST>
<POST>
<USERNAME>david 91752</USERNAME>
<DATETIME>[7:15 p.m.]</DATETIME>
<BODY>whats that?</BODY>
<COMMENT></COMMENT>
</POST>
<POST>
<USERNAME>pavlov1234</USERNAME>
<DATETIME>[7:16 p.m.]</DATETIME>
<BODY>ill sho ya--ill suk u first ok</BODY>
<COMMENT></COMMENT>
<CODING>
<VERSION>Pavlov1234.emjakubowski.coded.txt</VERSION>
<CATEGORY>600</CATEGORY>
<TONE>31</TONE>
</CODING>
</POST>
<POST>
<USERNAME>david 91752</USERNAME>
<DATETIME>[7:16 p.m.]</DATETIME>
<BODY>i cum and still hard</BODY>
<COMMENT></COMMENT>
</POST>
<POST>
<USERNAME>david 91752</USERNAME>
<DATETIME>[7:16 p.m.]</DATETIME>
<BODY>it hurts</BODY>
<COMMENT></COMMENT>
</POST>
<POST>
<USERNAME>pavlov1234</USERNAME>
<DATETIME>[7:16 p.m.]</DATETIME>
<BODY>really does it hurt when u cum?</BODY>
<COMMENT></COMMENT>
<CODING>
<VERSION>Pavlov1234.emjakubowski.coded.txt</VERSION>
<CATEGORY>600</CATEGORY>
<TONE>2</TONE>
</CODING>
</POST>
<POST>
<USERNAME>david 91752</USERNAME>
<DATETIME>[7:17 p.m.]</DATETIME>
<BODY>no like when i cum then it stays hard it hurts then i cum again then again</BODY>
<COMMENT></COMMENT>
</POST>
<POST>
<USERNAME>pavlov1234</USERNAME>
<DATETIME>[7:17 p.m.]</DATETIME>
<BODY>reall-y-u a cumin achine--lol</BODY>
<COMMENT></COMMENT>
<CODING>
<VERSION>Pavlov1234.emjakubowski.coded.txt</VERSION>
<CATEGORY>600</CATEGORY>
<TONE>2</TONE>
</CODING>
</POST>
<POST>
<USERNAME>pavlov1234</USERNAME>
<DATETIME>[7:17 p.m.]</DATETIME>
<BODY>machine</BODY>
<COMMENT></COMMENT>
</POST>
<POST>
<USERNAME>pavlov1234</USERNAME>
<DATETIME>[7:17 p.m.]</DATETIME>
<BODY>das good u can cum in my mouth</BODY>
<COMMENT></COMMENT>
<CODING>
<VERSION>Pavlov1234.emjakubowski.coded.txt</VERSION>
<CATEGORY>600</CATEGORY>
<TONE>1</TONE>
</CODING>
</POST>
<POST>
<USERNAME>david 91752</USERNAME>
<DATETIME>[7:18 p.m.]</DATETIME>
<BODY>i do what u say</BODY>
<COMMENT></COMMENT>
</POST>
<POST>
<USERNAME>pavlov1234</USERNAME>
<DATETIME>[7:18 p.m.]</DATETIME>
<BODY>noo i want to do wut you want</BODY>
<COMMENT></COMMENT>
<CODING>
<VERSION>Pavlov1234.emjakubowski.coded.txt</VERSION>
<CATEGORY>600</CATEGORY>
<TONE>3</TONE>
</CODING>
</POST>
<POST>
<USERNAME>david 91752</USERNAME>
<DATETIME>[7:18 p.m.]</DATETIME>
<BODY>i dont no what 2 do</BODY>
<COMMENT></COMMENT>
</POST>
<POST>
<USERNAME>pavlov1234</USERNAME>
<DATETIME>[7:18 p.m.]</DATETIME>
<BODY>:-p</BODY>
<COMMENT></COMMENT>
</POST>
<POST>
<USERNAME>pavlov1234</USERNAME>
<DATETIME>[7:18 p.m.]</DATETIME>
<BODY>mmmm ok</BODY>
<COMMENT></COMMENT>
</POST>
<POST>
<USERNAME>pavlov1234</USERNAME>
<DATETIME>[7:19 p.m.]</DATETIME>
<BODY>i hope i can sho ya</BODY>
<COMMENT></COMMENT>
<CODING>
<VERSION>Pavlov1234.emjakubowski.coded.txt</VERSION>
<CATEGORY>600</CATEGORY>
<TONE>31</TONE>
</CODING>
</POST>
<POST>
<USERNAME>pavlov1234</USERNAME>
<DATETIME>[7:19 p.m.]</DATETIME>
<BODY>i will</BODY>
<COMMENT></COMMENT>
</POST>
<POST>
<USERNAME>pavlov1234</USERNAME>
<DATETIME>[7:19 p.m.]</DATETIME>
<BODY>:-p</BODY>
<COMMENT></COMMENT>
</POST>
<POST>
<USERNAME>pavlov1234</USERNAME>
<DATETIME>[7:20 p.m.]</DATETIME>
<BODY>u live in house or apt?</BODY>
<COMMENT></COMMENT>
<CODING>
<VERSION>Pavlov1234.emjakubowski.coded.txt</VERSION>
<CATEGORY>900</CATEGORY>
<TONE>2</TONE>
</CODING>
</POST>
<POST>
<USERNAME>david 91752</USERNAME>
<DATETIME>[7:20 p.m.]</DATETIME>
<BODY>house</BODY>
<COMMENT></COMMENT>
</POST>
<POST>
<USERNAME>pavlov1234</USERNAME>
<DATETIME>[7:20 p.m.]</DATETIME>
<BODY>o ok</BODY>
<COMMENT></COMMENT>
</POST>
<POST>
<USERNAME>pavlov1234</USERNAME>
<DATETIME>[7:20 p.m.]</DATETIME>
<BODY>riverside?</BODY>
<COMMENT></COMMENT>
<CODING>
<VERSION>Pavlov1234.emjakubowski.coded.txt</VERSION>
<CATEGORY>200</CATEGORY>
<TONE>2</TONE>
</CODING>
</POST>
<POST>
<USERNAME>david 91752</USERNAME>
<DATETIME>[7:21 p.m.]</DATETIME>
<BODY>** location edit**</BODY>
<COMMENT></COMMENT>
</POST>
<POST>
<USERNAME>pavlov1234</USERNAME>
<DATETIME>[7:21 p.m.]</DATETIME>
<BODY>o ya i knowher das</BODY>
<COMMENT></COMMENT>
</POST>
<POST>
<USERNAME>pavlov1234</USERNAME>
<DATETIME>[7:22 p.m.]</DATETIME>
<BODY>u got my # ya</BODY>
<COMMENT></COMMENT>
<CODING>
<VERSION>Pavlov1234.emjakubowski.coded.txt</VERSION>
<CATEGORY>200</CATEGORY>
<TONE>2</TONE>
</CODING>
</POST>
<POST>
<USERNAME>david 91752</USERNAME>
<DATETIME>[7:22 p.m.]</DATETIME>
<BODY>i wrote it in my book so no one find it</BODY>
<COMMENT></COMMENT>
</POST>
<POST>
<USERNAME>pavlov1234</USERNAME>
<DATETIME>[7:22 p.m.]</DATETIME>
<BODY>ok</BODY>
<COMMENT></COMMENT>
</POST>
<POST>
<USERNAME>pavlov1234</USERNAME>
<DATETIME>[7:23 p.m.]</DATETIME>
<BODY>wut r u wearin now?</BODY>
<COMMENT></COMMENT>
</POST>
<POST>
<USERNAME>david 91752</USERNAME>
<DATETIME>[7:23 p.m.]</DATETIME>
<BODY>sweats</BODY>
<COMMENT></COMMENT>
</POST>
<POST>
<USERNAME>pavlov1234</USERNAME>
<DATETIME>[7:23 p.m.]</DATETIME>
<BODY>o ok</BODY>
<COMMENT></COMMENT>
</POST>
<POST>
<USERNAME>pavlov1234</USERNAME>
<DATETIME>[7:23 p.m.]</DATETIME>
<BODY>u got a boner?--lol</BODY>
<COMMENT></COMMENT>
<CODING>
<VERSION>Pavlov1234.emjakubowski.coded.txt</VERSION>
<CATEGORY>600</CATEGORY>
<TONE>2</TONE>
</CODING>
</POST>
<POST>
<USERNAME>pavlov1234</USERNAME>
<DATETIME>[7:23 p.m.]</DATETIME>
<BODY>:-p</BODY>
<COMMENT></COMMENT>
</POST>
<POST>
<USERNAME>pavlov1234</USERNAME>
<DATETIME>[7:23 p.m.]</DATETIME>
<BODY>j/k</BODY>
<COMMENT></COMMENT>
</POST>
<POST>
<USERNAME>david 91752</USERNAME>
<DATETIME>[7:24 p.m.]</DATETIME>
<BODY>brb</BODY>
<COMMENT></COMMENT>
</POST>
<POST>
<USERNAME>pavlov1234</USERNAME>
<DATETIME>[7:24 p.m.]</DATETIME>
<BODY>k</BODY>
<COMMENT></COMMENT>
</POST>
<POST>
<USERNAME>david 91752</USERNAME>
<DATETIME>[7:28 p.m.]</DATETIME>
<BODY>that my dad i gtg</BODY>
<COMMENT></COMMENT>
</POST>
<POST>
<USERNAME>pavlov1234</USERNAME>
<DATETIME>[7:28 p.m.]</DATETIME>
<BODY>ok ttyl</BODY>
<COMMENT></COMMENT>
</POST>
<POST>
<USERNAME>pavlov1234</USERNAME>
<DATETIME></DATETIME>
<BODY>signed off at 7:30 p.m.</BODY>
<COMMENT></COMMENT>
</POST>
</CHATLOG>