<!DOCTYPE CHATLOG SYSTEM 'chatlog.dtd'>
<CHATLOG>
<PREDATOR>
<FIRSTNAME>Roberto</FIRSTNAME>
<LASTNAME>Forte</LASTNAME>
<STATEDNAME>Robert</STATEDNAME>
<STATEDAGE>42</STATEDAGE>
<AGE>55</AGE>
<GENDER>Male</GENDER>
<RACE>Hispanic</RACE>
<CITY>Tustin</CITY>
<STATE>CA</STATE>
<REPEATOFFENDER>false</REPEATOFFENDER>
<ADMITGUILT>false</ADMITGUILT>
<TRUTHFULNAME>true</TRUTHFULNAME>
<SCREENNAME>
<USERNAME>socal128</USERNAME>
<HOST></HOST>
</SCREENNAME>
</PREDATOR>
<VICTIM>
<FIRSTNAME>Jay</FIRSTNAME>
<LASTNAME>Alternative</LASTNAME>
<STATEDNAME>Luke</STATEDNAME>
<STATEDAGE>13</STATEDAGE>
<GENDER>Male</GENDER>
<RACE></RACE>
<CITY>Mira Loma</CITY>
<STATE>CA</STATE>
<PREVIOUSVICTIMIZATION>true</PREVIOUSVICTIMIZATION>
<ADMITGUILT>true</ADMITGUILT>
<SCREENNAME>
<USERNAME>riverridzz13</USERNAME>
<HOST></HOST>
</SCREENNAME>
</VICTIM>
<CODINGVERSION>
<NAME>Socal128.elkilmer.coded.txt</NAME>
<CODER>elkilmer</CODER>
</CODINGVERSION>
<CODINGVERSION>
<NAME>Socal128.rokress2.both.coded.txt</NAME>
<CODER>rokress</CODER>
</CODINGVERSION>
<POST>
<USERNAME>socal128</USERNAME>
<DATETIME>[1:30 p.m.]</DATETIME>
<BODY>hi, corona here</BODY>
<COMMENT></COMMENT>
<CODING>
<VERSION>Socal128.elkilmer.coded.txt</VERSION>
<CATEGORY>200</CATEGORY>
<TONE>1</TONE>
</CODING>
<CODING>
<VERSION>Socal128.rokress2.both.coded.txt</VERSION>
<CATEGORY>200</CATEGORY>
<TONE>1</TONE>
</CODING>
</POST>
<POST>
<USERNAME>socal128</USERNAME>
<DATETIME>[1:30 p.m.]</DATETIME>
<BODY>u there?</BODY>
<COMMENT></COMMENT>
</POST>
<POST>
<USERNAME>riverridzz13</USERNAME>
<DATETIME>[1:31 p.m.]</DATETIME>
<BODY>sup</BODY>
<COMMENT></COMMENT>
</POST>
<POST>
<USERNAME>socal128</USERNAME>
<DATETIME>[1:31 p.m.]</DATETIME>
<BODY>no much, u?</BODY>
<COMMENT></COMMENT>
</POST>
<POST>
<USERNAME>riverridzz13</USERNAME>
<DATETIME>[1:31 p.m.]</DATETIME>
<BODY>bored</BODY>
<COMMENT></COMMENT>
</POST>
<POST>
<USERNAME>riverridzz13</USERNAME>
<DATETIME>[1:31 p.m.]</DATETIME>
<BODY>how old ru</BODY>
<COMMENT></COMMENT>
</POST>
<POST>
<USERNAME>socal128</USERNAME>
<DATETIME>[1:31 p.m.]</DATETIME>
<BODY>42, that ok?</BODY>
<COMMENT></COMMENT>
<CODING>
<VERSION>Socal128.elkilmer.coded.txt</VERSION>
<CATEGORY>200</CATEGORY>
<TONE>32</TONE>
</CODING>
<CODING>
<VERSION>Socal128.rokress2.both.coded.txt</VERSION>
<CATEGORY>600</CATEGORY>
<TONE>32</TONE>
</CODING>
</POST>
<POST>
<USERNAME>riverridzz13</USERNAME>
<DATETIME>[1:32 p.m.]</DATETIME>
<BODY>u luk that old?</BODY>
<COMMENT></COMMENT>
</POST>
<POST>
<USERNAME>socal128</USERNAME>
<DATETIME>[1:32 p.m.]</DATETIME>
<BODY>been told i look cool</BODY>
<COMMENT></COMMENT>
<CODING>
<VERSION>Socal128.elkilmer.coded.txt</VERSION>
<CATEGORY>200</CATEGORY>
<TONE>3</TONE>
</CODING>
</POST>
<POST>
<USERNAME>riverridzz13</USERNAME>
<DATETIME>[1:33 p.m.]</DATETIME>
<BODY><------13 mira loma</BODY>
<COMMENT></COMMENT>
</POST>
<POST>
<USERNAME>riverridzz13</USERNAME>
<DATETIME>[1:33 p.m.]</DATETIME>
<BODY>u got pics?</BODY>
<COMMENT></COMMENT>
</POST>
<POST>
<USERNAME>socal128</USERNAME>
<DATETIME>[1:33 p.m.]</DATETIME>
<BODY>u likie older?</BODY>
<COMMENT></COMMENT>
<CODING>
<VERSION>Socal128.elkilmer.coded.txt</VERSION>
<CATEGORY>600</CATEGORY>
<TONE>2</TONE>
</CODING>
<CODING>
<VERSION>Socal128.rokress2.both.coded.txt</VERSION>
<CATEGORY>600</CATEGORY>
<TONE>2</TONE>
</CODING>
</POST>
<POST>
<USERNAME>riverridzz13</USERNAME>
<DATETIME>[1:34 p.m.]</DATETIME>
<BODY>yeah i dont want no one to knwo im gay</BODY>
<COMMENT></COMMENT>
</POST>
<POST>
<USERNAME>socal128</USERNAME>
<DATETIME>[1:34 p.m.]</DATETIME>
<BODY>same here</BODY>
<COMMENT></COMMENT>
</POST>
<POST>
<USERNAME>socal128</USERNAME>
<DATETIME>[1:34 p.m.]</DATETIME>
<BODY>u have a pic?</BODY>
<COMMENT></COMMENT>
<CODING>
<VERSION>Socal128.elkilmer.coded.txt</VERSION>
<CATEGORY>200</CATEGORY>
<TONE>2</TONE>
</CODING>
<CODING>
<VERSION>Socal128.rokress2.both.coded.txt</VERSION>
<CATEGORY>600</CATEGORY>
<TONE>2</TONE>
</CODING>
</POST>
<POST>
<USERNAME>riverridzz13</USERNAME>
<DATETIME>[1:34 p.m.]</DATETIME>
<BODY>trade</BODY>
<COMMENT></COMMENT>
</POST>
<POST>
<USERNAME>socal128</USERNAME>
<DATETIME>[1:34 p.m.]</DATETIME>
<BODY>sure send</BODY>
<COMMENT></COMMENT>
<CODING>
<VERSION>Socal128.elkilmer.coded.txt</VERSION>
<CATEGORY>200</CATEGORY>
<TONE>34</TONE>
</CODING>
</POST>
<POST>
<USERNAME>riverridzz13</USERNAME>
<DATETIME>[1:35 p.m.]</DATETIME>
<BODY>k</BODY>
<COMMENT></COMMENT>
</POST>
<POST>
<USERNAME>socal128</USERNAME>
<DATETIME>[1:35 p.m.]</DATETIME>
<BODY>u sending?</BODY>
<COMMENT></COMMENT>
</POST>
<POST>
<USERNAME>riverridzz13</USERNAME>
<DATETIME>[1:35 p.m.]</DATETIME>
<BODY>did</BODY>
<COMMENT></COMMENT>
</POST>
<POST>
<USERNAME>socal128</USERNAME>
<DATETIME>[1:36 p.m.]</DATETIME>
<BODY>hot, sent</BODY>
<COMMENT></COMMENT>
</POST>
<POST>
<USERNAME>riverridzz13</USERNAME>
<DATETIME>[1:37 p.m.]</DATETIME>
<BODY>u luk buff 4 old dude u gots more?</BODY>
<COMMENT></COMMENT>
</POST>
<POST>
<USERNAME>socal128</USERNAME>
<DATETIME>[1:37 p.m.]</DATETIME>
<BODY>yes u?</BODY>
<COMMENT></COMMENT>
</POST>
<POST>
<USERNAME>riverridzz13</USERNAME>
<DATETIME>[1:37 p.m.]</DATETIME>
<BODY>u got 3 i got one no fair ur turn</BODY>
<COMMENT></COMMENT>
</POST>
<POST>
<USERNAME>socal128</USERNAME>
<DATETIME>[1:37 p.m.]</DATETIME>
<BODY>sure</BODY>
<COMMENT></COMMENT>
</POST>
<POST>
<USERNAME>socal128</USERNAME>
<DATETIME>[1:38 p.m.]</DATETIME>
<BODY>sent</BODY>
<COMMENT></COMMENT>
</POST>
<POST>
<USERNAME>riverridzz13</USERNAME>
<DATETIME>[1:38 p.m.]</DATETIME>
<BODY>way hot</BODY>
<COMMENT></COMMENT>
</POST>
<POST>
<USERNAME>socal128</USERNAME>
<DATETIME>[1:39 p.m.]</DATETIME>
<BODY>u too, robert here u?</BODY>
<COMMENT></COMMENT>
<CODING>
<VERSION>Socal128.elkilmer.coded.txt</VERSION>
<CATEGORY>200</CATEGORY>
<TONE>2</TONE>
</CODING>
<CODING>
<VERSION>Socal128.rokress2.both.coded.txt</VERSION>
<CATEGORY>200</CATEGORY>
<TONE>32</TONE>
</CODING>
</POST>
<POST>
<USERNAME>riverridzz13</USERNAME>
<DATETIME>[1:39 p.m.]</DATETIME>
<BODY><------luke</BODY>
<COMMENT></COMMENT>
</POST>
<POST>
<USERNAME>socal128</USERNAME>
<DATETIME>[1:39 p.m.]</DATETIME>
<BODY>nice name</BODY>
<COMMENT></COMMENT>
</POST>
<POST>
<USERNAME>socal128</USERNAME>
<DATETIME>[1:39 p.m.]</DATETIME>
<BODY>u been with men already?</BODY>
<COMMENT></COMMENT>
<CODING>
<VERSION>Socal128.elkilmer.coded.txt</VERSION>
<CATEGORY>600</CATEGORY>
<TONE>2</TONE>
</CODING>
<CODING>
<VERSION>Socal128.rokress2.both.coded.txt</VERSION>
<CATEGORY>600</CATEGORY>
<TONE>2</TONE>
</CODING>
</POST>
<POST>
<USERNAME>riverridzz13</USERNAME>
<DATETIME>[1:40 p.m.]</DATETIME>
<BODY>once</BODY>
<COMMENT></COMMENT>
</POST>
<POST>
<USERNAME>socal128</USERNAME>
<DATETIME>[1:41 p.m.]</DATETIME>
<BODY>what did u do?</BODY>
<COMMENT></COMMENT>
<CODING>
<VERSION>Socal128.elkilmer.coded.txt</VERSION>
<CATEGORY>600</CATEGORY>
<TONE>2</TONE>
</CODING>
<CODING>
<VERSION>Socal128.rokress2.both.coded.txt</VERSION>
<CATEGORY>600</CATEGORY>
<TONE>2</TONE>
</CODING>
</POST>
<POST>
<USERNAME>riverridzz13</USERNAME>
<DATETIME>[1:41 p.m.]</DATETIME>
<BODY>made out suxd he fucked me it hurt</BODY>
<COMMENT></COMMENT>
</POST>
<POST>
<USERNAME>socal128</USERNAME>
<DATETIME>[1:42 p.m.]</DATETIME>
<BODY>how old was he?</BODY>
<COMMENT></COMMENT>
<CODING>
<VERSION>Socal128.elkilmer.coded.txt</VERSION>
<CATEGORY>600</CATEGORY>
<TONE>2</TONE>
</CODING>
<CODING>
<VERSION>Socal128.rokress2.both.coded.txt</VERSION>
<CATEGORY>600</CATEGORY>
<TONE>2</TONE>
</CODING>
</POST>
<POST>
<USERNAME>riverridzz13</USERNAME>
<DATETIME>[1:42 p.m.]</DATETIME>
<BODY>said 30 but i think older</BODY>
<COMMENT></COMMENT>
</POST>
<POST>
<USERNAME>socal128</USERNAME>
<DATETIME>[1:43 p.m.]</DATETIME>
<BODY>ic</BODY>
<COMMENT></COMMENT>
</POST>
<POST>
<USERNAME>socal128</USERNAME>
<DATETIME>[1:43 p.m.]</DATETIME>
<BODY>would u want to try it again?</BODY>
<COMMENT></COMMENT>
<CODING>
<VERSION>Socal128.elkilmer.coded.txt</VERSION>
<CATEGORY>600</CATEGORY>
<TONE>2</TONE>
</CODING>
<CODING>
<VERSION>Socal128.rokress2.both.coded.txt</VERSION>
<CATEGORY>600</CATEGORY>
<TONE>2</TONE>
</CODING>
</POST>
<POST>
<USERNAME>riverridzz13</USERNAME>
<DATETIME>[1:44 p.m.]</DATETIME>
<BODY>totally</BODY>
<COMMENT></COMMENT>
</POST>
<POST>
<USERNAME>socal128</USERNAME>
<DATETIME>[1:45 p.m.]</DATETIME>
<BODY>really?</BODY>
<COMMENT></COMMENT>
</POST>
<POST>
<USERNAME>socal128</USERNAME>
<DATETIME>[1:45 p.m.]</DATETIME>
<BODY>if done alright doesnt hurt</BODY>
<COMMENT></COMMENT>
<CODING>
<VERSION>Socal128.elkilmer.coded.txt</VERSION>
<CATEGORY>600</CATEGORY>
<TONE>1</TONE>
</CODING>
<CODING>
<VERSION>Socal128.rokress2.both.coded.txt</VERSION>
<CATEGORY>600</CATEGORY>
<TONE>1</TONE>
</CODING>
</POST>
<POST>
<USERNAME>riverridzz13</USERNAME>
<DATETIME>[1:46 p.m.]</DATETIME>
<BODY>really?</BODY>
<COMMENT></COMMENT>
</POST>
<POST>
<USERNAME>socal128</USERNAME>
<DATETIME>[1:46 p.m.]</DATETIME>
<BODY>yes</BODY>
<COMMENT></COMMENT>
</POST>
<POST>
<USERNAME>socal128</USERNAME>
<DATETIME>[1:47 p.m.]</DATETIME>
<BODY>ther trick is to relax the musle first</BODY>
<COMMENT></COMMENT>
<CODING>
<VERSION>Socal128.elkilmer.coded.txt</VERSION>
<CATEGORY>600</CATEGORY>
<TONE>1</TONE>
</CODING>
<CODING>
<VERSION>Socal128.rokress2.both.coded.txt</VERSION>
<CATEGORY>600</CATEGORY>
<TONE>1</TONE>
</CODING>
</POST>
<POST>
<USERNAME>riverridzz13</USERNAME>
<DATETIME>[1:49 p.m.]</DATETIME>
<BODY>how u do that</BODY>
<COMMENT></COMMENT>
</POST>
<POST>
<USERNAME>socal128</USERNAME>
<DATETIME>[1:49 p.m.]</DATETIME>
<BODY>fingers, tongue, lots os massages, no rush</BODY>
<COMMENT></COMMENT>
<CODING>
<VERSION>Socal128.elkilmer.coded.txt</VERSION>
<CATEGORY>600</CATEGORY>
<TONE>1</TONE>
</CODING>
<CODING>
<VERSION>Socal128.rokress2.both.coded.txt</VERSION>
<CATEGORY>600</CATEGORY>
<TONE>3</TONE>
</CODING>
</POST>
<POST>
<USERNAME>riverridzz13</USERNAME>
<DATETIME>[1:50 p.m.]</DATETIME>
<BODY>wow</BODY>
<COMMENT></COMMENT>
</POST>
<POST>
<USERNAME>riverridzz13</USERNAME>
<DATETIME>[1:50 p.m.]</DATETIME>
<BODY>see old guys know shyt</BODY>
<COMMENT></COMMENT>
</POST>
<POST>
<USERNAME>socal128</USERNAME>
<DATETIME>[1:51 p.m.]</DATETIME>
<BODY>the thrick is to bring the pleasure aout, not the pain</BODY>
<COMMENT></COMMENT>
<CODING>
<VERSION>Socal128.elkilmer.coded.txt</VERSION>
<CATEGORY>600</CATEGORY>
<TONE>1</TONE>
</CODING>
<CODING>
<VERSION>Socal128.rokress2.both.coded.txt</VERSION>
<CATEGORY>600</CATEGORY>
<TONE>1</TONE>
</CODING>
</POST>
<POST>
<USERNAME>riverridzz13</USERNAME>
<DATETIME>[1:51 p.m.]</DATETIME>
<BODY>u sound nice</BODY>
<COMMENT></COMMENT>
</POST>
<POST>
<USERNAME>socal128</USERNAME>
<DATETIME>[1:51 p.m.]</DATETIME>
<BODY>thanks</BODY>
<COMMENT></COMMENT>
</POST>
<POST>
<USERNAME>socal128</USERNAME>
<DATETIME>[1:51 p.m.]</DATETIME>
<BODY>would be cool to show u</BODY>
<COMMENT></COMMENT>
<CODING>
<VERSION>Socal128.elkilmer.coded.txt</VERSION>
<CATEGORY>600</CATEGORY>
<TONE>1</TONE>
</CODING>
<CODING>
<VERSION>Socal128.rokress2.both.coded.txt</VERSION>
<CATEGORY>900</CATEGORY>
<TONE>1</TONE>
</CODING>
</POST>
<POST>
<USERNAME>socal128</USERNAME>
<DATETIME>[1:53 p.m.]</DATETIME>
<BODY>how old were u when that happened?</BODY>
<COMMENT></COMMENT>
<CODING>
<VERSION>Socal128.elkilmer.coded.txt</VERSION>
<CATEGORY>600</CATEGORY>
<TONE>2</TONE>
</CODING>
<CODING>
<VERSION>Socal128.rokress2.both.coded.txt</VERSION>
<CATEGORY>600</CATEGORY>
<TONE>2</TONE>
</CODING>
</POST>
<POST>
<USERNAME>riverridzz13</USERNAME>
<DATETIME>[1:54 p.m.]</DATETIME>
<BODY>this summer</BODY>
<COMMENT></COMMENT>
</POST>
<POST>
<USERNAME>riverridzz13</USERNAME>
<DATETIME>[1:54 p.m.]</DATETIME>
<BODY>just turned 13</BODY>
<COMMENT></COMMENT>
</POST>
<POST>
<USERNAME>socal128</USERNAME>
<DATETIME>[1:54 p.m.]</DATETIME>
<BODY>would u see me sometime?</BODY>
<COMMENT></COMMENT>
<CODING>
<VERSION>Socal128.elkilmer.coded.txt</VERSION>
<CATEGORY>900</CATEGORY>
<TONE>2</TONE>
</CODING>
<CODING>
<VERSION>Socal128.rokress2.both.coded.txt</VERSION>
<CATEGORY>900</CATEGORY>
<TONE>2</TONE>
</CODING>
</POST>
<POST>
<USERNAME>riverridzz13</USERNAME>
<DATETIME>[1:54 p.m.]</DATETIME>
<BODY>im here alone all day</BODY>
<COMMENT></COMMENT>
</POST>
<POST>
<USERNAME>riverridzz13</USERNAME>
<DATETIME>[1:55 p.m.]</DATETIME>
<BODY>brb</BODY>
<COMMENT></COMMENT>
</POST>
<POST>
<USERNAME>socal128</USERNAME>
<DATETIME>[1:55 p.m.]</DATETIME>
<BODY>i could come now</BODY>
<COMMENT></COMMENT>
<CODING>
<VERSION>Socal128.elkilmer.coded.txt</VERSION>
<CATEGORY>900</CATEGORY>
<TONE>1</TONE>
</CODING>
<CODING>
<VERSION>Socal128.rokress2.both.coded.txt</VERSION>
<CATEGORY>900</CATEGORY>
<TONE>1</TONE>
</CODING>
</POST>
<POST>
<USERNAME>riverridzz13</USERNAME>
<DATETIME>[1:59 p.m.]</DATETIME>
<BODY>back</BODY>
<COMMENT></COMMENT>
</POST>
<POST>
<USERNAME>socal128</USERNAME>
<DATETIME>[1:59 p.m.]</DATETIME>
<BODY>k, u looking for now?</BODY>
<COMMENT></COMMENT>
<CODING>
<VERSION>Socal128.elkilmer.coded.txt</VERSION>
<CATEGORY>900</CATEGORY>
<TONE>2</TONE>
</CODING>
<CODING>
<VERSION>Socal128.rokress2.both.coded.txt</VERSION>
<CATEGORY>900</CATEGORY>
<TONE>2</TONE>
</CODING>
</POST>
<POST>
<USERNAME>riverridzz13</USERNAME>
<DATETIME>[2:00 p.m.]</DATETIME>
<BODY>that was my lab partner she comin over at noon for our project but after that</BODY>
<COMMENT></COMMENT>
</POST>
<POST>
<USERNAME>socal128</USERNAME>
<DATETIME>[2:00 p.m.]</DATETIME>
<BODY>how long is the project for?</BODY>
<COMMENT></COMMENT>
<CODING>
<VERSION>Socal128.elkilmer.coded.txt</VERSION>
<CATEGORY>900</CATEGORY>
<TONE>2</TONE>
</CODING>
</POST>
<POST>
<USERNAME>riverridzz13</USERNAME>
<DATETIME>[2:01 p.m.]</DATETIME>
<BODY>she can only stay til 2 cuz she gotta party tgt</BODY>
<COMMENT></COMMENT>
</POST>
<POST>
<USERNAME>socal128</USERNAME>
<DATETIME>[2:01 p.m.]</DATETIME>
<BODY>coukod i come at 215?</BODY>
<COMMENT></COMMENT>
<CODING>
<VERSION>Socal128.elkilmer.coded.txt</VERSION>
<CATEGORY>900</CATEGORY>
<TONE>2</TONE>
</CODING>
<CODING>
<VERSION>Socal128.rokress2.both.coded.txt</VERSION>
<CATEGORY>900</CATEGORY>
<TONE>2</TONE>
</CODING>
</POST>
<POST>
<USERNAME>riverridzz13</USERNAME>
<DATETIME>[2:01 p.m.]</DATETIME>
<BODY>2:30 to be safe</BODY>
<COMMENT></COMMENT>
</POST>
<POST>
<USERNAME>socal128</USERNAME>
<DATETIME>[2:01 p.m.]</DATETIME>
<BODY>sure</BODY>
<COMMENT></COMMENT>
</POST>
<POST>
<USERNAME>socal128</USERNAME>
<DATETIME>[2:01 p.m.]</DATETIME>
<BODY>want to?</BODY>
<COMMENT></COMMENT>
<CODING>
<VERSION>Socal128.elkilmer.coded.txt</VERSION>
<CATEGORY>900</CATEGORY>
<TONE>2</TONE>
</CODING>
<CODING>
<VERSION>Socal128.rokress2.both.coded.txt</VERSION>
<CATEGORY>900</CATEGORY>
<TONE>2</TONE>
</CODING>
</POST>
<POST>
<USERNAME>riverridzz13</USERNAME>
<DATETIME>[2:02 p.m.]</DATETIME>
<BODY>totally</BODY>
<COMMENT></COMMENT>
</POST>
<POST>
<USERNAME>riverridzz13</USERNAME>
<DATETIME>[2:03 p.m.]</DATETIME>
<BODY>can i call u when she goes</BODY>
<COMMENT></COMMENT>
</POST>
<POST>
<USERNAME>socal128</USERNAME>
<DATETIME>[2:03 p.m.]</DATETIME>
<BODY>what is the address?</BODY>
<COMMENT></COMMENT>
<CODING>
<VERSION>Socal128.elkilmer.coded.txt</VERSION>
<CATEGORY>900</CATEGORY>
<TONE>2</TONE>
</CODING>
<CODING>
<VERSION>Socal128.rokress2.both.coded.txt</VERSION>
<CATEGORY>900</CATEGORY>
<TONE>2</TONE>
</CODING>
</POST>
<POST>
<USERNAME>riverridzz13</USERNAME>
<DATETIME>[2:04 p.m.]</DATETIME>
<BODY>u really gonna come over?</BODY>
<COMMENT></COMMENT>
</POST>
<POST>
<USERNAME>socal128</USERNAME>
<DATETIME>[2:04 p.m.]</DATETIME>
<BODY>if u want me too, yes i will</BODY>
<COMMENT></COMMENT>
<CODING>
<VERSION>Socal128.elkilmer.coded.txt</VERSION>
<CATEGORY>900</CATEGORY>
<TONE>3</TONE>
</CODING>
<CODING>
<VERSION>Socal128.rokress2.both.coded.txt</VERSION>
<CATEGORY>900</CATEGORY>
<TONE>3</TONE>
</CODING>
</POST>
<POST>
<USERNAME>riverridzz13</USERNAME>
<DATETIME>[2:05 p.m.]</DATETIME>
<BODY>u got cam?</BODY>
<COMMENT></COMMENT>
</POST>
<POST>
<USERNAME>socal128</USERNAME>
<DATETIME>[2:05 p.m.]</DATETIME>
<BODY>i got 1 yes, why?</BODY>
<COMMENT></COMMENT>
<CODING>
<VERSION>Socal128.elkilmer.coded.txt</VERSION>
<CATEGORY>200</CATEGORY>
<TONE>32</TONE>
</CODING>
</POST>
<POST>
<USERNAME>riverridzz13</USERNAME>
<DATETIME>[2:05 p.m.]</DATETIME>
<BODY>i dont got no x pics or cam</BODY>
<COMMENT></COMMENT>
</POST>
<POST>
<USERNAME>socal128</USERNAME>
<DATETIME>[2:05 p.m.]</DATETIME>
<BODY>want me to take some?</BODY>
<COMMENT></COMMENT>
<CODING>
<VERSION>Socal128.elkilmer.coded.txt</VERSION>
<CATEGORY>200</CATEGORY>
<TONE>2</TONE>
</CODING>
<CODING>
<VERSION>Socal128.rokress2.both.coded.txt</VERSION>
<CATEGORY>600</CATEGORY>
<TONE>2</TONE>
</CODING>
</POST>
<POST>
<USERNAME>riverridzz13</USERNAME>
<DATETIME>[2:06 p.m.]</DATETIME>
<BODY>totally</BODY>
<COMMENT></COMMENT>
</POST>
<POST>
<USERNAME>riverridzz13</USERNAME>
<DATETIME>[2:06 p.m.]</DATETIME>
<BODY>cant ask buds they think i m freak if i do</BODY>
<COMMENT></COMMENT>
</POST>
<POST>
<USERNAME>socal128</USERNAME>
<DATETIME>[2:06 p.m.]</DATETIME>
<BODY>i know</BODY>
<COMMENT></COMMENT>
</POST>
<POST>
<USERNAME>riverridzz13</USERNAME>
<DATETIME>[2:06 p.m.]</DATETIME>
<BODY>how long it take u to ger here</BODY>
<COMMENT></COMMENT>
</POST>
<POST>
<USERNAME>socal128</USERNAME>
<DATETIME>[2:06 p.m.]</DATETIME>
<BODY>like 30 minutes</BODY>
<COMMENT></COMMENT>
<CODING>
<VERSION>Socal128.elkilmer.coded.txt</VERSION>
<CATEGORY>900</CATEGORY>
<TONE>3</TONE>
</CODING>
</POST>
<POST>
<USERNAME>socal128</USERNAME>
<DATETIME>[2:06 p.m.]</DATETIME>
<BODY>depends where u are at</BODY>
<COMMENT></COMMENT>
<CODING>
<VERSION>Socal128.elkilmer.coded.txt</VERSION>
<CATEGORY>900</CATEGORY>
<TONE>3</TONE>
</CODING>
<CODING>
<VERSION>Socal128.rokress2.both.coded.txt</VERSION>
<CATEGORY>900</CATEGORY>
<TONE>1</TONE>
</CODING>
</POST>
<POST>
<USERNAME>riverridzz13</USERNAME>
<DATETIME>[2:07 p.m.]</DATETIME>
<BODY>**jay edit** mira loma</BODY>
<COMMENT></COMMENT>
</POST>
<POST>
<USERNAME>socal128</USERNAME>
<DATETIME>[2:07 p.m.]</DATETIME>
<BODY>a sec</BODY>
<COMMENT></COMMENT>
</POST>
<POST>
<USERNAME>socal128</USERNAME>
<DATETIME>[2:10 p.m.]</DATETIME>
<BODY>got it</BODY>
<COMMENT></COMMENT>
</POST>
<POST>
<USERNAME>socal128</USERNAME>
<DATETIME>[2:10 p.m.]</DATETIME>
<BODY>what is the phone number></BODY>
<COMMENT></COMMENT>
<CODING>
<VERSION>Socal128.elkilmer.coded.txt</VERSION>
<CATEGORY>200</CATEGORY>
<TONE>2</TONE>
</CODING>
<CODING>
<VERSION>Socal128.rokress2.both.coded.txt</VERSION>
<CATEGORY>200</CATEGORY>
<TONE>2</TONE>
</CODING>
</POST>
<POST>
<USERNAME>riverridzz13</USERNAME>
<DATETIME>[2:10 p.m.]</DATETIME>
<BODY>let me call u when she goes</BODY>
<COMMENT></COMMENT>
</POST>
<POST>
<USERNAME>socal128</USERNAME>
<DATETIME>[2:10 p.m.]</DATETIME>
<BODY>714 4251208</BODY>
<COMMENT></COMMENT>
<CODING>
<VERSION>Socal128.elkilmer.coded.txt</VERSION>
<CATEGORY>200</CATEGORY>
<TONE>3</TONE>
</CODING>
<CODING>
<VERSION>Socal128.rokress2.both.coded.txt</VERSION>
<CATEGORY>200</CATEGORY>
<TONE>3</TONE>
</CODING>
</POST>
<POST>
<USERNAME>riverridzz13</USERNAME>
<DATETIME>[2:11 p.m.]</DATETIME>
<BODY>shyt fone brb</BODY>
<COMMENT></COMMENT>
</POST>
<POST>
<USERNAME>socal128</USERNAME>
<DATETIME>[2:11 p.m.]</DATETIME>
<BODY>k</BODY>
<COMMENT></COMMENT>
</POST>
<POST>
<USERNAME>riverridzz13</USERNAME>
<DATETIME>[2:12 p.m.]</DATETIME>
<BODY>k sorry was her again</BODY>
<COMMENT></COMMENT>
</POST>
<POST>
<USERNAME>socal128</USERNAME>
<DATETIME>[2:12 p.m.]</DATETIME>
<BODY>ok</BODY>
<COMMENT></COMMENT>
</POST>
<POST>
<USERNAME>socal128</USERNAME>
<DATETIME>[2:13 p.m.]</DATETIME>
<BODY>will take me 45 minutes to get there, so call me sooner, if u</BODY>
<COMMENT></COMMENT>
<CODING>
<VERSION>Socal128.elkilmer.coded.txt</VERSION>
<CATEGORY>900</CATEGORY>
<TONE>1</TONE>
</CODING>
<CODING>
<VERSION>Socal128.rokress2.both.coded.txt</VERSION>
<CATEGORY>900</CATEGORY>
<TONE>4</TONE>
</CODING>
</POST>
<POST>
<USERNAME>socal128</USERNAME>
<DATETIME>[2:14 p.m.]</DATETIME>
<BODY>if u know she leaves at 2, call em at 130</BODY>
<COMMENT></COMMENT>
<CODING>
<VERSION>Socal128.elkilmer.coded.txt</VERSION>
<CATEGORY>900</CATEGORY>
<TONE>4</TONE>
</CODING>
<CODING>
<VERSION>Socal128.rokress2.both.coded.txt</VERSION>
<CATEGORY>900</CATEGORY>
<TONE>4</TONE>
</CODING>
</POST>
<POST>
<USERNAME>riverridzz13</USERNAME>
<DATETIME>[2:14 p.m.]</DATETIME>
<BODY>k</BODY>
<COMMENT></COMMENT>
</POST>
<POST>
<USERNAME>socal128</USERNAME>
<DATETIME>[2:14 p.m.]</DATETIME>
<BODY>what did she said?</BODY>
<COMMENT></COMMENT>
</POST>
<POST>
<USERNAME>riverridzz13</USERNAME>
<DATETIME>[2:15 p.m.]</DATETIME>
<BODY>they leavin now so i gtg but call u but 230 is kewl</BODY>
<COMMENT></COMMENT>
</POST>
<POST>
<USERNAME>socal128</USERNAME>
<DATETIME>[2:15 p.m.]</DATETIME>
<BODY>call mke at 130</BODY>
<COMMENT></COMMENT>
<CODING>
<VERSION>Socal128.elkilmer.coded.txt</VERSION>
<CATEGORY>900</CATEGORY>
<TONE>4</TONE>
</CODING>
<CODING>
<VERSION>Socal128.rokress2.both.coded.txt</VERSION>
<CATEGORY>900</CATEGORY>
<TONE>4</TONE>
</CODING>
</POST>
<POST>
<USERNAME>socal128</USERNAME>
<DATETIME>[2:15 p.m.]</DATETIME>
<BODY>so i can be there at 230</BODY>
<COMMENT></COMMENT>
<CODING>
<VERSION>Socal128.elkilmer.coded.txt</VERSION>
<CATEGORY>900</CATEGORY>
<TONE>1</TONE>
</CODING>
<CODING>
<VERSION>Socal128.rokress2.both.coded.txt</VERSION>
<CATEGORY>900</CATEGORY>
<TONE>1</TONE>
</CODING>
</POST>
<POST>
<USERNAME>riverridzz13</USERNAME>
<DATETIME>[2:15 p.m.]</DATETIME>
<BODY>i aske her again and she gotta be outta here by 215 no laytar cuz her party is at 3</BODY>
<COMMENT></COMMENT>
</POST>
<POST>
<USERNAME>riverridzz13</USERNAME>
<DATETIME>[2:16 p.m.]</DATETIME>
<BODY>we just wait til last sec to do this and sux</BODY>
<COMMENT></COMMENT>
</POST>
<POST>
<USERNAME>socal128</USERNAME>
<DATETIME>[2:16 p.m.]</DATETIME>
<BODY>k, so call me at 130, say ok, anfd i will leave</BODY>
<COMMENT></COMMENT>
<CODING>
<VERSION>Socal128.elkilmer.coded.txt</VERSION>
<CATEGORY>900</CATEGORY>
<TONE>4</TONE>
</CODING>
<CODING>
<VERSION>Socal128.rokress2.both.coded.txt</VERSION>
<CATEGORY>900</CATEGORY>
<TONE>4</TONE>
</CODING>
</POST>
<POST>
<USERNAME>riverridzz13</USERNAME>
<DATETIME>[2:16 p.m.]</DATETIME>
<BODY>waz ur name again?</BODY>
<COMMENT></COMMENT>
</POST>
<POST>
<USERNAME>socal128</USERNAME>
<DATETIME>[2:16 p.m.]</DATETIME>
<BODY>u ok with giving me your number too?</BODY>
<COMMENT></COMMENT>
<CODING>
<VERSION>Socal128.elkilmer.coded.txt</VERSION>
<CATEGORY>200</CATEGORY>
<TONE>2</TONE>
</CODING>
<CODING>
<VERSION>Socal128.rokress2.both.coded.txt</VERSION>
<CATEGORY>200</CATEGORY>
<TONE>2</TONE>
</CODING>
</POST>
<POST>
<USERNAME>socal128</USERNAME>
<DATETIME>[2:16 p.m.]</DATETIME>
<BODY>robert</BODY>
<COMMENT></COMMENT>
<CODING>
<VERSION>Socal128.elkilmer.coded.txt</VERSION>
<CATEGORY>200</CATEGORY>
<TONE>1</TONE>
</CODING>
<CODING>
<VERSION>Socal128.rokress2.both.coded.txt</VERSION>
<CATEGORY>200</CATEGORY>
<TONE>3</TONE>
</CODING>
</POST>
<POST>
<USERNAME>riverridzz13</USERNAME>
<DATETIME>[2:16 p.m.]</DATETIME>
<BODY><-------luke</BODY>
<COMMENT></COMMENT>
</POST>
<POST>
<USERNAME>riverridzz13</USERNAME>
<DATETIME>[2:16 p.m.]</DATETIME>
<BODY>u bring brews?</BODY>
<COMMENT></COMMENT>
</POST>
<POST>
<USERNAME>socal128</USERNAME>
<DATETIME>[2:16 p.m.]</DATETIME>
<BODY>sure</BODY>
<COMMENT></COMMENT>
</POST>
<POST>
<USERNAME>riverridzz13</USERNAME>
<DATETIME>[2:16 p.m.]</DATETIME>
<BODY>i love brews</BODY>
<COMMENT></COMMENT>
</POST>
<POST>
<USERNAME>riverridzz13</USERNAME>
<DATETIME>[2:17 p.m.]</DATETIME>
<BODY>sweet i got money for zaaaa</BODY>
<COMMENT></COMMENT>
</POST>
<POST>
<USERNAME>socal128</USERNAME>
<DATETIME>[2:17 p.m.]</DATETIME>
<BODY>after u call me, will take me 45 minutes remember</BODY>
<COMMENT></COMMENT>
<CODING>
<VERSION>Socal128.elkilmer.coded.txt</VERSION>
<CATEGORY>900</CATEGORY>
<TONE>1</TONE>
</CODING>
<CODING>
<VERSION>Socal128.rokress2.both.coded.txt</VERSION>
<CATEGORY>900</CATEGORY>
<TONE>1</TONE>
</CODING>
</POST>
<POST>
<USERNAME>riverridzz13</USERNAME>
<DATETIME>[2:17 p.m.]</DATETIME>
<BODY>i dont got no rubberz</BODY>
<COMMENT></COMMENT>
</POST>
<POST>
<USERNAME>socal128</USERNAME>
<DATETIME>[2:17 p.m.]</DATETIME>
<BODY>i do</BODY>
<COMMENT></COMMENT>
</POST>
<POST>
<USERNAME>riverridzz13</USERNAME>
<DATETIME>[2:17 p.m.]</DATETIME>
<BODY>hot way hot i am so boned</BODY>
<COMMENT></COMMENT>
</POST>
<POST>
<USERNAME>socal128</USERNAME>
<DATETIME>[2:17 p.m.]</DATETIME>
<BODY>when i get there, just ring the bell?</BODY>
<COMMENT></COMMENT>
<CODING>
<VERSION>Socal128.elkilmer.coded.txt</VERSION>
<CATEGORY>900</CATEGORY>
<TONE>2</TONE>
</CODING>
<CODING>
<VERSION>Socal128.rokress2.both.coded.txt</VERSION>
<CATEGORY>900</CATEGORY>
<TONE>2</TONE>
</CODING>
</POST>
<POST>
<USERNAME>riverridzz13</USERNAME>
<DATETIME>[2:18 p.m.]</DATETIME>
<BODY>im not allowed in living room dining room andmy friends gotta use back door cuz rug is like some fuckin gold thing so just come round back and comein slidin door</BODY>
<COMMENT></COMMENT>
</POST>
<POST>
<USERNAME>riverridzz13</USERNAME>
<DATETIME>[2:18 p.m.]</DATETIME>
<BODY>i call u at 1:30</BODY>
<COMMENT></COMMENT>
</POST>
<POST>
<USERNAME>riverridzz13</USERNAME>
<DATETIME>[2:18 p.m.]</DATETIME>
<BODY>gtg</BODY>
<COMMENT></COMMENT>
</POST>
<POST>
<USERNAME>socal128</USERNAME>
<DATETIME>[2:18 p.m.]</DATETIME>
<BODY>k, please dont stand me up, lets do this</BODY>
<COMMENT></COMMENT>
<CODING>
<VERSION>Socal128.elkilmer.coded.txt</VERSION>
<CATEGORY>900</CATEGORY>
<TONE>1</TONE>
</CODING>
<CODING>
<VERSION>Socal128.rokress2.both.coded.txt</VERSION>
<CATEGORY>900</CATEGORY>
<TONE>1</TONE>
</CODING>
</POST>
<POST>
<USERNAME>socal128</USERNAME>
<DATETIME>[2:19 p.m.]</DATETIME>
<BODY>714 42351208</BODY>
<COMMENT></COMMENT>
<CODING>
<VERSION>Socal128.elkilmer.coded.txt</VERSION>
<CATEGORY>200</CATEGORY>
<TONE>1</TONE>
</CODING>
<CODING>
<VERSION>Socal128.rokress2.both.coded.txt</VERSION>
<CATEGORY>200</CATEGORY>
<TONE>1</TONE>
</CODING>
</POST>
<POST>
<USERNAME>socal128</USERNAME>
<DATETIME>[2:19 p.m.]</DATETIME>
<BODY>714 4251208</BODY>
<COMMENT></COMMENT>
<CODING>
<VERSION>Socal128.elkilmer.coded.txt</VERSION>
<CATEGORY>200</CATEGORY>
<TONE>1</TONE>
</CODING>
<CODING>
<VERSION>Socal128.rokress2.both.coded.txt</VERSION>
<CATEGORY>200</CATEGORY>
<TONE>1</TONE>
</CODING>
</POST>
<POST>
<USERNAME>riverridzz13</USERNAME>
<DATETIME>[2:19 p.m.]</DATETIME>
<BODY>dude i am so boned</BODY>
<COMMENT></COMMENT>
</POST>
<POST>
<USERNAME>riverridzz13</USERNAME>
<DATETIME>[2:19 p.m.]</DATETIME>
<BODY>gtg</BODY>
<COMMENT></COMMENT>
</POST>
<POST>
<USERNAME>socal128</USERNAME>
<DATETIME>[2:19 p.m.]</DATETIME>
<BODY>hiow big are u?</BODY>
<COMMENT></COMMENT>
<CODING>
<VERSION>Socal128.elkilmer.coded.txt</VERSION>
<CATEGORY>600</CATEGORY>
<TONE>2</TONE>
</CODING>
<CODING>
<VERSION>Socal128.rokress2.both.coded.txt</VERSION>
<CATEGORY>600</CATEGORY>
<TONE>2</TONE>
</CODING>
</POST>
<POST>
<USERNAME>socal128</USERNAME>
<DATETIME>[2:19 p.m.]</DATETIME>
<BODY>i will bring the camera</BODY>
<COMMENT></COMMENT>
<CODING>
<VERSION>Socal128.elkilmer.coded.txt</VERSION>
<CATEGORY>900</CATEGORY>
<TONE>1</TONE>
</CODING>
<CODING>
<VERSION>Socal128.rokress2.both.coded.txt</VERSION>
<CATEGORY>900</CATEGORY>
<TONE>1</TONE>
</CODING>
</POST>
</CHATLOG>